code,url
jcy69jl,"https://www.google.com/search?sca_esv=aefbd55d9f72913f&rlz=1C1CHZN_enIN1087IN1087&sxsrf=AHTn8zrYIeVC5tU8FAOpFOXDnrng1wkKlg:1747999595191&si=APYL9bs7Hg2KMLB-4tSoTdxuOx8BdRvHbByC_AuVpNyh0x2KzeiM4pHP7QG5LTz7eCZrcDxGi44ZXftsrN-Alqqf-Ldx9lXjs83psWumrf9NgDmByDlDLKww-XDKPcOL0vgkU_Ou5_u-FrIJ1FCEBLgtBjdQE_Fwv0v6cOs6Htm-4p4uncXCiqA%3D&q=Yuva+Speciality+Clinics-Skin,Hair+%26+Chest+Reviews&sa=X&ved=2ahUKEwi5m8H3vbmNAxWGzTgGHRXVFLIQ0bkNegQIHxAD&biw=1600&bih=773&dpr=1"
naj38lj,https://www.google.com/search?client=ms-android-vivo-terr1-rso2&sca_esv=f9f1a50abb3c6f24&sxsrf=AHTn8zrYPUJF-4Hqh1LsYGEAL7UDp7PClQ:1747206902993&q=skin+and+beyond+clinics+%7C+consultant+dermatologist+and+trichologist+vanasthalipuram+reviews&uds=ABqPDvzo1u3ipG6I2PCbn5hB8G3p2rcmfMBjW1qBirXilWYVP77NLwRTrTOZ6HTJp7kr2n9gWGNi0iiiBpJwuP28ggkyvBRWdtzWxUsKIiJW9SJs1ED0jLhFPRcNvc5T4OJUC2pb69xghL0ztllm51Sz2YNuOBdH1-tDGtuGoSoII1hmKICCchifGrrT0mWByS_ehrW4DY4rFBuMUQST0ojmANLbeI-s0wkjW4KighVVXtm4OYCRDr5EVe8oJs6NV1LIjFODD2aUp17u44WbUv6zALxK7TVNokXV41BR3NeKUUioNXVYQnfluBib2pw4CsdqS0skqqBXS_OzgzNQAT9-8fNtKBljP9WAWbiivXS3dDkyfrxXSw7X3YILdiVUszRXPVHrnNLnpQRUZ4bcDfg_Q_kTssk49uaXXJ7mBzBuyex5uxqluWWCMr-E01CzLOd_-6ie4KyCZZonUvNncaZCao6vgXg5Ze53kA8NxCIbLOYSz7puxwtiLVdDfUqcwx3RZeba1Yx50AJTO4E3Jhw4H0pu1H0dNy9DRUm2YrOLvfHFbpmS4lA&si=APYL9bs7Hg2KMLB-4tSoTdxuOx8BdRvHbByC_AuVpNyh0x2KzeC4Or6c86sJ6EQti2Wn-WBoToxfYGjqbGawj6Uha2CRRaOgiAb-W0npe-UJzQ9ZoUv9hONRbnGP2lqte2XTidqAqwkB-4MjejBMNnFBWOkg8bL3n0ngiU5GjqhYmcO7JDQpo-uNVPbQ5DpkIQH0tV4AVLaEGc9OGUP3mPb9cTTH7zgYXIsLB4vm1XlimKJ90Ica6K0%3D&sa=X&ved=2ahUKEwjo_7T2tKKNAxUwZ_UHHbk8AMcQk8gLegQIIhAB&ictx=1&stq=1&cs=0&lei=9kIkaOisPLDO1e8PufmAuAw#ebo=2
cwd17mg,https://www.google.com/search?sca_esv=aefbd55d9f72913f&rlz=1C1CHZN_enIN1087IN1087&sxsrf=AHTn8zr-bBKoI675iolLhkllxWRpflTn2w:1747999723754&si=APYL9bs7Hg2KMLB-4tSoTdxuOx8BdRvHbByC_AuVpNyh0x2KzdLACG96DjDeMt6y__UEwzK9_yPahIJzdLMJyZsuKf5njy2Vc6DaBJ8DEr0a_MRFvHIf1W-fXHkMOiYux8wP8wKRZbRLgZ6k8ShYm_wzZex9a1EefZN9f_ZwPKyGwT9jDDuQzsdme5BmGECSINQjLg4Vmafl&q=Lakshmi+Sai+Gastro+Heart+Skin+and+Maternity+Clinic+Reviews&sa=X&ved=2ahUKEwjj9-e0vrmNAxUQ3jgGHcjGNhwQ0bkNegQIKBAD&biw=1600&bih=773&dpr=1
vpq42lt,https://www.google.com/search?sca_esv=b274b634e924a6d0&sxsrf=AHTn8zoG2xcJpx6zUGmto0Jxcf31f03-Zw:1747207195541&q=dr.+revanth+hair+clinic+reviews&uds=ABqPDvzFTQ96k4l8K5_QnuOyZ10LY3PNLIBVJMdEQ6dR9Uw11LjLdjUe-iQu_vLyFOER8pMY9FEc87hbHk8H5G7F6J4B1SEFcy1FvEEBdcJdSSTCEndAaQIgBIgsUt5yTWN6Fx1Ef9X0EIl1QRMjQ6Mn5couV9wcbu_I2MS-ip4FtIpWBSKyNUoeY3Twmy-IfcaArryh8I_NPhbWEIusvSwBX9SQ_loBvmUJCBS0hoaIrP95NY4yuiAUTbJRISI9dmHlGpZUV_AEzmX7otAUyZ5wp-pf3oX2MJN3Om7SeCf0fIK2UQqDAkoMAvE3U1_eEgc74nf_4injJERd6ZGDip_krQhfc2qhNcXlyXmnlOeYtiQt6TgJiE3L-UjnFavYqbHTdYVlhvyITnYHnGQiKLtY0Q7neSQX95ApiZf3te4jFWKy48oOONsov7pK5OuTlX8KOSAuG8XpQx_VABgsD87cl_niDCY9f12pSJqrubZBtpUuATzhnhA_RwNGfCVSvvSmSa2i9CKKHf_ljKykXPiOQIFGQex6FiwPudB92Zne5TC-PaeR7RWnQZ_RpaTu79HgPWqfxC5Ygjw6ihfNse1H_9ymduQ1Qw&si=APYL9bs7Hg2KMLB-4tSoTdxuOx8BdRvHbByC_AuVpNyh0x2KzRLg-Yn-ewipCdefcEGMsG0ATzXgGmYrV3caRm-3YXTadRZIZJcvJC3aF4KdVVHmcDVwc4kCU0Ei2g9mi_XCKbNW0MfZEWh02Zs-EFjdzRUfecrbow%3D%3D&sa=X&ved=2ahUKEwjX5vSBtqKNAxVaa_UHHTbTGDcQk8gLegQIJRAB&ictx=1&stq=1&cs=0&lei=G0QkaJftINrW1e8PtqbjuAM#ebo=1
nss73ds,https://www.google.com/search?sca_esv=b274b634e924a6d0&cs=0&sxsrf=AHTn8zpHIwCGiNq3lNyGqK-vM1y6oBJotA:1747207500683&q=dr+suhasini+dermatologist+healthcare+clinic+reviews&uds=ABqPDvxv0N-6C1zH_LgYWA-8uIGtjNjHuQgaBtfmbP3_VhKMUHsqjUKIOeXm2dssQW5GklB5xCwHancDRQpxXJY6HqzMOGBtae4jXPCuWVZtVhaIGLHDu13PSK3TnEQjXbDsUPW3Lmlb-DMC_quUYMK6nhqc0g1g9Bc7n8O43YTZSuJGuis-CyhrBG_3I9xqB29qtFp_Uk8E3_rE84F8Ri7NoxsuqGsh0gDljMtck4jSgxSeEn-3yPxbpgJho-_t2wEgVltP1ddtCbAFui8egJKAN8QYrLjXWc2l03B7-JhblEODu4Hr-fxsRQGTKck1CNjmX9Qol7NYDtVKCNjhWrVdk1DW5MGsxZdTrvH_AgSMbLCAxMoTmPiqFz6MSx6XvXkvr_j-KTyNmnff1cQZWU1S5RXXwemyquw5W_99AE6tkORy4xxcX5WMnrClXgV4V94hLukfgsXl3wR7cQpQA-i4nXVMlkNvuDvEGLofeeY3kmalMy0fxMIptsUNOglf2oGYFNs1TZHRU79K2rUJmpeN_So25k71hGNv-onq3-tMEcg-_ZHM68tN1sHgcFCMkBpI-rl84EmL&si=APYL9bs7Hg2KMLB-4tSoTdxuOx8BdRvHbByC_AuVpNyh0x2KzXGqvPcCYBX9gwKgO2CAI0SGOwLVMV-2OaKlFsAuTmxR3S0hcrnkxJGkQRbpdiptEfPPKCc6-fOuRCYasipxlniFh5EuxxW9NYDrAMoJyZP5-d0wltiMt3nFTw8gN5oKuhpABQ8%3D&sa=X&ved=2ahUKEwilmLWTt6KNAxXPZmwGHXoUA3gQk8gLegQIJBAB&ictx=1#ebo=1
mdz41yu,"https://www.google.com/search?sca_esv=9cd1ea0063f7ab85&biw=360&bih=640&sxsrf=AHTn8zoGFG6mDYmGO0fxph4vq5hQtxjaWA:1747207562445&q=rs+skin,+hair,+laser+clinic+and+pain+management+clinic+vanasthalipuram+reviews&uds=ABqPDvwETzUD4USVNaD77aoulGbXohD0CGcPDkeTnui2GpDUDP1pH8qU3ewzLnGX_BXQAEsR6jklRTY50KfzyyCSr7zCWBh81AcZ__6YZy8y83INA55YlZSChiAYKtxX_E0-0XshbIw8dUTgWU-4nWjHrZGdSezAL_x46v6unA_dyCSIIkoTvspe4_c1Ck-2DOgnQJME_YWadNK_byvTKRN4NxT95P0jx1dlElDLfRKadKITrtpYSF0l0EEAwHi1SGdOV1B_tXXADXirQQfWHn-cyRWC0iPy2dLo9X7sN9LU2ixBBaLyAV83TL8VYtMFPg2DeXaPYzIiuC83lN5PCbcHkyrxpaLPBscxpARsVv1aXSXdt_HxGWY55e-lEyptH5hc7b7IevRen64JSePPKLaB48lf7OSik0VmXj0FvsH8UUHG8QZw0dLzUbHvV61gtM7D4k3AbSnfaSGHzZ4VPDoICV2DkDkZZ3pQymCpqRkpTRtk3slgzYaLTPC-o_UCSsWCJb_K4mkD5XcV-c4KDIZuAPtqym-tcoM0qJj4FDy2yKV1YE0SEhVYA4B3VIcxIRTyLLbXEN8oW76T2nPETOykuimlvPpmPQNi2z1IRmg8QstHYSuEDDY&si=APYL9bs7Hg2KMLB-4tSoTdxuOx8BdRvHbByC_AuVpNyh0x2KzRmEL1M6IgbbO93T3ALuKUj1mf-XuA-KAcmlB6_UZUXiabG0jHn3A7TEhF0YqW3XGboZGLmu0Dv_2uDcaELm8sIThccDCuobVW88A0neRz_YOEq2gBmrpVkprfZ1xoWw7Lb5sliy69eVrX9hD0UgcIVU5ue9oajeJqzkRglazQH8UHXu4w%3D%3D&sa=X&ved=2ahUKEwiP7u6wt6KNAxW4R2cHHQgFLzcQk8gLegQIJhAB&ictx=1&stq=1&cs=0&lei=ikUkaI-BG7iPnesPiIq8uQM#ebo=1"
our19fy,https://www.google.com/search?client=ms-android-vivo-terr1-rso2&sca_esv=f9f1a50abb3c6f24&sxsrf=AHTn8zr2_uGS0GqmlveEDGcD8adowTtnqQ:1747207666884&q=dr+satya+skin+and+hair+cosmetic+clinic+reviews&uds=ABqPDvxwD8MYGCoREsZLMXxc8C4hRCX91kJiHCDEZ9xpLpxYpqh3RPyGdR2I5eLUgO_rGwcxLHzD4zYZxE3J0mcIzsqbs7hvv8M30Ge74GuU2dgc1cSApvJWMO-6PZrJcyN9XWguQc9UEGlCBZI8jpZ7QskK9-WPAZ7qEW640SDPcLW-pJyen7NA-ts2Xyl8v9uho1i_6G7_pJWR9wUgYafkT2Xp1A7CcLL8wLC3zh2ENRi2MJHzEUvotLIMGnNtmI7DvbK3aFmYapu2LHI4drHuJ6J45wEwRib3ibgc4_SyBgI05P_cC9hf_vOIiXBabzAHmTcldPQQj4WIHlxwYF8Lk9CdC0NkDJ__rtnmgbc11yn-gn04u413TmYndTxahwwyVjtbkf0pI0rKeO5BJmlG20nyG20b1tv4c0jr4bM3nY0XX9lfFAdF6Xk0NnGF5jUGI4TFUjiEezNjCfIDYCqKtoqLUt0yVD9cAicntKcOeEOGt0BcHHAHim4fo7FnDXhdq-H9z6yW&si=APYL9bs7Hg2KMLB-4tSoTdxuOx8BdRvHbByC_AuVpNyh0x2Kzbkhs2HOZEtXMi_0AaObv1oIvWMBpuduRea72wZgTdt2Qxp-xFlB8G2kuCscOU1IQSB4t-EUbfHVDYC7khla5ZbVZBRpRx5b-T-d3EkjHLCKlSOmqk0YX7xJew3XiwQUrRM4ZI8%3D&sa=X&ved=2ahUKEwjZotXit6KNAxUBS3ADHXG2JhYQk8gLegQIIRAB&ictx=1&stq=1&cs=0&lei=8kUkaNnhNYGWwcsP8eyasQE#ebo=2
nvn98cp,https://www.google.com/search?client=ms-android-vivo-terr1-rso2&sca_esv=1c525e0389ef8c5d&biw=420&bih=855&sxsrf=AHTn8zr7qnUjyB0cG1x21Zyupv1youFozA:1747207726321&q=sri+bhavani+skin+heart+and+general+hospital+gajwel+reviews&uds=ABqPDvz0uZQfiC-zMA7dNNAiybxx9ty5TTsIwVx-3zAOlmFAsaMZLtl1KJnFtceazIxurm3IcD7HHYVdDx-4U8L6yQivwJfDJL3Aan_yUyyWlkXohxnWv7xoUNjQXrzXdFyHhGgmKuHDMccse_2Q5oO8V_VPGTth5aoubYuc37DOq7EiGmtTyEy1K9uQ0DdzwYLWpifW4bxzUFVavsrJ4eQnpGd8kvyMXFSQFhomZCL0d8RYfDDlY09TQPldQsTBH59Zn0Yhomw1eSq2fpc0l9UjaKKWXtEj8IehRrGSHyNrkfLPl0hqi3q4m4uT0nPoreYDiGjWC2Wxb1LoCaA4AEBOHwaNG27XdCz5NQhB2AscoEEOYMRT-9N-ZZAIGnc4RzVF8kIzRZvZpAaUOSEPu8nJScaS2ruFKw&si=APYL9bs7Hg2KMLB-4tSoTdxuOx8BdRvHbByC_AuVpNyh0x2KzV_kVRc_wg-7Klz9-01wnDh9D1XLJhVBNp-nnV5kSmsjxiKB5DqgcB13vu-WdaxGYJK2sVjL_bs5wgY3rKBG4jvu-MSjD_M8Nt-U9McEs3q6nqqsePuJ3RPzvYNgRKkhl4I6Nx5VYOO3g-3Mntu1uzp6giXQ&sa=X&ved=2ahUKEwiAiIH_t6KNAxXpTmwGHbrYCtcQk8gLegQIHhAB&ictx=1&stq=1&cs=0&lei=LkYkaIC5E-mdseMPurGruA0#ebo=1
wws82as,https://www.google.com/search?sca_esv=1c525e0389ef8c5d&hl=en&gl=in&sxsrf=AHTn8zqjp-iIpsFWmuyfTyfZVmUo34_jCw:1747208162558&q=derma+space+skin+and+hair+clinic+reviews&uds=ABqPDvzlamiEKu0cLp-23D4us-PM3GWAan6x-QtUqkLdY9QCRCpPexVt5jMs6s_-1V8xt782LLHEUoaPpOxeZIhYCQkHLEdzjP8iE-2o6SsxU3Pdl4XcrkLHrgw9vstevAi4A-EAm58Oo0xlJxMOrLamEENROtSke2vWsqhGM4Pr6NjXIfyRQ4DXoB35qadWQIg1B0WrEng446MmtFTl2ofZR42xC7VsnySexW9Y88hRoqpIBhEGyvMzYckW5aJ7zhYsxPN9ZW77N3V8WNLshCiIBzxk1L2gkYj7su9mqardCWWDJpDWaynEtt69b7-TIU6WsXvJmooFXL0d3DNleVBE-YmKGI6auaL-HPnUJLlzl4nipxF-PY_77sKd4ZzO024BqpY4A07d7KMvLn5ErFF2fxlKmEnAu5VdD3pkH2sSxBnNjklIOBw4Nc7TDtCmGISQRhLNbsk7f8TTqvdOkKG2ZNi5eDMc2-PIlPl3QCrdyeOwJFtVkjvVQv02FqikaVUtDozdIeeOGBS7cum2pMSPmt9X9MjHM0hy_KQMv3Pqd97etU0cTXQ&si=APYL9bs7Hg2KMLB-4tSoTdxuOx8BdRvHbByC_AuVpNyh0x2KzRvusMIOlm-46UZJvIKGQEFS8IK929QgaCVAXcGt-9wx6mEI2VQ-YE99FABXxCpKJgvMSaudP5TcDaCWEipyOmhyOvoDEMVxIcOMXinJV6I7Qe4yejEu2Fq1NdJveyDf1eo0jfQ%3D&sa=X&ved=2ahUKEwiv5oLPuaKNAxX5cGwGHSovCwQQk8gLegQIIBAB&ictx=1#ebo=1
uoi35vm,"https://www.google.com/search?client=ms-android-vivo-terr1-rso2&sca_esv=1c525e0389ef8c5d&sxsrf=AHTn8zqHRkAEc-AV8Ne33bVfucahoOMyNQ:1747208241217&q=dr.+t+n.+rekha+singh+skin,+hair+%26+laser+clinic+-+malkajgiri,+secunderabad+reviews&uds=ABqPDvx8dkqEm_nyEiV7c3Qgv-PeSASW1Kk1v4_fuKufpLGaEZxjSEJZd6Y2lp4J2MN6yV07BNsFCvb3LWKCxR1FFwo6dh3tKbekRooy65LJxwf9WrsNGDG7Ft9luJ5pBcjLMy4a0JRoODUgaBGrWyfuLfEbwkdEKliu-u-RoA7IKGFinjyQXWddIPRRYW4TCFzikDrVED84ATajWzbidbgc0T3ngolKkqpuKI3yVF7zzbMMSaJQmfa3gKkA1k_erJ9eZOtW_G0ejIlFHOyJ5gXAgfXJ5FcOBk1OqEhHTMa23LXom7mPUTNz7iCEMDHIvx_C4OTnI5DzOs_Vwdpg0aEeWNLzoNGzh2bEpzM8YOLrm1OzwwGBGXUKESAinazT1WHuy_fXzTPHELZhlmivFQQSpeSThZ148rOWyAVpvK3NygWUlBN4QRv6fjQX6xD4dIbixZrfTouTEzdDQrMj3HSxFZwjJvVKVg&si=APYL9bvoDGWmsM6h2lfKzIb8LfQg_oNQyUOQgna9TyfQHAoqUsKRLGJskHxvG8gpDZu2y8F1PsJgd0UxW95LwC7QBf63ABnpLnaX1S8gVZGBlCh5ogrHFVemeTFoIRPU8OBOkWDbsN0QJtLY9JkAdxGv3o9VLyEqW4jl3ReXA28I3b6oSLk36hSDoTlBXjDZDQoFW6Vvr9HhbaAlqxebDDd8MzUgVsYx5Q%3D%3D&sa=X&ved=2ahUKEwjX6MP0uaKNAxWia2wGHe5ZFAkQk8gLegQIIBAB&ictx=1#ebo=1"
qmc45ed,https://www.google.com/search?client=ms-android-vivo-terr1-rso2&sca_esv=1c525e0389ef8c5d&sxsrf=AHTn8zqGM1JhckMvzVEN6eIMiHkbucOBiw:1747208499677&q=dr.+kamal+jhamnani+reviews&uds=ABqPDvydLAXAbIk-hNaYUoahhP8P_uvrhe6x8O9974I6Imx2Lyuv61zSvXrnudV6-iOq0jNpQGUnnjP-45GIFc4OaUAVi1A7-RVSeFD7dFCcSRBKCV4y7jUZp8BPwG-aA7yxIXb3opnqkR4HaEMoB8IGsrcbaGMjNILdiKSYGNJmbgCfxL9wzpNX6YLahZCr5X-M5zO2Mea5qSwh2jZiLt8eqybBM4FHTpJXmH98oQkp95qQXsyYxaiE3DoC3vL6-xp0icmZIzMpt2fCWz5Y1MNLJ23IsJmFIsJFRPhsqkUqDepHv-QLUPhAIN56rajGJmctCYVgiFUsFB36tSCDbBgC8ekzExOwYVFnjjUIfARu2W1OhRywhZTahlta5-OVtT-O_tpyrcAUGH4U4DmAgE5HS5opuMkYNyxeoP36ni5ibX70ddduRUQOmBEt59Rn-072obHILwCYWhyTmSY81EHGbKXSJxdh0Q&si=APYL9bs7Hg2KMLB-4tSoTdxuOx8BdRvHbByC_AuVpNyh0x2KzX5qxNrWIhM7zHYWOk0KQkqaKUS366rt-mIjB2WHBU91Z08fDFwFBxtsofbPo19U2QNp4SYyCfcWAFaiTnFLwNbtR28AoEU_4ZrmDBn6pr-7xRUGHg%3D%3D&sa=X&ved=2ahUKEwjM9OLvuqKNAxXqXWwGHXqnEscQk8gLegQIIRAB&ictx=1&biw=360&bih=648&dpr=2
oaz82qf,https://www.google.com/search?rlz=1C1GCEU_enIN1160&sca_esv=008f9e8726f85704&cs=0&sxsrf=AHTn8zqLOUfux_yxIwUr9VaVOSBXRcHO5w:1747208576893&q=tskin+dermatology+clinic+hyderabad+reviews&uds=ABqPDvyjJuMoUIXb0-SjJvAK9JhOjfYxMuEmWFdugO_P940i7ha9UargTVpkZjfYXTmPpP9DUYdkDVFIu5loR8uVaZ5iPly26uYcpnZ4ZTdfMb9A1lmhfuYZP_L-Sqm04C8sEz0dSMLIm26pXs7W07zKsbndRmvvoMHcbVJBFu9b1py676E9GzdLNHesWk2igK1YI-VqBAY3-Lr4HUiqnmsciGohiku7szZZOr1IAz7pKUggOwHU00AVfR6Uk0mk-gDAFp-tldYnUfXYJDCNRG2etw4npdlNN_f104ZGRtzayzwYWXiQwtTTCm1hwSr0wOfuiFEskTjJhhH7WjsJyybzdC5VWgJ8yKhDoyyoZzHjg427sCH3Bwjbu8inCSMfQ3Ru4_hTFw6duzYvQ26-dOXOfbyxSihE-YcIyi6gZNR7rhAcESwfI9zWxbWYanQE9Hqi2iJGzeGe3vpCDP78Ka-hzoG0pgE-1D3AmMa6qiCeNjjYgAGbo4k&si=APYL9bs7Hg2KMLB-4tSoTdxuOx8BdRvHbByC_AuVpNyh0x2KzdGd8Ps08XRjela5TNKkEjAkw98QILflUDsMSTohzRcEU_6hFJxbyH9r9tZgz79YwQY5Q9ona2Ms72Zf54nQ6mOPQKG5--O4RFtA3XgpoXWxwPXqy49Jn80za3-Ki03zw02ann4%3D&sa=X&ved=2ahUKEwj038uUu6KNAxWER2wGHVgEN4gQk8gLegQIIBAB&ictx=1#ebo=2
zea95mq,https://www.google.com/search?client=ms-android-vivo-terr1-rso2&sca_esv=1c525e0389ef8c5d&sxsrf=AHTn8zpQVjg_JHivoATg56DSX6JLBYjOCA:1747208655526&q=dr+chinmai+yerram+reviews&uds=ABqPDvyp-8GcilQC17erySnZFIzNkYjxezkElS0NXClLgWbdVcy6XtZKRFnsQcY6SCdDgKR7ZYfIbVT3adJQf8QxcEVLueMr95rPXQW4sG8GWYP7l0jEdFW0itdp1taloZpxBgJ7o91wgTyQ9Wtu1AZvHP-xvv62jTxqzfGKG4h698LovSk2LU0drekww-fZzf91O1_Jus91IunV7X4v4LcKBcb8weyODYSusJfe_sZQNp2QOga_8y8aXZWTBC2OiFUIf4T01GH_LwtvD2d0wVNHLubCqH2Tx-nbilhA71J93K2E0SWTt8NCvKGIN9-d4p9rL-gBcYCX2CIOCFqLzeMenWLjclL1Go7sJ3lUWcwFjLWrgggK1z-tbNHMZDTdMAK2h9_3fP9QjzPYqIVKd6eY4-UTdp7x6AGW2G9goqlqFdsT986GXUJx60jlePxE4SYvx1855K5nz97EIcZ8brhTWjJ0XWnpeyt3u1uxzR_nrykCCtMJjWNtnxI7JJFvOaEPS-grjB6ZK-bd-o6U8VM53VXPAEyTfg&si=APYL9bs7Hg2KMLB-4tSoTdxuOx8BdRvHbByC_AuVpNyh0x2KzaHAopUJM2X7VAfDfWWHzIbiihmSiQH5ovnaYDss0Ov9SJrotk0PZ9V8-poq1N0xS374MTweVF-gDikP8imM9oKpbWH-uPRkmYITf1MmsN7YPhQf6w%3D%3D&sa=X&ved=2ahUKEwj4m4u6u6KNAxUPSWwGHcBTJ7YQk8gLegQIIxAB&ictx=1&biw=360&bih=648&dpr=2#ebo=2
ycn52sz,https://www.google.com/search?client=ms-android-vivo-terr1-rso2&sca_esv=1c525e0389ef8c5d&sxsrf=AHTn8zqTtFFH0bsYVolXKDgrvksW639oeg:1747208740182&q=derma+world+skin+%26+hair+clinic+%E2%84%A2%EF%B8%8F(dr.sathaiah+sudhamalla)+hyderabad+reviews&uds=ABqPDvxz3rw_UuKCSaS-5cAaMLMH0uFzez4XanCkOjAU0P6p0_Re8n1sgMktI3fJ_4fY00QItE6i71CdxLzYUXzGHCnWGNDjZt0MzhpVE2YBTCYRMx3K9YsZ6cvwIH5GSL0I4qu1JpTX9dOJNk-r__S-yjB8FeX3rSr6vP35w4Zf2NsX_ja94yCnYFbw5hCep5zWnd5cw6TGSpBgN7Ib3D1LV3BVuTjIUp_AfiV3qKuabsqxWz6XRq5Xrr_0YAWrkJxYGd5cNoMk9GFyJbzU40gzUOJPSjheVooYPtZCZzYQjzwv8UpfMTPZPM8jeFayHcEW4ireegiqfm07lId2ft03CyiGi9ZMhgdIB80lrnBfe_gzfkQK_UsQ_YeqHbfjau2btLONPxRRApQlql_BTD3KT-59aH_4xfZH_aKbY-RQn42tFaIAzazSVQ5YalhF1jJyp8y-AhAb-WuguRs3sfmcCLhJ3SvVDQ&si=APYL9bs7Hg2KMLB-4tSoTdxuOx8BdRvHbByC_AuVpNyh0x2KzRuaN3GzW-yrlIKJFlk64u0W9X4PIoFVH-MtvGKrRxE8bU27Iti3rKP3Vu8AJU8gjVTsXhfq-r04Qk2Eb7CPKABGdYGlS432vAJbSJwjL7aPobRYuDWCb9rYQzs5WcGMDc1quxZW87gRi0LNnIcEWMGa4oiYMH445dw5v0BXyAiwadnohg%3D%3D&sa=X&ved=2ahUKEwjZl7riu6KNAxXaSmwGHaafK2wQk8gLegQIJBAB&ictx=1&stq=1&cs=0&lei=JEokaNn1CtqVseMPpr-u4QY#ebo=2
swj20dq,https://www.google.com/search?sca_esv=fe7f750ae97d1484&sxsrf=AE3TifN8qMeg6-fQWhDNtvTH0e9ywtHRUQ:1750235226004&si=AMgyJEtREmoPL4P1I5IDCfuA8gybfVI2d5Uj7QMwYCZHKDZ-E2nMebzde_YJAZwb-1_n47_G44GTEiLy9WMOPgMDaY1XGD9M5-p1pIwBRljQkAFzD65FDk3rjIoOiRhnRhzymQzKnrx5&q=AB+Skin+Clinic+Reviews&sa=X&ved=2ahUKEwiIia2nxvqNAxV89zgGHaoxL1QQ0bkNegQIOBAE&biw=1536&bih=730&dpr=1.25
kdu52up,"https://www.google.com/search?sca_esv=fe7f750ae97d1484&sxsrf=AE3TifOfW2BGg9bvg22Ti1Uid5r3_61q2A:1750236173728&si=AMgyJEtREmoPL4P1I5IDCfuA8gybfVI2d5Uj7QMwYCZHKDZ-E_IWZcOEvRPHOsPjRrCW63gRpopiUSRyg23Hag5yPMaMW2V8MUnHGt6DbUx_RYxFFaZvFsyCNfwHWhm_v9VwaiRv-xkQF0O9XeVBgkE_QggxHXSboBkaPhRo-7dNPmO8J64qpBnxWUQW5Gwv7kAjifjwLegi&q=Eudermiz+Skin,+Hair+%26+Laser+Center+-+Nallagandla,+Hyderabad+Reviews&sa=X&ved=2ahUKEwipz6HryfqNAxWDyDgGHfEaAQMQ0bkNegQIHhAE&biw=1536&bih=730&dpr=1.25"
xml72es,https://www.google.com/search?sca_esv=6b1587b7afa647cb&sxsrf=AHTn8zoCXGcA3H75h1wGc6Bmb6y7J5J6Dw:1747208966767&q=dr+padmaja+%27s+skin+and+hair+clinic+hyderabad+reviews&uds=ABqPDvxcouhzj1ADQVkVj_pmLilO8fKtd4sqyuUO-0YDHPrVkZ2e-ZC_hpeLQ8XcAUG12AzS2EuYqrJxm0gG5pN6uQnn6UwrKNL7bXDgSUnAT9vsDIW0i3i0d6a3ro6lXZVaiVuZj4LO5whVdvR0BHoRy3_v5LOEPGLVNF1e_mh1F6HP3mvBphmfyA3GwXagVLX97oFKCrcEMnLtUQuzYWBjoWz3aBK3ZSI42IlN1Uxb4M0MQVkRyPvbCqokZBaB4g8bBHvxCqoSp5mMihejmKuf_MkLg_vTUNM_su8yPzy-au6YMwX_BLZlXwLKRGwFI1rXP7RBxG2LEihq8CCNtXYUktuV4FYi7iwSAqJB3COAcWUjgs7eaCxIfdLm95eR30AEtm6g53G5xg1Ic43pISBjyd-5SCeFewDdiLSIbimhnB3Z27-94Z5ZlXFsh2-7vNXlYobASi1RUutCnDp5u4j-vMU4bpWILu_244VzGjgrqg63nl2XfKXdRHQ1yJSBuJgselndD4EOFj4vXT8KrwcA9eDSv4QYVtSmBxdQaJCHZS_EvsicdTSTDD_rNzxcQt9SPvfQlnFO0ObcKDP2E6r2boVV4X_rmFOW2c8v-CKowHALEfnWPJ8&si=APYL9bs7Hg2KMLB-4tSoTdxuOx8BdRvHbByC_AuVpNyh0x2KzbiOySXqfN8xzTD36pF4npVxu6KngSDxVLk11Jw3X09OGFCtpE6zqigzFO48KVwZGgKqHlbz7OO4eGtfbJqyuqONEwWY48vlRLbb8kse7TQHv-sqtlzApUryCSr8-_9h3h-AIBA%3D&sa=X&ved=2ahUKEwjL7b_OvKKNAxWNTmwGHVbUAhYQk8gLegQIJRAB&ictx=1&stq=1&cs=0&lei=BkskaMvSLo2dseMP1qiLsAE#ebo=1
ili57xw,"https://www.google.com/search?sca_esv=6b1587b7afa647cb&cs=0&sxsrf=AE3TifOd2R1QvqVq7VdlzJyVQC5JDSXxtw:1750236708987&si=AMgyJEtREmoPL4P1I5IDCfuA8gybfVI2d5Uj7QMwYCZHKDZ-Ew744Z7h1KZYx5b9fzKTmLWcap3czaDk8F4XxqOMe_PgPM7X0l_4mmbCm6q6ReR98HyWf2xp7jo8gmbMeazUABoMFgkjn85e-FKliseOfFqVJWAM5fWrebnOmrZen3uiE6xWYmI%3D&q=Anshu%27s+Skin,+Hair+%26+Laser+Clinic+-+Nallagandla+Reviews&sa=X&ved=2ahUKEwjzqb_qy_qNAxVezDgGHbmgMZYQ0bkNegQINRAE&biw=1280&bih=551&dpr=1.5"
utx75cn,https://www.google.com/search?sca_esv=6b1587b7afa647cb&cs=0&sxsrf=AE3TifNh7AXggkwtugH98ui1X7XDbNbi_A:1750237161744&si=AMgyJEuzsz2NflaaWzrzdpjxXXRaJ2hfdMsbe_mSWso6src8s_QkaJT1DwWSt2ovG5qWZLogpQWSWgsSxokiH8hn4RLpR6rOpY9JG7Pl5dH8kCiVnnho0lclVBPFcPodkWQG-l0tNqfHQnDN8AsF1V5Zsv8Z2ck4h7W4JITMrYgfP2ctWRK-lt4%3D&q=Venkateswara+Skin+%26+Cosmetic+Care+Clinic+Reviews&sa=X&ved=2ahUKEwjpqbHCzfqNAxUNzjgGHRTzDlUQ0bkNegQIIBAD&biw=1536&bih=730&dpr=1.25
mfg30ji,https://www.google.com/search?sca_esv=6b1587b7afa647cb&sxsrf=AE3TifOy3DAAtvvCbzPTbcWIdnLviPHVmw:1750237513696&si=AMgyJEvkVjFQtirYNBhM3ZJIRTaSJ6PxY6y1_6WZHGInbzDnMZb62EouZ78an1RKokex0RE5Iz6nTBInN-iVinf7lg2bUUWzpTONBV191Ug6x9s5JaCZOAKlvS7o8V3iDeZSWLOnIm5Ci1kTrD4QtIweO9cjMNCf6zPTtTd2VrXhABcPqUahlXw%3D&q=Dr.Nirmalas+Skin+and+Heart+Clinic+Reviews&sa=X&ved=2ahUKEwiK65rqzvqNAxV2zzgGHZmRAlwQ0bkNegQIJRAD&biw=1536&bih=730&dpr=1.25
gsv45mp,https://www.google.com/search?sca_esv=6b1587b7afa647cb&sxsrf=AHTn8zq-wAuz3mKBTq_MchwhDsLPwl50SA:1747209416507&q=dr+k+pratyusha%E2%80%99s+skinrx+clinix+hyderabad+reviews&uds=ABqPDvwAx2HDKVOgKA9uU7vbvs3YqYWpAmoBD17e85yphKwZne7_2-WBAqcR3PI3ZMxxi7wlbXw871so99REMhAExEspMTUaa7ORqvJ84jfzwDdsuRMJWb2BW0hyQCIs3m1Kv6oQL51SCFa-7sSLRoXpdiPuqsu0jelLxeibBft6Sf7wN-82DeSSIOYOe2Zv7lCONtpTJ0Oha_haH2DMFp-x47m3dhAauh6kOptBsLRLlSzIUrHvPFB8A1k6XE1PggwZwBd8N7RnDTMD4Hd1WEnl7iosqJWYD6TSxzBmo1NRPmC_BczcHEDpbVTPBJQ_UaQO0-ss4M9XUgJTp1D53wTR3NdvrXhqn511QRZnPOI0I1rsS34cwBkos8-2HvWi92yGZKPYUQkxKnkUCpb3pDQ1zoSwsZtfAGSVJyPDs0-9tX5sAkHQqb8&si=APYL9bs7Hg2KMLB-4tSoTdxuOx8BdRvHbByC_AuVpNyh0x2KzcQwulmKME-KTOhjQ-z8lemWXOTFLN9PqhpOKqqRkdQUL-4UexZzcK0N8Iv3gbL5bMnxzbxy4iwAv9rIDRv1hzE9t2cNr_KCw4wGCiybqPmbAQrf6iQt1QMHR1ATsGYoV4uasVY%3D&sa=X&ved=2ahUKEwjO2fmkvqKNAxX9VmwGHbN0B1sQk8gLegQIIxAB&ictx=1&stq=1&cs=0&lei=yEwkaM7VHv2tseMPs-md2AU#ebo=1
mdk22cb,"https://www.google.com/search?sca_esv=6b1587b7afa647cb&cs=0&sxsrf=AE3TifOGvWHSxz0uApA46TNxXTfXqSRn0w:1750238636356&si=AMgyJEtREmoPL4P1I5IDCfuA8gybfVI2d5Uj7QMwYCZHKDZ-E43FXEpwXXgGSAQZRaygiBD-wfhxqSmpbkjPH0mMjQ78NCtQTkqob07ZH-cFFEye6rR8nXzI3O00Plf5jYXC-Ss6qRcYl0u0_YhOZhOQfeoeVr9OnUSqkdQOIbZvK0P1TxmfLY6vCibeIeIHGdbnxoslLuvNJ9HkxE7PmAJh8uf-I7eqPVR9akxHbyVaA8VNxM-ee8gPsfJK6ax-T8mYLBjd14jmsQgWyc8PqZrVCsrHu-q1aQ%3D%3D&q=Dr.+Geetha+Devi.+D+-+Best+Dermatologist,+Skin+%26+Hair+Specialist+near+Kokapet,+Hyderabad+%7C+Best+Dermatologist+in+Hyderabad+Reviews&sa=X&ved=2ahUKEwjpycSB0_qNAxWK3TgGHQuZOtUQ0bkNegQIJBAE&biw=1536&bih=730&dpr=1.25"
sqm02vl,https://www.google.com/search?sca_esv=008f9e8726f85704&rlz=1C1GCEU_enIN1160&biw=1536&bih=738&sxsrf=AHTn8zr6vq5BUl0KCLoRvDcGsa49r8wRoQ:1747209639911&q=serum+luxe+clinics+reviews&uds=ABqPDvyYyVgNZ5xeMtuZyiXpQIQqds5rWHJyCAEARFF5a1v-0K-0IsOrb3HXcFPl7a9pmn-ridtdRvgs74eG94Xo4bOqvtoLPY6kQfELjiTG0LR7nqA7pNZakMeIDsfS8kRQDjFy2ecELOY4SuzaQLCvlXVihgoUcuoed0bERDtLrhh7GfmY8nlsl8jlonzUtWHHR6oXNkXF2_x-v0AGJ4bMtGjhrpoy8cxIVfqQ9mOHVBWCZF9z10qR55bKKyvf7cw2zQfOKIrAOdojnOCQBKKvstfn5Uc-ZhG6Qxyu526IfSjuqoUce9ZmfQa5Yl1IzK17KyBa4xvQT7MVGIqTyFk35UibbJdKVQ&si=APYL9bs7Hg2KMLB-4tSoTdxuOx8BdRvHbByC_AuVpNyh0x2KzUWdQr4fgTdDtG2cVde4J5us2WYLx8SicOdZau4LLlF9X9ls8N9FwifNKn_cBaQiq0AZ9vuaHKe7Jdi-njwTFHJqPk5plyS0S5E6NW6bAMXISLzcrg%3D%3D&sa=X&ved=2ahUKEwiTpb2Pv6KNAxXjRmcHHSA-AB0Qk8gLegQIHRAB&ictx=1&stq=1&cs=0&lei=p00kaNO1N-ONnesPoPyA6AE#ebo=2
aia30mx,https://www.google.com/search?sca_esv=685d635ce644e565&sxsrf=AHTn8zom4XfoUrE5vBO4t6r8v24JXshOkw:1748002316183&si=APYL9bs7Hg2KMLB-4tSoTdxuOx8BdRvHbByC_AuVpNyh0x2Kzd5ObSyxKypwTM-4WAL3sqTty5HsP_B56Nq4sUHKF6lTzA1TaHuns5zW-RxLjfcIWtemWYYDMJF0eZaR64bObU54wA2chp80CqKq1tHzJIsX5HNwqisL0P5fJQSAVuDX96JUeAQPMpCm90Qd3TluWBkZjcWu&q=DermaPro+Clinic+%7C+Skin+Hair+and+Lasers+%7C+Dr+B.Srujana+Reviews&sa=X&ved=2ahUKEwiasP2IyLmNAxU8QPUHHZTcANkQ0bkNegQIQhAE&biw=1280&bih=551&dpr=1.5
ght89aw,https://www.google.com/search?sca_esv=c00251c694cd13aa&sxsrf=AE3TifMQBXQow_hWWcsDGp8oApMcw2sa8A:1750244392215&si=AMgyJEtREmoPL4P1I5IDCfuA8gybfVI2d5Uj7QMwYCZHKDZ-E-whd69O1CWLDAv0N8uCEGXKj4yEjl37RTwSvQX_IhBs1FcGZItc_kzLkHv1Tx9_Sg_CPNkfsIZ7a7fgQA9-BzWtgeC3iyYrM-mY-oT0QQwy6RY2cHAJA_QNvu692kqv2iIuOCc%3D&q=Krishnalatha+skin+and+eye+hospital+Reviews&sa=X&ved=2ahUKEwjGopK66PqNAxVCzjgGHcfYGGMQ0bkNegQILxAD&biw=1280&bih=551&dpr=1.5
ntp98lk,"https://www.google.com/search?sca_esv=b274b634e924a6d0&sxsrf=AHTn8zqbDBrnCyG32te0sBc3_afJlXNaeA:1747213060919&q=dr.sowmya.t.v.+general+physician,+dr.b.raghu+kiran+,dermatologist+and+cosmetologist+mahbubnagar+reviews&uds=ABqPDvzscwg6rsmiip19LHHppiGNmCYi7oRy1c4HTrykaf_zAz2woV0Gg8UsRjjsIRWVBOQmhHSN9Dl11FGvA4qh1AlcYWCeat5PUN1IMLPOTyjHALHaPNFDn1utEo4XJUAio40al82ocxvyYxhWX2gMKWuozCqLil98elUikMopfR9NJsM0-zYNb-Bn0bQGWIcPGoWuZZb9Y9dMyu4mWdgvFJtiUw3icMqWGVkrNO3Wc-4HvZkrcEWo_KtQ_00W-CvoZ05KteP6p3afptMUpmNNTmqd52z_cOj3DD2zyidm46dVN8lRlfPqgGXuzZvsZBgg_1N5ETlOigYiun01bExx7hjOJhMkNzR4row04NUj0UJ2MRByPpLEVy1L0UhHQirAkZ0JugqfI-ikvKrlFsW9zEJjg3WDUk-BbCXy62PBinl7Gl3k137CM1h-3f8JoKk9CsUcQdrm&si=APYL9bs7Hg2KMLB-4tSoTdxuOx8BdRvHbByC_AuVpNyh0x2KzQLSbQB-Frh_Jv5SRer2q5TNcDo-4u_cx66VACGleZR1CRhC2gE0CvQG_CaCEaPQIhOB7QvUOOSPAV6dhgqa65WW8-6lQIroPus9kse8RAxXH_QeW1Ddzbhf3WV4NQJNSouL5favGekL6JQjow8RrvAfoSPmhdwrkAaoH8AsKFmEfea84HPExaNmPF4SAUgKrV0-rlE%3D&sa=X&ved=2ahUKEwjl_97uy6KNAxWEcGwGHTgtGt4Qk8gLegQIHRAB&ictx=1&stq=1&cs=0&lei=BFskaOXtN4ThseMPuNro8A0#ebo=1"
vkc13za,https://www.google.com/search?sca_esv=c00251c694cd13aa&sxsrf=AE3TifMUw27BCyveIXlPTJz9bekIsva7vw:1750248279693&si=AMgyJEtREmoPL4P1I5IDCfuA8gybfVI2d5Uj7QMwYCZHKDZ-E_XACytc0e8rdwtKE8dM6ya-p1Qq4yq2Wf_W0ajXEyaEf12ChwO9jD0GF7iyi3GEJMWbgndoTfgjgfUa_Nk4gne2o4ZKEYiJVghsU1BRLREU7BoZ7g%3D%3D&q=Euderm+Skin+and+Hair+Clinic+Reviews&sa=X&ved=2ahUKEwj3gev39vqNAxXb4zgGHSJuJ2gQ0bkNegQIPRAE&cshid=1750248286955184&biw=1536&bih=730&dpr=1.25
kaj83jo,https://www.google.com/search?sca_esv=b274b634e924a6d0&sxsrf=AHTn8zpgf9WbRc-thzE5689r9fnuScgQzQ:1747213231122&q=dr.+manisha+mareddy+reviews&uds=ABqPDvz1WFaZjcyX6GMjJAmRiaW6GmuxgIeuFwFQBUc1QH0x7UdWu2MSXYgKl3DURK66KK7LVFAbynpKYFvwuPthkEzHxy6qEI_s_hoQj4Nnys1NlKXMDK_0OYJLxQP8LxTb233cPvQ401JrrRnKy7Mhuf50Vu4fnumV47ayhkJ4YcLLGXYEavR2L0RE0P62r_FxTdEKqdG2qWdisy53t8riVm1UMGGmzjhfTsjirkKjNiIYMeR4w_YekvGo9FDRqljjBjnFsK7XmNSbtpPdFRxKNlxggDpsVISyXnEw2Wxz8KjVPd5z-E76B6XzLOSGNiqLRTWmKlyzPHDTa-2skGcDtPJC39MPtIQ0MlIU8rvsz2wTupnY7us7t8QP-1ZIc3nLmGE0QS8YZKvGx1JrHYk-Ss5N7lg29Kg5MwpuzpMYK6rL2G4HgHENuoE6wBMZ6cE4WE8AAunSu9Yg9_OhWwx3vVtiawi6FA-hWPTUNQfRxc-tZZ_ctFn6HRLifL_cJydF5rjCxEyhmroGfFswdVWEAB7SfuX7tA&si=APYL9bs7Hg2KMLB-4tSoTdxuOx8BdRvHbByC_AuVpNyh0x2KzUaj5MOFIfvd_TqwUKYI-1CcHLvMVb618cPkcRdykH3Q9d-IqK803aLVguHTxjA8K2vmSkOorsHQD8Xyh9phu_8A1Cj0mlqqZSaUTerV3O2fc1oePw%3D%3D&sa=X&ved=2ahUKEwiutPO_zKKNAxVlRmwGHb8TBAsQk8gLegQIIhAB&ictx=1&stq=1&cs=0&lei=r1skaO6gB-WMseMPv6eQWA#ebo=1
vip48yf,https://www.google.com/search?client=ms-android-samsung-gs-rev1&sca_esv=eca5bc19763b5d0c&sxsrf=AHTn8zrGXfX6fa4CbRKFqQ8tguPoWTa3eQ:1747213287325&q=dr.+amudha+ummiti+-+best+dermatologist+in+hyderabad+%7C+apollo+hospitals+reviews&uds=ABqPDvzCjoDhbZbUK6NJL3fGRG47ZHfEmagv8S_QotFsNEHlo9_IQzAmoWCl1wKR6DD1S-Ns55BX53-p_mRSfjQdE_gn-1oCxGTcV_YCRvMlNvNcyl4H3rwFxnOkmjwK8_ZB73EwcdRyQ8AlPyboMF7EwEvolcdOaYfTPlOcOqn1yacN-h9IkdeVCHchPEOHUcDB4p5RVXPF0I-t4oKp58q0q0wXhc5X0PAP4hxaTtOaz5k0H3C7uU9LBsvSZVPw5zutrUXkzYwaBgSs_tfn3BE2DKl1_Mo0Xq3tY1yUADzDBKKokgpl8KF1JzIxl_Bsq7cIcrUVCFwGsS4G0xh4DjkBlOqzbtFT_WB8OP6nVEFRsQOmBtuKWHrMjpIGvywKKx15IfHCwvgZU6uYgkeokKpmaMSbZ3J19ydU9NdLj0iBLI9IGOSrxdvLMn3ARacrz0WO4htd_2D8FZjz4xP2zZ4lQBmMignf-FuC_dffjHJ2SGL-_uBLoD6yEpPX0xotr0fAyv9CjokSnVx--kW0ULnoQfHG0yLCni8-HPmrwoAkN_8OXIig_8APgXg7ZiHz3bWJHFbS4izdiwp_pdpptbYiKTMVc_W72QxxFD8r7qzLy-CNmx0A6YO7Ulp5znCt4MCxfMopj3L-HzbV22X91_qADt2tDA7hkg&si=APYL9bs7Hg2KMLB-4tSoTdxuOx8BdRvHbByC_AuVpNyh0x2KzRYbsExw716cluNveR0m2kG-Go8vjJq8tmMW22ex2f6H9L4OHnpslnfBQEh5GE3WcffAjrhmeiT5A4A2bAJgJm5kkuDNx7bXmvUQYnVgd5IKW4bgTlViF9Az3V7nJCqp_hVlcRSMSBLvGvYe5Mp0xqwKOMl1kG9-CIPlCyAXpgR9adR0Eg%3D%3D&sa=X&ved=2ahUKEwiJ4NnazKKNAxUKT2cHHbHMEWMQk8gLegQIMhAB&ictx=1&biw=360&bih=648&dpr=2#ebo=1
ldn97bg,https://www.google.com/search?client=ms-android-samsung-gs-rev1&sca_esv=eca5bc19763b5d0c&biw=411&bih=772&sxsrf=AHTn8zo7xgobhK_789lAIqtQyO3YK0neKQ:1747213357643&q=c.c.+shroff+memorial+hospital+reviews&uds=ABqPDvx69Gtk2MOAGbmbMEKqNYH5-c-0cMByH7fkW2NRjq0FXQb6cSHTUVndp3diuJNuaKSufmk_fiflvrGzKuJWZnAPJrDj9lv1zigf09iXYCMYIp5s-SogdccV8FAdY_18i2rz7qndl0W4AT49Y6Ff4CHdykO2Tcgit3e02QH7CJsFM2LI6QR16JWvkzdCBVgk_jldC1fC2wo9AthbLpwJxn80EwZDsMdLCdwOpYkR-771_oDKXHOSpb99EFWpPkjzYuc5bXoV_x9wJshiTIYizE4DTeWH74QvsocKA4YFPo1poWnCEyYKPktm7-9ifsTgMm7Ih1L5LRSFZSY4EYvic3hWwDg4OMrTzasAslSMBEwW1LoihGl4QJTbxvuwVftPWd_Gum_hyEt72Pjz9vyy1ntF29-CoAcKqgrRmiwgtF6tkww8o69iY9xqOHDYpxH7Ey0OYTL6Aufo_pMRmv3ftnFHSv8kSw&si=APYL9btvhO6SAb8jF9HqTZMMa7vs_teLnZaEVrJZwRKFIIKjobKhWMY_4UIBFI5QjyLjNgVyniXzOUcJ5e-kYaktj_WT2Ot-TvcKXGzJARCMF04HYIDIwYqhU4lGUdibok4W6HVA8Nbk2OyPbuLLz2DHnB6zVw4YtQ%3D%3D&sa=X&ved=2ahUKEwi80J38zKKNAxXiUGwGHf_RLHsQk8gLegQIIhAB&ictx=1#ebo=1
ogi59gj,https://www.google.com/search?client=ms-android-samsung-gs-rev1&sca_esv=eca5bc19763b5d0c&biw=411&bih=772&sxsrf=AHTn8zqSLG1pp69JZtpdNMDqi2ojgO4xiw:1747213669393&q=7+petals+skin+and+hair+clinic+reviews&uds=ABqPDvznwVmRZ6Uexi1wTBQKkDRo81y27P7zBQA3pUDEO2RnVF4pFkeuVRX8hNwSe2dRvzhOaK6PFraSCQdbxgx1ga12KGtclZVoeisJfp-2y0ThQwOiDG37a6_9J0b2NwxjABPx3_vVLMjuTeVwBfMLTYUMg14wELKQpc-bjcI3LQXpyKtJsmKcGiaWAw-USBKyYALJmuwS20FWTE-KiuiF5pO4V2dFEPO_Y5BAwXdUFDNrPvotllqJeCB6UzwvElNi1vXvkBgTJ1dQh4E03uCH7JWJUwlaGFK8bCgxJ_vawpl0ipKM5d3al0k_Hl-BGfPYTWInVDSoeVT99rCbXcI2toufKB8rOV7BZD9f4OHtFC-06oa2REKJgipvBnI0QFTqtbA8bSK20k-S8zD0gUBsduMVfdqVe-6LkUhl5QliFyuawBGZtvPnS8_hh62gJJcR4MdCwcdQh7Spphy9GV9R4v2ENEZMZLqEP5MwZxYEVQCK5iVw-TXkNNt7tOLyPMmrQHDw4aN1Z_yBYHLnsofG9axrpYK9wbFlF55hyp1k3wI_jJUGst0&si=APYL9bs7Hg2KMLB-4tSoTdxuOx8BdRvHbByC_AuVpNyh0x2KzfyXWMgWQTwuUHtT2f6Ij4yErg5t6Q31_6keeOrlTyV6BXLLYksMfh5inN8IylT1XP1xB70KBemQg5_D8F8GW5xyjU_PcGS6MSaBDBKyEfnB153vUQ%3D%3D&sa=X&ved=2ahUKEwinr_GQzqKNAxUumK8BHc9jOxsQk8gLegQIIRAB&ictx=1&stq=1&cs=0&lei=ZV0kaOfoF66wvr0Pz8ft2QE#ebo=1
vld62jt,https://www.google.com/search?client=ms-android-samsung-gs-rev1&sca_esv=eca5bc19763b5d0c&biw=411&bih=772&sxsrf=AHTn8zrEAqsgUCPqtbmJDS9x4Q7DrVZk6w:1747213760181&q=skinologic+reviews&uds=ABqPDvw5q1TlzerrECbGn4PhHCuLbLhL6FMOSZm6VwgNTYv6VNWAbQ-g1_-hQtFt2zpbEBPU-sHZMfz0ujP4lcC0fh2gzcm6KQm9ylZxUvEsRENWtCGp2DgLG_N0PuO6iW4dy70aJyLUnkV16WJl9yapTCK2223jYFGEFPZOjmVZM0n1UvfCNysZq6ewOU0KvVlTpmfjsWEsXWviopxEKfpSVuGcgBOlggkO0tOzIqeIFvyQrjKYgDsRturQpQa7QUJ5_4-gzxrA1pMuiv5DoDjDlk6mfS64QggNZKLHtbW-Zpg0jR23BhaphusrIwdOuc_-Y16npwgiOFod6s0pNvDn4pCKVp5T93eyYkVm0MZNTZfEiBAg-Iml5MPDAnz73VVF2SjNuM8s&si=APYL9bs7Hg2KMLB-4tSoTdxuOx8BdRvHbByC_AuVpNyh0x2KzS_3fKA7MCmatvte5Brc28U_qaOUeMyFUu3J2x6HEgp7nM_EC8fFLV9cwFUmKG_IWMmOil4QLzMb01eNK9dC4s2QOT5W&sa=X&ved=2ahUKEwiI0Ja8zqKNAxWNmq8BHe6OHeIQk8gLegQIGxAB&ictx=1&stq=1&cs=0&lei=wF0kaIjwCo21vr0P7p32kA4#ebo=1
geu06td,"https://www.google.com/search?sca_esv=0646999a3ad0eceb&hl=en&gl=in&sxsrf=AHTn8zoG84YFsaO6cI1L2NcHsYwdzcKBFQ:1747213832398&q=dr.+aparna%27s+skin,+hair+and+laser+clinic+%7C+amberpet+hyderabad+reviews&uds=ABqPDvyRLYvp2BGsPq-PotVlTfcRL2K_O_2KAnzv7LUHBmghv41sU0OKAxEfdKl3n8aT7D__X8H3i-_nlPwt-TuQqCPaJ4_3YVL6GWNWg5ZgHdNZBKrbwZmmbAmPG_-bSRZ_43E6hiXHbLCfyIMkXrw7nahQulWwYvhtNfGm4vzipe8_nLxghqj-pCJLhSLkePXv-Wu-vIELNqKteU8D0DiUacuBr2h3jdMgGBgOBXzy4hqeiJqQ6xshistWGI_AREMaDnqfURBAgcN4YUzRaMiDL_nt34G0De36p01qGf-PW9CgRcduSrMvBus15OrqSfbXaOwcuU2rUxLQLRwi4NFq3GFQ9lyZJjgXt2nAxyNLMLYgMVFPfveUcRa9gUPVrO2FXM2ZBI5A_nEFWz8B-4pmeWcmpnAy4i5advWImsmCfmp6C6xJwgnGrBBGBMG8mHlrYnZCgzvFIlg3nHPlYq1lSpuJtdxzcDG1d-uZos69OtrnUBRIITCi92Xcb2HvfKW0iUWHMMkxst8X9doSz1kSL3O1O-4jUQ&si=APYL9bs7Hg2KMLB-4tSoTdxuOx8BdRvHbByC_AuVpNyh0x2KzZ-p26acBQu6ZeS1NRxhnUVnOrPBkMHf0W0ZHIfEMZOFmxuAk4m5HbcHeb7FGc9qdBllam_tufw8YZFUt7MKaGJonoOWFDr18wsYqZ4mUC-Y1mp6YT8YHvky-6PiwUAPg0WBXMdYZEnn8s3rTPp0dLjd8hBV&sa=X&ved=2ahUKEwjfq87ezqKNAxW9kK8BHaanJA0Qk8gLegQIIRAB&ictx=1&stq=1&cs=0&lei=CF4kaN-HGL2hvr0Pps-SaQ#ebo=1"
djz11yt,https://www.google.com/search?sca_esv=0646999a3ad0eceb&hl=en&gl=in&sxsrf=AHTn8zrfWEXiFbaV9ZQ3Ga0KaDy6r6XBdA:1747213887619&q=kranthi+skin+%26general+hospital+miryalaguda+reviews&uds=ABqPDvx-KRzMOVq4gVcNeVCbGleZ6ANG2I2FvmF2QdirGYoHrswd0kahlXN1nnzHMjP_nlPBjsdcKoFMTqorjEMFVcGnr7MG3n0L4ZAjzkaers8KNXofWFRIAJ_A2Bl0CTY4mIUf9uSmm6NLtdMeC2nL7qN6IzXEmT-3JNfVJbH7RbLNrZnwrIa9gvwi-U_WqE209s6zrqC1NttgmvAFberilt4VZthb2EOMjO-shEhwUjlJ6Z33KZpJd3I0bwxjmDkIQomMMQs2GgmHTU3DTLkee47ej2KVXGpt9yAPbfJ6kE-pLR8IZilUeqV4uDJ0bpQOK-WmGhN62vpBSNjqucRO0dqb0xDL04nBwOYp1twasE7VV-oPry5FW9sHdtan9nIOH_SZ85E6AD8dTmo4bDBw9R2_Kef_tShBUyO_pd33RORakX4aKk-5OP1QuoBTZOojVMijcd4OWWVIy4YWSSEs1_CYMJQl_eI7ZcGqJN0-4st_pEjhCWaOI-PVo6t9b5_WoQ-v2CKf&si=APYL9bs7Hg2KMLB-4tSoTdxuOx8BdRvHbByC_AuVpNyh0x2Kzap81tMugTwMlqR1YZfEAhIEkudsYzfkgH_bZUFYkXPLXt8oDOAh7Hdc-Ei5eXdATsYDFkYd2ZgPGxm3lqHm2isD4pYl9v6GY6swcEgJowoyfKmLZjwzenSgvIUl_MblK5H4l8o%3D&sa=X&ved=2ahUKEwj46vj4zqKNAxXtjK8BHUiVIUoQk8gLegQIIRAB&ictx=1&stq=1&cs=0&lei=P14kaLjPJe2Zvr0PyKqG0QQ#ebo=1
gbq35wv,https://www.google.com/search?sca_esv=0646999a3ad0eceb&hl=en&gl=in&sxsrf=AHTn8zrUbfneGKj8Jv0gxiqpyGlrUcExhA:1747214027362&q=k.v.skin+hospital+reviews&uds=ABqPDvxVJXd2VA-hCL8gX-W8OCPEGbeSTdVElU0V36sQ-7ik2AIfegQLqUEaFQNxN_U7_6VC2L0SZOUggspHLYr_p7xEkyiuvMmEOYrQ9pC_1jEMAWCwiOJfnEafWBpU9nm5H6H5-6nF59kRSM3__Euot3Ul2C7bxZuXjGqV4Gk7NwzSbqn4GnGEk9fbwOR2WgnW7aOIqAIA-Iqq078CH-jKtoRRhLWqvZylE8_zpmZa1B5A1PfLNmkVEqbzCgUQPHRqIoQwzQJfaXvqLKzMW6-c1vH1Jb90uyR912SSaBi9LWns-o5FBluQ5XRqAVun-M_36qlUhF5I629wBAQILPeZrhmAIJa5zR2RZLq9a4L-Fnno9BlauHCIN0WQY1IBOrcW18ygXuAvgoz66HUoqMYl76t262XTJfDpYQ_9MWI4eIrTJN_pRrRB9xSHW4zlVKJ0ZHYHVs_Y3mMGdROKM650YhZ_maQiEcTIibpdJ7C4idpZBITcqlDNPdR9dGYnyt8GfWduWk7MRWy6jxFC1R04eLqcCDDwAg&si=APYL9bs7Hg2KMLB-4tSoTdxuOx8BdRvHbByC_AuVpNyh0x2Kzb9EIaeTGffNNlc7y6nwflcLlbBil9MruOvRBCPdfeqAQ8gf7Hhvk934xGjzslQTJ66LMStPQay0tq0VEAxwWy2GIkG39Cfnum0MXB-5sJVw8uf-Rg%3D%3D&sa=X&ved=2ahUKEwi_-cm7z6KNAxUMiK8BHUDCALoQk8gLegQIIxAB&ictx=1#ebo=1
mgi51uf,"https://www.google.com/search?sca_esv=008f9e8726f85704&rlz=1C1GCEU_enIN1160&biw=1536&bih=738&sxsrf=AHTn8zqhggIgsUyeWdV1l1CUmdZjwg_-9w:1747214079932&q=dr.anusha+reddy%27s+-+neon+skin,+hair+%26+laser+clinic+reviews&uds=ABqPDvxG95AioLSIRL7gvrVdA7A0HIn9EgDyobb4_qpb1ABG_WtSDfu4TgmvozDTjZX8jvTNMj_hR3Qw9-10CH6PRTEaPc6xfxXbJLwUka6bsVYExB-8hC0KSj0wO4ZzIlMgawOPizDOEu9MykI4mIuyYEtoJFQ_MvM_U6o6x6--pRh6Ik6kJ2jdA5H31gym3zQmB0vH4ql9BCRhkcUrewynYyqJq8b9_YN4qVOvp1TUQYlcBUSIxM2eMAVh7xh6PRzF0APkJAdQtxvT2aSX4BGbw7AGqynTbsAa-PBURu63UmFOxf9wNO1RGeK15Yo9iq2eRNfmxkf43RgqPv7_y0Ma6aDVEF7hsRK-e0Yz6CgFff21HBcgPKlP4yxbRbK2LuHUbdRQFczy8FpOgNDP6td2w3AD8T7irIHH4PgfKPEtntw4ixMRBtDqE4f1CiRifTgl_pjNl8U63lZWRkIaFTHXfBmGKvqrjIZi6vEJzK2F04lP2AD2gYhp6ul8ntmHIoQFmOCn2sYi&si=APYL9bs7Hg2KMLB-4tSoTdxuOx8BdRvHbByC_AuVpNyh0x2KzU12vLFw9hgxiCTdxV8tqT7RKAdPTATbBsyqhkbFi3XeUsspeF6NTARLaqWXX7-tD_-G31fbCJ_-7b6B0AMIGIAT6kJFJIPV_AYO70htt48YUpbMQzKHITXMFtLsAkDZ1XX4DD7CniBjsKb_aODYWZL83H8Z&sa=X&ved=2ahUKEwiY09LUz6KNAxUDdPUHHWuzGBAQk8gLegQIHxAB&ictx=1&stq=1&cs=0&lei=_14kaNjXOIPo1e8P6-bigAE#ebo=2"
atj33rm,https://www.google.com/search?sca_esv=008f9e8726f85704&rlz=1C1GCEU_enIN1160&biw=1536&bih=738&sxsrf=AHTn8zpElolHC3Q8HHxNLfaEt0GEuxwW2w:1747214148619&q=dr.+sree+chandana+reddy+karimnagar+reviews&uds=ABqPDvzlamiEKu0cLp-23D4us-PMnXOd6QsdrZjZGB2qCB1epb0hTyRzwndIjuf91esCoL2m3DGv1cwD5KGY0WDUMoOrdsvVa6PRjnsz-3KgCmSGMhyB97M2EgCBEmHtqwN2x5KPyToAx-vWOHGU3b33xJMzwM467bUmwkP1JGDkvNMuDDoaLZkSrh-LN0cFz1SxRhqaOnExmfKWu6t9GzvbZqC4tuEAUPD56TjLDbDTuDjpKlP0sOzwjQCrBZPaRcazrfhRgWvQDqCxsUXDHOY7KSkoLpWsP2kMHUiUvV_wZ6AZXVsfGCO567Ld7diJyNattgf-BBdboyYLz97_HfkZgZcGieKqngdv3FI5EJS1-rFaJg9WieKWuo5aS6W8OYk4dLa6kOQDjsFI_yT89krg-k-YLTwnB0dkvpFUc3hms9QnyDYgU9C-3tLPSAhOxxEbQBMLJM6KzgSQ1f-Hwci-Xz2uZ-zNuVX2gT1SGzpO_wciTOyiuGK2ep6jbV-80l9Z-C5sMEQPi1sIJ_WFLj-i4QtVB3vTXK_jJl2lF5cLoU6adjiy384&si=APYL9bs7Hg2KMLB-4tSoTdxuOx8BdRvHbByC_AuVpNyh0x2KzSAEXmH-zZWg7S3JUBcE66swZnma04NAlDu89scMVgKSjrFiisaqagtzllt7Da8fYNKZyVtVpm0JzmXO4WhBZDCSgLDpspi7hNMl1kgjcWTJWTtgd7ZXK8XYyKGhHsWZkE4f6ww%3D&sa=X&ved=2ahUKEwiCgLP1z6KNAxW5dvUHHZFQGlMQk8gLegQIHxAB&ictx=1&stq=1&cs=0&lei=RF8kaILOJbnt1e8PkaHpmAU#ebo=2
yym33ty,https://www.google.com/search?sca_esv=008f9e8726f85704&rlz=1C1GCEU_enIN1160&biw=1536&bih=738&sxsrf=AHTn8zrc0euKmu455Ly-cDpA38K8q213Kg:1747214273204&q=deepthi+hospital+reviews&uds=ABqPDvxO-_MrqVUTz5RREd2TXpoW178s_CuJepfCnVQuwQXhKEg7XJY7rCtqW8LNzH3jGVHvxF8Lt8l64viw_q5goWsNy0hyO_qfi6PT0AYkl5BJLDRld5TujKBwJ6FkTAiQi2hjqDpiPPAFmJNTKEqkMhuG7rcrfrr_41mp6Kg8_vNjj3QxpM1cLpc2ROZDlCaR2j10wDKGZBkmj8cyXtuVPFOsG02Mg4ksZ9X1KEp5tbBZzNdYKgGvmg1CRWlHkU2pPgJZ6AMASQ24iSSmFOEvUJmM7x0mBZ-9MBlUUcl6ELB5aLwwhw9sktsN48Tm7wiRPibGu38Dvh--q9ytqROfD8yGFUKMXiouawBl9hWbx5KibEz6OpFh5CZCi2Y2Mz3HQIOtMAfe&si=APYL9bs7Hg2KMLB-4tSoTdxuOx8BdRvHbByC_AuVpNyh0x2KzflgAphaUfhXqDUVZTYG3IrG4u6PzSGhHf7oXUcPR17topYhjDyXLMSo4TzSW8rwGcIaipEavHHCnvXXqMwcusz7fEt_8nS18gK2Z4VR6j7DP7rmEQ%3D%3D&sa=X&ved=2ahUKEwj-ieew0KKNAxU_RmwGHTgALu4Qk8gLegQIHxAB&ictx=1&stq=1&cs=0&lei=wV8kaL6lDL-MseMPuIC48Q4#ebo=1
iau52rw,https://www.google.com/search?sca_esv=008f9e8726f85704&rlz=1C1GCEU_enIN1160&biw=1536&bih=738&sxsrf=AHTn8zobBnUs7XgZV4MPbL88WURRUQwuCA:1747214871799&q=vidya+skin+hospital+reviews&uds=ABqPDvw20YKL_5_TM0qVuigRcgt1TF9pziNar3qlz7jp4BM8eBkMpsIfnhJSSkwCLet4CvNGYfqkIBuCTjsymrh5M-lBl0yZ3vRIiTua2amxhviez-rSwBlE8P3HcsergOPFhN9l8LJR7qRNosXh2IGrVnQSiOKb5wVV2ttEqFzYjcQI-TfWqICUmDq08qHX8h-zrnvkihDLR0TVbdmf8lYCuCLMusVQYkhH_v-AKQmeG23wDOZOFHVjgYxZ2ukiC1htoloUteHSkHp-gOL4vL7sj4PZmoEL3s04Tsp3XtezL0TESevrZSpSJoZjGqdoTTjQIX0LYI6asOuPFY8VRlZdNT7rfRSHR5i7TDxPoenqvuWFnaDS1QyjfA8OjftUujeXX2i9toJg&si=APYL9bs7Hg2KMLB-4tSoTdxuOx8BdRvHbByC_AuVpNyh0x2KzU0LpeZbmERUWcy-j1bK2tTTNAIzNYmfycZWZhxfZHVp0e73f-LIZjkzsMM3mbFMokWwHV62Hrb6Wf4H7vrQJyDOWVBMsc55NJSyxy17LHTN5TA5fA%3D%3D&sa=X&ved=2ahUKEwjZr57O0qKNAxUvQ2cHHZpIBT0Qk8gLegQIIBAB&ictx=1&stq=1&cs=0&lei=F2IkaJnIMK-GnesPmpGV6AM#ebo=1
pev37am,https://www.google.com/search?sca_esv=008f9e8726f85704&rlz=1C1GCEU_enIN1160&biw=1536&bih=738&sxsrf=AHTn8zpe8CgRtZduYQHk-fmqQYptqNS_dQ:1747214963537&q=riva+skin+and+plastic+surgery+reviews&uds=ABqPDvw_oAvWJfRyYRrLGPdxBX6D-C9KGJbHk--jz_QaXyrDyRdkwarsct6S70J5siht4zoNmwfR56puiF-nC_7h9jck124gOmGMa4-_eHvrF0ovIRmNtFFArQr9DEtkWDVlLlSHLsdpl7maWL2AJvgf2BM2OoP6wnAre4JvgWOKbIT0s9bwFMwkcON7kpkyHpWzxqZTsXtHzjo1Cjr7N2_4ZQeJSy48HIAWBLByQLBwGTtpZ9u7NQlIM-_YUFs3jDmVmsYjfaA2iM3v8OjKJFJ6Mcx8d0KTvsHaB2Q8XBEFKVnLS_skt2ELVICs2tBVQEJkN4ywbNgLV3OZsLI-Pa-w9G0c6gJDYYu8Xv_m9NV5PvW88tg6sbDKqU-lk2zDy5v2HhH0RKidHx6p-8HsT20UXBzx-FW3gr4F3OR0K6aHJV6GDFi6PKo64Uj5BD7gn64b5cNCrP1cqWA07vgMjbHUPJoxzCPRXIqYxmrLOJAbmmBRSaa0_I4&si=APYL9bs7Hg2KMLB-4tSoTdxuOx8BdRvHbByC_AuVpNyh0x2KzScFy1PQ2S7e_Xw2rxkXMawiaESuMVm1VRhwzVDtxmAaFKqZg4FKir7hfmqXOJehHsDKYuQ31JZ26Ua67mymgEmeRIgCPtdXIEoltcxqVg-Lxj8Pjw%3D%3D&sa=X&ved=2ahUKEwjK0P350qKNAxXWRmwGHQZmL5sQk8gLegQIJxAB&ictx=1#ebo=2
llx12pe,https://www.google.com/search?sca_esv=008f9e8726f85704&rlz=1C1GCEU_enIN1160&biw=1536&bih=738&sxsrf=AHTn8zqvHLRbp17_2q5E_rxn5-8toQX-xA:1747215050375&q=aadhya+skin+hair+%26+laser+clinic+reviews&uds=ABqPDvznwVmRZ6Uexi1wTBQKkDRojwkMWOlwXSXxOvHJTUYWeF93K16HsNxOT62yY5xFE_1DBVNaqQ2K3iTuE9eWPIcYMz6cIfshhA96QzrOrz3ZvpTC6YnNidex-AMgfU4bLIH9j-pO_2ANjh2_fYEOfgARnXk9ZpnsDWJSiad06xhbASJBRFIloqLT3KaVEU5ob1E5Zw5GQ0Stzyq3JIX4PW2DbwRbQqTW8i3MdfBxh6qqDzTUcZJj-2SlPyuDUsBkFmTdipcIZXNO9F4IPu_Zu6sjglwSfr5hBzQsCOUE38uFk2kLwg2MtIpfZZHExH253n9mYppG5OKJTFUseOk-Qp3bJwlh9oC3igElC5IAyAF9VByo5KwpdC9Opav1eXW__vQMLnpw1FvRItN0h2131JYQ0RIwZD9TbuYF53HVxwCSJGt92XeNDnkxEI-kmZPACPD5mtev0lCoxZmgBHWDQygojd4hUdV4WOH8aJfn3c5xdzaC-cHRsirqTB1VlKeGv4atildxnXjE8lUfoWlw2fLLyLRw0mxNIjjdr0CEJwCQzQ4OnP4&si=APYL9bs7Hg2KMLB-4tSoTdxuOx8BdRvHbByC_AuVpNyh0x2KzTFZpaVeKL7LGdv-Tr3hlQxWxjkwfAYQbcVI7HgRNF1WRJinAa558Um1a3ISY5UTrxprW42K4_9MZ1LBK7tLDDJyY4y0fCFoN185HOTO0GaY3MQlTA%3D%3D&sa=X&ved=2ahUKEwjV6bGj06KNAxVoSWwGHRodCxEQk8gLegQIIxAB&ictx=1#ebo=1
xbw20tw,"https://www.google.com/search?rlz=1C1GCEU_enIN1160&sca_esv=008f9e8726f85704&cs=0&sxsrf=AHTn8zoocLVkTSKibQ2c0VLFgrMgOvmXxQ:1747215097031&q=midas+skin+care+and+children+hospital,vaccination+centre+reviews&uds=ABqPDvwUbX5ibCmRDqZVEb1o4PH8Nif_Bojk4mcX3u1hxfuZgqyueL-dnRzQT_EqoDWTrtJJKjKaZadU-zNwMj45SQYJTfDe-WfjnIVoSh1KhNGJINhitb29ML9ZJ6J7VkM-P2nbNeXvVSZCSNhA7x1iHhBDNzaYOX6Ht9mxa9dHXTnmaQTXXnJqdSaGUQl7TiAUFoTq9uPnox3mAYeOEMUFJW_r_SAS2mRNH_UDSIRk8z4y9HPBiZH5D-F26DQg9bKVJl4tqQXI_il_EOwl3sLMC7ZjQ1GHuBj7zSSCITPhO3ylMlvONM6Ej2ZidNODlq3JxSSBNED-nnpA_yNpaAXfzNp5xtDRc2VL2Ml_PA5B4n5QOmMBG7DsYC6bFkrUFzwwWzlQGpELFa56k00n7WoJq1zX-lDeTR5odFhj6w_khvfbpu_PLUaaJ0FQ5gkxwFTB1aqiReOib0l4kjvt7lGxNYnM4u1BQOx83kaHxD5n_CkHCMTUb5s&si=APYL9bs7Hg2KMLB-4tSoTdxuOx8BdRvHbByC_AuVpNyh0x2KzV3yd7XpsxtlV8mN48gj_WE6Spzt_M2ZbXJov6eSFVSIZiI1HCaJHnk4YOcuM1rcByuz6mFbOUqHn1d3kfaD988FWVPpcN-DR8pKUHH_K4zHkRs_Jq4nXVaopHFbpBDh80_GXrvDGqotsrory70qpOOfLYJG&sa=X&ved=2ahUKEwj9ttG506KNAxWoQ2cHHTL7A80Qk8gLegQIHxAB&ictx=1#ebo=1"
lwh02oa,https://www.google.com/search?rlz=1C1ONGR_enIN1048IN1049&sca_esv=b8ee9af777c98fc7&cs=0&sxsrf=AHTn8zq-b9OWFYzEcdSrsdt9H1kkMI_J7Q:1747215154739&q=dr.+karan%27s+skin+and+hair+clinic+guntur+reviews&uds=ABqPDvzp-CaYvFHM-aAX7nNNnetsJBHw_RNoPaB5CcZXPPjHLP_McURIsW87b-dTAPRnq9lN25mfyOFFhAZ9AEqJ70N9KGucRNdIB9hYTbl0885ckgMxvZ6-edmnEVoNxOYoyieicQkMJVQH_HtfcEuemKWs0Ms7HBjrcgZP_unR4I1WE0aURjGfneTgvOlMtc0Hu6uTXz39hjxQmGEPK-rDPndl_C3JczzsZqe2B3w1HX26XOwBOsAG_o4Iyp5gkhsjygDm-B0GkS7kDbbLD5f7o57uUHOYJHjHlgTtlVVoMAqfMFnXlWAKtfWAJSwcqaPMRgSz5SzmhnlG1_krpFoWqrigTeVDJn5a8s8jgNzWaVN0ur_N-k5Q-OF33iEXkESP6zKtQLuOQA_roiyMfrqciAZ8TufRgpDQrWDKtSEadSQSj0YEOqZE1-mmpqKh1ZmSvkQWOGhq5pLvPmHbCn6BupVjuLCWpHclWs-85gD44K2t8SZ74TNt559eJFF2-MPM2-HEq1Z7uByb2tblyS95d4pZqxoY2iZDPtV18D2aGLv6GQR2T59h-rzTjdJKLaVSDmOM6qYZ&si=APYL9bs7Hg2KMLB-4tSoTdxuOx8BdRvHbByC_AuVpNyh0x2KzTGECqnipi_gCfTRECO-DJMhvDw_15DPSkrEf7M2dh5SjBR5e6Zmx_MoW21vPVZxeTj1GCfOy7vzhLAyc7V-uD3NfVeHF2IWSJByltQ0gP6DOfHELTgVliADlnPnXaGNm8HwnwU%3D&sa=X&ved=2ahUKEwjd1pPV06KNAxXCXGcHHQrrN1AQk8gLegQIIxAB&ictx=1#ebo=1
qys00db,https://www.google.com/search?rlz=1C1ONGR_enIN1048IN1049&sca_esv=b8ee9af777c98fc7&cs=0&sxsrf=AHTn8zp11gHwqDPYfulDzHEIOSAKC30SkQ:1747285848772&si=APYL9bs7Hg2KMLB-4tSoTdxuOx8BdRvHbByC_AuVpNyh0x2KzfjcFl60FOSYU7VTgobnlN1K30uxywsSRKRy7fHj7M5ObokSivIwhzPcjxLAT4BCWu-PHI7kgNPQDQHbMy8k4BN_yk6D5mXc-1Bo-kMQDwrCbW5nrkMVFRF2998iPeF39S-curs%3D&q=Dr+Priya%27s+Skin+%26+Advanced+Laser+Clinic+Reviews&sa=X&ved=2ahUKEwih8NiC26SNAxXmRWcHHQyRJE0Q0bkNegQIJhAD&cshid=1747285885542084&biw=1280&bih=585&dpr=1.5
std30bt,"https://www.google.com/search?sca_esv=642680827a50424a&sxsrf=AHTn8zo-cu22w9GH8QBsPSLwmqbHkJ3AXQ:1748005911566&si=APYL9bs7Hg2KMLB-4tSoTdxuOx8BdRvHbByC_AuVpNyh0x2KzXKG-OVNqWbQTWVdQlm1T7iKpA2HQA3NhmU7ypJxlPHfSTGnGXVV4cmDfn2fAfW2XqcKNxSUlc3KNvlPgBt94yho9_VOPB974s_aYBCZQInTTtfjpwog6E1NRJSs9u1lmvGL8uKTER5zNc3ro2jGOU2eZhJQU1n62ai_TTvb9bwQe_nGAw%3D%3D&q=Skinnova+Clinic+%7C+Dermatologist+in+Vijayawada+%7C+Skin,+Hair+%26+Cosmetology+Clinic+Reviews&sa=X&ved=2ahUKEwiqkbK71bmNAxXnzzgGHX1gBk0Q0bkNegQIKxAE&biw=1280&bih=551&dpr=1.5"
szr03dc,https://www.google.com/search?sca_esv=b8ee9af777c98fc7&rlz=1C1ONGR_enIN1048IN1049&sxsrf=AHTn8zq_mMjd213hXs11j4hxGQ2BJnl88g:1747215304916&q=pink+lotus+skin+clinic+reviews&uds=ABqPDvyqj4_hFpptJC8gF35-dGOrsKn8grfE2CQOn9YpQmYqP3qJWeYLObX2p4pJD8M0Z41rxthjNsABHVWgwOO8ZTwalkgFFirCL8Z5tpNvdI-noSQ0f_uiVycxbFfYpLo4uR4FFWDGeYjvfC_algFnQreHLtigCjUnTpa54Na37Pm-86anwkMJ-oWaAYP8wc5viwkdzfqqKIiYX3tBt6OQXM6KivQyybp4E3VDxzxqpwBmqAh9G1kcp0bk2phuZmHdnjM5h2RdsIVYicdnCP1tsSDOc43lCBiy3HTH4IVY6-9IxKXW9KHtFIQrwaDM25KdEAmq2XaOxQ6ofGSsoR-TKu1GmdB4xBm_uaIwlVo0pNn4CMwz2xLB7QySSh_1YBKSF5ZSQA1HzT1qzeE2hueprB39EDjvqk0CBZJzX8vWHdMLyPlv6EM0CLUlRLjpAgdN4Aq8nPmT9L52sRxcJspdkWXcYAx4AXSOK-OgEFvyU8_Mo8yB5qO4X_Ihn8wCkAghzUWY3rubO8EohKx-I8a4ECWfqoN46fMVfFn2QIcaj6UY0rlD9nY&si=APYL9bs7Hg2KMLB-4tSoTdxuOx8BdRvHbByC_AuVpNyh0x2KzTYHEpCGqojSr1g2IoU6I0qKx5H0jdyu94IkSJHVHYaym9irmCNKz2PwCReNnt9NzxJ6_hVR1AjEH0ND-GRWWUMSrCVL5BYKtX6ajYmODVf-6uu0tg%3D%3D&sa=X&ved=2ahUKEwj92uGc1KKNAxXkefUHHdlKOZoQk8gLegQIJRAB&ictx=1#ebo=1
fww52cf,https://www.google.com/search?rlz=1C1ONGR_enIN1048IN1049&sca_esv=b8ee9af777c98fc7&cs=0&sxsrf=AHTn8zp5hJ9RnjS_7rzCpg4R-tFPmvqh5g:1747215559076&q=shalini%27s+skin+clinic+vijayawada+reviews&uds=ABqPDvxZiAthnApDpRHMe8olGjEveLNWE3GgipLPtSgxgnLVgiGBgPRm-GpdFY0kd7mDs0FRRa10_egX6TpS_e9C7VWF6pqkBUQiR-39Kc1-dvSoVaJnE1nCp4ZBPQmD5o3QQ0atC_EFI_kWn5J01ODOLGhq3qaTio90az3KSDse8PkdaSqsite_K-fDBGwZSp3enYiQ6dYF4M3fQvumFQeEA9UvOlzlZPvAAfhdgJHac-wSfUFq8L1D5ChTrYpnXIPW85J-5Ndm5VTs8C-RjOlFKWuLLbquuBEyBdEtIn4J6QkSwNIYHj-9ZxbjZVtKcbZS6cjBrrFere76ytzJe5LTs0ejkATHsKNZrQCxNe8KZraYEEWVPGk&si=APYL9bs7Hg2KMLB-4tSoTdxuOx8BdRvHbByC_AuVpNyh0x2KzS46QI-Rl76WqmdaqCAHft4stEq-A0D75OBW4xBxbYbDtmVSg3cEJ4lUIe_DAV-po-fY_u5emsdPX8VlW0dJqWEAdNsSkTXE3lXop9x5hAvXtyR_NkCvi0hpU_CmyIHOoY5HQtk%3D&sa=X&ved=2ahUKEwjZv_qV1aKNAxU-iK8BHcOWH_IQk8gLegQIHRAB&ictx=1#ebo=1
wyf80eo,https://www.google.com/search?sca_esv=b8ee9af777c98fc7&rlz=1C1ONGR_enIN1048IN1049&biw=360&bih=648&sxsrf=AHTn8zpgvBsvkXLI01aEj35yMzQ1WHKyEg:1747215641002&q=keerthi+skin+care+and+cosmetology+centre+reviews&uds=ABqPDvw_8VFOIgyBwYBpl0CvJzsIHltrj2XRT_euFRbo9Vin8j-phLa70Bz7jsB9MJFx3uOSHN4wtmxJlto_9Nu9wCbyyS4vSRxCKn46eWREUUHCE495nJWqFUdsYNkCBCq30LeXnatHMkzjag2R_maTf-hdD-hI8vW7Z3ecwf93cy0lGzPmpX7b7ePbbNqmIjg6ezpTbfDVtLNqQQxOPVMRF85SvRFP0xFQEs_gspebWvIjD1DtM0gsISgbWJ7UtYOrKg1w-DovuvkCuu-cjLN0Ucj1T14g8UVCildqgAVDV0EqpeTh3LxVvG4GuKXHLE_VnbpWj9-PUuP98qu12yZWI3DuOopH8i4xj8qtBr8IqAoWGHuP-ZFy9dQ7_gbTR25Bnygkb-gZVkgPn6VyKXPiGzzi7M2gBoRQns5H_B-VZhMGzGIiNDUHhf9YscyZy4k-1vvhWnw7LaZ02XP7gz21A3630B6t8AKVVr6XtpyAhZTfnioraLM&si=APYL9bs7Hg2KMLB-4tSoTdxuOx8BdRvHbByC_AuVpNyh0x2KzTKd3wTQgA_H2WkW7PYAUS60g8T1lBfoUIL1JNPt6YPg9PENHqjNoVwytPyLHbHXXr-pkYD9o28w3LWTCVI4SuBJIIYblvJfGAm_NBRjPB55vIF939eymmyXr6fOBS0As7lcoSY%3D&sa=X&ved=2ahUKEwib64K91aKNAxWUbPUHHRimCVkQk8gLegQIKBAB&ictx=1#ebo=2
wfk38rk,https://www.google.com/search?sca_esv=b8ee9af777c98fc7&rlz=1C1ONGR_enIN1048IN1049&sxsrf=AHTn8zquGO9c-pJBioTeOs6M_zGx43hCCQ:1747217257171&q=shri+skin+clinic+reviews&uds=ABqPDvyuSb5KsnWF7fl47IjupXS6j8FYI7LKdhOhRXK78-5wY5OZ5MXsvaZptANMi7Y1LceNtN61W9CnjjfbXFOBPj5HJ4uXBJNYMHJtDX_fCUgtJLerB1uMPOHSBiwvXcCcM_iRJZG7_AojXubrOVqvPzlm8pWVEr6Rl3I-VpC7Wbn-00iNbDUfx-0p4PjnvaRZVcmgzRXJni1gwgS33P57FhvtnrxyJqI3p8XcUzHMuECC33N8linlUIGzu9PaxTAVdraxZrrr_wRrROhHyRzdNulYB6pr7Ota6-p_aVVplcLr-ciD602fYthLa7YqzluzLzV1972ykKbKtwzxufhUXuE4FXdp6A2Gj_N0c5nrc-FqKwUWC89GyzHFruQgWLE6UBEC1hyNSlTpeAiTvEFeV0by2Ix5yaO0kxxbxyg4FYLvKPRu_MTMSB6LcuB_8O6uEVccFpKKG_NIme8ZacnVgGsORxw4ww&si=APYL9bs7Hg2KMLB-4tSoTdxuOx8BdRvHbByC_AuVpNyh0x2KzUziauhoJ5XXcdcaIqKDBJNREzE8IB4hBeKSHiPuUUGfRom7Pz0fDNuzBEkgDH99EHVgkfN0Tb6zsAo-vrUrsDbRiRnaX7oR1sT45TbUFYhmkh4Naw%3D%3D&sa=X&ved=2ahUKEwjR8dW_26KNAxVrgK8BHZbTEcMQk8gLegQIIRAB&ictx=1#ebo=2
hie68fo,https://www.google.com/search?sca_esv=b8ee9af777c98fc7&rlz=1C1ONGR_enIN1048IN1049&sxsrf=AHTn8zp5TdIFwr865GUoFCBRlV7yRCD8Ew:1747217323855&q=dr.+c+keerthi+%7C+best+dermatologist+in+tirupati+reviews&uds=ABqPDvyCM2Pu7ppM9h1ySVc1GbFpAZ6XDarZS8bdxiSFI6qSNYK2ytxWVHMMvcrj_8-sME7gbxPeiklJzI7bLKev4QFnM-deP7JK_NkGI2Pj2Ze5dadN28v7h4_bzaVv7poHzUrShURr5kVrbqPK40EhLTI68sXJu3Nu-P5kW06rK1EzEiJ9lwMvxzZWZANanJJJJ2uDycQpWI78yzOhlTBeS0XPFEtI5xcwAP_XJZz0pLkk3HoOe78psYn5UH3rQWLxPsURMM3oJs1tiDiGnWJdaoOXzAJ_3JuKDRgExsKymkDWWdLnGdz0w1I4CXpfkK5cMNYKJpvzauEWIj_bhMAzQjAX56BDlpK0ai9FE0aBjHFhhp4yR0CDVZwYGhuBQ2jVdAHAGOFQVYPi71s4ISPWSvhct1xCDa2mSVrxMbUQ-VMs0MTVGqc&si=APYL9bs7Hg2KMLB-4tSoTdxuOx8BdRvHbByC_AuVpNyh0x2KzWX7PSP4QHbz285pmpkdp_Vp3MXK01j2fPoTgp8DO8HrftsTQGBY2hvY_Oqs7-aCwEOyFR_Wm7KTc0JHPc2OIXl1g1vQiAenrJfV6YRpmdEWTZuLf9pmulZo0KAEWyBuRfOK2uI%3D&sa=X&ved=2ahUKEwj2_rvf26KNAxW_afUHHa9xNmUQk8gLegQIHxAB&ictx=1#ebo=1
djz46pn,https://www.google.com/search?sca_esv=b8ee9af777c98fc7&rlz=1C1ONGR_enIN1048IN1049&sxsrf=AHTn8zpU_TYrsvjCDcXlpnT7TQek79wDAg:1747217380872&q=indu+skin+and+cosmetology+clinic+reviews&uds=ABqPDvxrfMsdWW7J_GWhH_QZEdQXYJszpJ2_B4dEfB617ISHoo73nBHgFLSjmERgcOwbipZM1bFC3hIa2qtITkWL1hjbGkSSZVjA5PASKq-KHGX2xboYvjVhiT58PhPzRacfNhO9ekgo235WFJ6DSrD8h_i9WSK-ZK8Eafl-fw0nJq7Q59ldcH8bzoR6P6AD-K46e3BCgtk2RVYXQtX_jkEwIowAAqLfn4reVc4jxqPtF75c_MxZH-lv74IztfBwa8bS95qAR7RER81hiIkD-n3u-crOhvLfIVn_GVd0iLRN62r8ObWJNJefWoESwzcwABjskgdEjLCfcc-YuBSmKsdsK-stcsb9VK2WPRQxvGmMi6hF7RGYTzkeAhx3Y0obbr3AxEwjPLFv6kJnAiFWj6gCD4bBvKydkA&si=APYL9bs7Hg2KMLB-4tSoTdxuOx8BdRvHbByC_AuVpNyh0x2KzUXo-hNYcQHW7B0C6lkZ1a3_My7_daFfClZ9MJWfipWbvMPoj3Pj7mqYm1yDx6BIW1Rye1X271_74OmgIW9CB6pXALEbqVcTaIyxJ3ksLw3g9sD5T-xptZPyYgGeYx_Qz68Ovk4%3D&sa=X&ved=2ahUKEwiajNT626KNAxVnZfUHHb3REIIQk8gLegQIHxAB&ictx=1&stq=1&cs=0&lei=5GskaJqKNefK1e8PvaPDkAg#ebo=2
mhi45bb,https://www.google.com/search?sca_esv=b8ee9af777c98fc7&rlz=1C1ONGR_enIN1048IN1049&sxsrf=AHTn8zqu_JOAFalgoOtNJOzXgnDRkJ1kHQ:1747288272254&si=APYL9bs7Hg2KMLB-4tSoTdxuOx8BdRvHbByC_AuVpNyh0x2KzUw0EPkIOYve4QXvnqBXEz546cBC4eezXQC_dRmqmy6Vd-P9FBlAHtBuN3gkCiaI3wwk2roXalhaQqchuYFGRmvBWJmv-WYpMYqNAOYq8jhXtLsJtXMUUF5yLUL-3w9OxPxUSx4%3D&q=Dr.+Praneeth+Skin.+Hair.+Laser+Clinic+Reviews&sa=X&ved=2ahUKEwiiwaaG5KSNAxU6T2wGHbB4Fr4Q0bkNegQILhAE&cshid=1747288363584082&biw=1280&bih=585&dpr=1.5
xes37ai,"https://www.google.com/search?sca_esv=b8ee9af777c98fc7&rlz=1C1ONGR_enIN1048IN1049&sxsrf=AHTn8zpZapkF2_hac6YxzYP5Fqe07KFnrQ:1747218098819&q=rkr+skin,+hair+%26+laser+clinic+dr.+b+ramadevi+tirupati+reviews&uds=ABqPDvyna1ezTl6pc6UQ7ZEMdeMYT3ehUL0fgmYACl9PbpyiWSOOh2JyUZ7uceEvpqKQnheO2apmFH84XAQgd5rQuI99T4YhU4rxFWIziJx8QNUR6gVbnmFJfaVYme1IF6i7VyrTC1EsnZstj-JqKPoR4H5ljLMq8U0dd6CPw1U_AGc7mX_9TQoYCGiTvz_s1W2Fz9K07LgPOqeCZgas0sDhgmNuWqmiplif6mXEmlNdAkOPf-Fs08cBBfdPfuLI6xwSkoubhIwAIZh3hkUss-F1BgGUBzhtXoIsfxBJCowxkMaR5Cv2-BH-JOmNKn26CNrdywXV-mAubt0Y_dzDqwl9shv7IknZo7vhiYJxVKZBo-zlklfAizbzBauH4AejU0xEP_5mwSX09LRi_hME7NAQWNnPf-9QC4pDh7IidLs4v1udsHJWukzLY9XjZUEju_717wBUmsdX&si=APYL9bs7Hg2KMLB-4tSoTdxuOx8BdRvHbByC_AuVpNyh0x2KzSIjmZP4lm4b1BC0NV_3gGkOq6HyH3PoLzm4HuxVumjyvU9tcC6XALJ3SocvEr9_jrMseQdiby10Lk9g-KEXJXbyFJkQckX7PxN7LyHWEOe7SqCWMUHkzP4KKeHSCWUPNZrC1fG0P9ZwiY7ER2Qe2Mkn5v49&sa=X&ved=2ahUKEwjpjIDR3qKNAxVDiK8BHeZxK7YQk8gLegQIIhAB&ictx=1&biw=360&bih=648&dpr=2#ebo=1"
mmq40tf,"https://www.google.com/search?sca_esv=b8ee9af777c98fc7&rlz=1C1ONGR_enIN1048IN1049&sxsrf=AHTn8zqyfRIYTWIR5gIWutBJtQgPF4xn0g:1747218142939&q=sri+skin+clinic+and+hair+clinic+:+best+dermatologist,+skin+clinic,+skin+specialist+in+nellore+reviews&uds=ABqPDvy78MwXbvQ7IMURWGwesRoYn0A46B5bYkU3x59lWSyuZbcJ2MZHuuU2fkXtRLrO9J541AI2b6Dnat7OBzuMBSTDAzI0hs9ER7uPMTNw6XBZ1c1q2i6z6flydYcDQ6yKDLJfwn-g5Vk7zYyGX3sQDDcuSOL-QO0HB-IryIDFPe3e2w8nqzaPrsYkk03Xlo6bK_QP8Vq6_V33ZklCnIv-oOFnnqCsjBsR9mhS7QVf6vqQU307bjI7x_w-6Wgq3B3MsVqfpHki2WasyvpXAmU0--wZ1ymBdF5bKnckXQxzb_bA_5ELGUAP-PwJTmoqAzdsX-X-6yGHspOXPNms86qNMuHJY6kjenr_kaycU39gFyOibdC5b83aPmV2keF2WTOW3iKnyCnHZQLDEQWaRymvwyBbch3sfc3VvBPEU9dp6RvEJml6LqYvSO1Ca32oPRyM9omZa6fKtI21tBEYLl75e26GrCzcw8TjQoWioQtt7dT4zs7eq6DEVnAc5dOoZKfvhF71uLKOklyGi_P5YBtaupqNgIffOzKDcwGc1ojubzYiqwm8viYy_6xKtx4BnaQOQTZ512-hcOgkd0J7g-GF91pBZIiei8mTgltx4dqNW4Zvq_kQ3aY&si=APYL9bs7Hg2KMLB-4tSoTdxuOx8BdRvHbByC_AuVpNyh0x2KzZJtkic4RmRmZ-ucEb4gM9Nl4qYyMn9lvTIGnpHihmEUUoKk1i3-I6DbuRvX0PZ-gcs3T-qHT3Tl2BJ6z8DYMhoNrGHxBv96Q-xXt4gI0Cd_ItphdG-UcLL51_SucdKSKgvClp6V9JkStc_Vuop-i0nFBOrrJP8WH12RrTH48N6quQ66pztqKIugmELIF_P51yu_gvY%3D&sa=X&ved=2ahUKEwix9oTm3qKNAxVmma8BHSTHGpwQk8gLegQIIxAB&ictx=1&stq=1&cs=0&lei=3m4kaLGPOeayvr0PpI7r4Ak#ebo=1"
lba54xd,https://www.google.com/search?sca_esv=b274b634e924a6d0&sxsrf=AHTn8zrABmvT4fwsLRuJCoRqA1IPOHBEDQ:1747218299874&q=visakha+institute+of+skin+and+allergy+face+clinic+reviews&uds=ABqPDvxw4nN560RZtfQ6fWTPhtNirLctQ8AUQfYhMN4bGhw4qQFmQzkyAkP-4zSPsxTzQELzB6gfaE6N0yUd6E2z-yOt6o5TjB0ju_o_2nk8XlLLetWjODKQi_RW5GQ05LW6KCB5WgOHxtDh5_Q1Mp34_cw_Q4Y_D5a6NiijDrTS1Khr8HIRIRawlaM4svs0w2ctEYHUTM0OMSnEws6BIq_Gi-Gjdti2SxoQ0-GBnvCEZRRzoGgn3bKqUSZNentxLTSnYSYG5k2tkeJGqFH-dgi-jegGxy1wV_-Rw7qakzxN5RyYc20xl1YH7IPfHlz5kKfF-hYz2yl06Ne82GqPgHcmV56L_Enge9cNV9VwWhr961MD3RqSLHVOqHOiCHmchvt-SECv-Q-jK-Ffe7Hmc2uhTGRP9haBz_H8toYw_jPc2MieIXyvuZZZg5ky5pvySfZVda7oOAGdAPot4lN-gcCefVTX0-S_dBKnvJf1Y94EvjMLzdZurbbUYQdZk5vxrMfjbm4Cb7NADrmi7RfHpglkDEN1rEuXa3jvhyVos-sU9UHwYA5ejWoKYb1HP-ESfB4P2V05skcX&si=APYL9bvoDGWmsM6h2lfKzIb8LfQg_oNQyUOQgna9TyfQHAoqUqJwvQv7xkkhKRKrYUICXP-RIQyygwORGRZjyhDr6ok6zQO8mg7kZ01fwoWiC3uw1thA3H5xFYxfLvNMMk2P1Zga5BQI8uKDpNGbvq4KwtC0Ck8TmbLNbIcpivcyuurkPtXOvx5NPk3ogiIEqepprhFaAkO8&sa=X&ved=2ahUKEwi5t--w36KNAxVLa_UHHXKOCc8Qk8gLegQIIxAB&ictx=1#ebo=1
luw18in,https://www.google.com/search?sca_esv=9c7ec454ad9eda0c&sxsrf=AHTn8zr0EQsLVana8vsjQXDKMyfzqctfwQ:1747218336254&q=koncept+skin+reviews&uds=ABqPDvymbjlPVqx7rHW9TbknJ5sdifyzfP0BoVlKCaD-9pa3YzmgacDEEJyzCV9s-lNNUfNZXHTdQ9_wEit2jI4itFa1BEXaNn6Ei2bvnKelCRED--e-ES5_1MYWdSSAdngmwIF8E70A-2oTZ90QZDOFtVfzChmHVsY070tIOhbgPFySOUEGJTQobB5RkhN1sevuAsxbY4_M5KTRxbbm9RdjqzVpzcig3SvnKlc5nghE-GORn8sJp8t57zjeRr0jO4zMGrHKWZr_DJmALJi0hMfaePFdWRBoZ54hmBLlkxmk5DHqkMeCb8pm1-LCh0Td-5QB12XeIpYWe5tx5fE4SVNmIewInfuuxYTrmgfWndmIwb65tTGOqno6Ozfb-DoUTxn0z-UguebpdbNvfOvg0hUvYOB-3-hPl8SWEplnrYy3AGj0ZhkXLJjKiNUYsmIePthSYoYNgk_y&si=APYL9bs7Hg2KMLB-4tSoTdxuOx8BdRvHbByC_AuVpNyh0x2KzXDIimO3eDeewqiF_hNJfHVrQDnLmGtJU22WPJ_icPULn7R_HzN8MDhTMXPKf-fichpNrvBiRHT4t7tH-xqw7Rw4cAC4&sa=X&ved=2ahUKEwje8pvC36KNAxWBna8BHZ-FNwsQk8gLegQIIhAB&ictx=1&biw=360&bih=648&dpr=2#ebo=1
idh88iy,https://www.google.com/search?sca_esv=b274b634e924a6d0&sxsrf=AHTn8zqS4rf2AO4j6vmsPTGwCV12mTfrPA:1747218387618&q=dr.+k.+ananda+rao+visakhapatnam+reviews&uds=ABqPDvzO3Gl-8kyqH8rSrc1qhJWS2key7pM6HurmbZsrMxDQHK5Q_s8LVTUmZPa2bkpkkKKRpuB-2s0kfe90NXVhMKuQM3YbH3sesLO1I1s80BXwVcwKJr1suShEPH-EcsXWwXf2ftnjyLxIF2QQ8k1ThbvPiZKlE9570aeQWzlzzBh_1UQsqPhxRsEyV2sun99p4HrHtQ8gkBu8Hd8XqyBrtoUjx_hJcosM4Ko9IvjOUj3W9cM-_Z0rRn1yKIvTAaoP_Yf7ZX4wFf_Z1Npoe6hSe006ysBO19umK9Y9uX9pvwgFXaMB2K_RZoJfXwclzGvn4EKpEhF_0Ft-IoDVAOMYK2Dv07r6XanUjYtWbsS45BL8LCt1GtJ2l1USjp8k3AR9B_ZKAuQf7X5CQGVKo19eZ27oEV96VA&si=APYL9btvhO6SAb8jF9HqTZMMa7vs_teLnZaEVrJZwRKFIIKjoW2AgtfYkJaK-qQ8iiPKI9NsJkHwe2iX2mn_h5FQxjzDnWpU-HXbX1n8qC8vzGJ7q4cqQuPy-BbZKrRX47--9_ZMUINCpl5NHcIpBUsX657QNSd1Og%3D%3D&sa=X&ved=2ahUKEwi2-tra36KNAxVfiK8BHTDJIuQQk8gLegQIIBAB&ictx=1#ebo=1
yrq04ti,https://www.google.com/search?sca_esv=b274b634e924a6d0&sxsrf=AHTn8zo8tbB6VFC36HabFKmx9pd9BBmn4A:1747218432809&q=dr+t.narayanarao+reviews&uds=ABqPDvxO-_MrqVUTz5RREd2TXpoWBgc_rtSYvfoA_hakjMuvvNrrPqqX_04XZ1on0sMgl3WFnSA9DmpysRZcKXzuCJu8ogAIVGWGgEdjCE3nRDFrWz87imVE4zYYdL_d_2p29PIGwuUfXdy_v93aiL1pGlPj3nLHK9-5nFY2uA7Q0udLTKJxKeg0adDwn-13ur8c0q0FbsCPp7Vg8XEQCTQ4JXnpjApoRB4izTilMaYncdndFoy_qMFL32kQvlb_ljB2i1dbJKVm-iogegMR5xlijIQe7FUEw1IxcPuknw3aXZxLIpUuznND8vOBhku51ndvjSOAynbLz6W7BPuMoi9QkPsodV0F_4OmGrVnmsoxeYp31VzcqMTAmIATKezecHeeq-F7mOQm&si=APYL9bs7Hg2KMLB-4tSoTdxuOx8BdRvHbByC_AuVpNyh0x2KzQbOKHtQRRD5zqsJyPvktHOaLX5rCFEbNmUNLs6M3Wyk6dS4QkQ3-r1NYPB_B-9B3mM6775NDVJ7DzBze37hpiyu8ENl2q3v1Ko1HVsDiHl4Yg9SzA%3D%3D&sa=X&ved=2ahUKEwj9lKHw36KNAxVCxzgGHZXZI-QQk8gLegQIHhAB&ictx=1#ebo=1
tcw28uu,https://www.google.com/search?sca_esv=b274b634e924a6d0&cs=0&sxsrf=AE3TifNEo2ZgYzlBrBxvKHhxmmwl0K4f1g:1748083398842&si=AMgyJEtREmoPL4P1I5IDCfuA8gybfVI2d5Uj7QMwYCZHKDZ-E857wc1eU5qEBwFymbq_PxP1W0HMq28t1fiDYRf53jj_SX20hc7-DMZb8o8HlBEvmkDdFXyQ0aU3YbMkZKGOtLVmg5h0yZ8Io9quWOe2LIASyhNjzA%3D%3D&q=DERMA+ONE+by+Dr.SOVANA+Reviews&sa=X&ved=2ahUKEwivlJqQ9ruNAxUj-TgGHZIVBHwQ0bkNegQIMBAE&biw=1280&bih=551&dpr=1.5
nos12fo,"https://www.google.com/search?sca_esv=b274b634e924a6d0&sxsrf=AHTn8zq64jXg-ltOtR1O8iYdeIgRYgWs7A:1747218586040&q=dr+g+raghu+rama+rao,+md+reviews&uds=ABqPDvydgA-a-OW2w5cfHMei2nOQ298y9cLdFQA530C0XE1MV-k2kF6KhYKZP2_r6Tfo6A4IG-ymuDcwN08mbMYUManj25A-njdxhWoQCl6xakUKKx0rKVjfm-5DoQ9e-Lr8fIJPE2iVWOvHN3CBzrQN9Pdo9oS1YIqtCOc41kehwyDblxfSgdWmsLWzpoz3biwfEC1cQ1IyynTAMqxjr0iPTyKBbM7mw3E2bameuZP8l_wnPGASKUuzoVVVewV_brKMQyyvZZ37G5Pac3SOwduTrKIg9VMIB64_8XAXvqQOsby_pFky46n6srjUKTiYDFlwaxob8SJbukUcfccJ0AAs2GQPDwC5OgsSwgoT9VKw6vnkR70ywI9Faoo5U0EnA52KXpseW7Qz&si=APYL9btvhO6SAb8jF9HqTZMMa7vs_teLnZaEVrJZwRKFIIKjoStRqcUrS3MCzccVcjhPdqV9sVARGIecQzkLw0VTI7DBPjGqivCkpiz6OPATUam3N_NWTgHuTNfCkoBXjKJHUQ1VUgOzCmumTLmGs7I8l5RurFSvug%3D%3D&sa=X&ved=2ahUKEwj-2am54KKNAxWd2DgGHUBDBKAQk8gLegQIHhAB&ictx=1&biw=360&bih=648&dpr=2#ebo=1"
obe46at,https://www.google.com/search?sca_esv=b8ee9af777c98fc7&rlz=1C1ONGR_enIN1048IN1049&sxsrf=AHTn8zpDq0OasigaKI-jhoPvt9tkq-G0zA:1747218650555&q=dr.indira%27s+skin+and+hair+clinic+guntur+reviews&uds=ABqPDvyzBgV4q-T0Pe2BtKcjCGlt1HrOo9Cg6SkPfOTVwHkb8PpBO5TnZp9Ulk0hxdhH96AO8lNcJDb6VB2TCZeBKvp8cIa7MyeBOl1znv9pmV7KuUDh-PzDbkWBGmtrbfW5CFI_ImuU0bwZP2tDXGntu0PUrrEOlQRIplKzuo0AWyStLWlvGQFvLLRXxUdQ6oVA6exxrNdi64izPnFSbGoa3kgEoqmURa-ZkbXaScjo5k5MUwAT8tuWOIUFuDzO3_XvgCcZKkZHa3ipjcya3oBlENksdLe_N9i_wh5VTrXHyLkEWXx-TJW1VhqnGyXdoYT1GGL3wpaUwcgVKhZDiizd1VKxRapYAlxOlzq2WNs23xbS75XLWIvTLP6F8a5jvSfM2Fbt_nhcXpmYsZWZM0ZtU1sNKT5xVMaWFsHwPiUkwzhP6smKLsgd-lQmLhBw0-qfBCajyL_F3kYYQmoIL1BnTAfBb-w9sp3hFRNKxGCtFcPtp2m_s90&si=APYL9bs7Hg2KMLB-4tSoTdxuOx8BdRvHbByC_AuVpNyh0x2KzcN-nM7-fLgG28kp_G78cEfpCICt-WQ2kosYpqg3ClgtH41sxcc5VZ8kqCvAr7mrfyJ9HLafsvXy_5Z4e0xOPDGB_YMF2YQJyvQFcm7t-xVuOulfzQIPG4N7USDA5STZrbyK2FU%3D&sa=X&ved=2ahUKEwj3qovY4KKNAxVXS2cHHV87AlsQk8gLegQIIxAB&ictx=1#ebo=1
kke71wl,https://www.google.com/search?sca_esv=b8ee9af777c98fc7&rlz=1C1ONGR_enIN1048IN1049&sxsrf=AHTn8zpdcdUMGEPUjuZVvQxIKl4cu6m5gQ:1747218702637&q=sri+akhila+skin+and+hair+clinic+guntur+reviews&uds=ABqPDvyoW4Wm5Itb0bw75foODqY4ErmxURtR5ayY4bWOwZ5YYWkzx4Da2v533H8wfpXXtdc9Io5tzABzdOdb4qLDjky5qzgr_nUf-2NHdQhXFQw5gQO7RTS4nIq3t596JcS9jfM-pgtKBGz9eDmCKZol5EtzHne60D47gPRjoQBBmOg9Y406EOC0y-ZYiobyX4q9ECLYzcuGBJGRK94ZlD3DN9NNejfE3AAMOuBGpzc4Ny6NH3U7nDyEmrhjgt73HFawjs6MQlDyKNDUbVq6OTNL6aFXwxwKwFld31LPpSFDrWEbJeuVtmOmwXmHFdn1fLoLnf_4E_NdAxS9esNzq2qFMABVswUK4fTofcDrzlXQM7DJBndlJQM_LHzPEt4mK6PZgj-HQoFf&si=APYL9bs7Hg2KMLB-4tSoTdxuOx8BdRvHbByC_AuVpNyh0x2KzbZQQmjQilzkPKI3c24-DNcbVpJKgoUnuftxDZ1Wk24aWWAc61cZocJNTJWU6R7mAHTVPlftIjzIKs3iYnIycX_akUBwhkDBi0061kQKKoYERCPGW_DbXLUPDyTv-NknLyE5Jj8%3D&sa=X&ved=2ahUKEwjBlPbw4KKNAxUKT2cHHbHMEWMQk8gLegQIHhAB&ictx=1#ebo=1
cnl86ic,"https://www.google.com/search?sca_esv=b8ee9af777c98fc7&rlz=1C1ONGR_enIN1048IN1049&sxsrf=AHTn8zp5RjH3h1DjHwVqseimmPJEgUo7qg:1747218749067&q=chandana+skin+clinic+%7C+dermatologist+%7C+cosmetologist+%7C+laser+scar+treatment,+laser+hair+reduction+reviews&uds=ABqPDvxCIFRWQ9iQBHm53MSmwIfF5txy32AOgKEZ64XNcPiVS_mfn9f2waS5QRyYArKEEQiVQo4djP4u9VlysvebeC6zlRBV69WVaCtRCG5Q0EqXFwdFwb0VCjZnO-jdxJwxAz5sMdopLB5y8SWBz0IeBgy9-cd_30AX2sMjfkWwlmZLCNdxl6Pyn9YyLmUNEzz1fSKIpLo-lCjEsdd8GjFq7B0ui7rG-88cu4MOWP3iedHYmS1MP6Mv4nE8QD-cKCLPz6m_XHVCmIe5dcLCCnIrkLxWD7YaSsJNw_M2tV-rJ-cpqa8rLr1ImodDtNP2zMWFsf0f9jWO5HP32OSnVwS4ehkMDzcRUdz3JWvpoArCU6uQQWvA1nqBjFWLF7N1rah-B51UTzbGzeXwLKw2QV2ZS6CLSbdv5E7W2kfYFLhrVUBlCA-0FDJ7ezasCophFnGfgn6JxEWj38EzUMzpf5Zpfm61UENbdFv98Guxe820fuf0an--Vu-M3xtwmoiq3PFe01bLn0P_O8pMh3wIYL8vP6dUtOPRprp_Axk20Z_8gi597lkihQyNq7-RWgIEz8qTqUOPFgFdACKvMZTwTCJbA3N9oEI9Z2tk1TeDucjW-qCRyqHXqpbBObZXkCkitgKqXisnb5SR&si=APYL9bs7Hg2KMLB-4tSoTdxuOx8BdRvHbByC_AuVpNyh0x2KzSA5O2RctRuITZ3w3D2ROnCF-wwARJ8hmJt8oH2xRyomIcgYq_FihxhG6NWPnJExohzJlgy2Z4ftMmDHglz1gV3IBHCTwXB6hfM8gdI9_JOSwZvYLpBdCDcuddCW5V-pH8WZBvc0FjAKzcDiJUeci92Jjve7sn33v4NDqFqt97CIYYB4wVPwQNE_r-TaAnd0sUKfp-lKNW-ynVZrerpHP6cQQUUZ&sa=X&ved=2ahUKEwiuiYiH4aKNAxUze2wGHXPQBGoQk8gLegQIKxAB&ictx=1#ebo=1"
rin99ms,https://www.google.com/search?sca_esv=b8ee9af777c98fc7&rlz=1C1ONGR_enIN1048IN1049&sxsrf=AHTn8zqXWt3gj8V8s347YB5VeXiWp-ECSA:1747218826036&q=dr.+kosuru+tarani%E2%80%99s+skin+%26+laser+centre+narasaraopeta+reviews&uds=ABqPDvwuC_197_Iahx-4Ns75iy8Ci-FG3JH8gw6NkPw87fQ6XVXREYWmKX_Af1jas30Bw23SOKPaZDYA4NGcKmTCHE-cw5rwkzwnVjnuoixElbJNlFzNBg2-y_8tu2ChMn1ykO_GHYawp2lBzwChrzuzgURY1UiLH2P2082txy9e8JL_Docj7Va9WFeFJkYuX20PBdtrHEOStMnkh-Hb6M5C7pJNa18PiXAQVi0LAYMCL4YkOKH-sahaN4bpfuikOKi6KNB2cZ8IjGaN2F64C178zG6JOavZP40OtK_q1aDLE1YOKRbb0MyLOraEkHpdI8vvBfYOkP14ZpAhZkl5TyvPi88bU19_GBIVNWcXvoc3Ezt-ImiRwm9xXcxIFk-DCyv7rMz4CwsntYHbAaDGbyX4_0Uwhybxh512u_FRzKoUg71iA5kkIUf-jSUhKoqccADLagv9QfpL&si=APYL9bs7Hg2KMLB-4tSoTdxuOx8BdRvHbByC_AuVpNyh0x2KzZmazpkjZNl6aBSDrs877dEgY1DUK2C0s_aSs7fQAEuDWLC7kSvMowyfK46M9glQ_iIo_tnGYAPz70qXF62WSgoJKoY7jCyNAWANJK15vG5L7s8hQbY5s5ar9v5uweWR16gShIIVqiFjchSsepgWmCjJMMhD&sa=X&ved=2ahUKEwj_8OGr4aKNAxXzS2cHHYGlAPkQk8gLegQIIRAB&ictx=1&stq=1&cs=0&lei=inEkaP-DAvOXnesPgcuCyA8#ebo=1
dmu81tq,https://www.google.com/search?sca_esv=b8ee9af777c98fc7&rlz=1C1ONGR_enIN1048IN1049&sxsrf=AHTn8zqfPrqblwbEz-aUUWi_-hdNLV9WUA:1747218941741&q=saranya%27s+skin+care+guntur+reviews&uds=ABqPDvyHGKWWTeXc5RTuXg98ltJ_btEyKgyWV3zxvyVWgit7_uc_oveHjobh40lJ2OAf-UOO6VT8-fbPgbPNDhdtzt6TkcZM3ZDp4HScIuPyTTZDjz4qkf_6igccgkzvC7oNiu28AV0O4xCOWmjn__ix4aZiO1NrqwJHjsaKxzLaJFgdXIuQc_qxEH0vTqLJw1C3UjmDdXk7i3VybW3li-wMaypV8vVM-7woXPk78Z7thQyhpaF5yBYbKEfCup8Z4bCC0MrOXxIyXn5cSqpXfdLgQTT57E_0k8rDYM4j_mlC9MMmsakmW1QAPy4MKKha9F11lDeV8KWuOJ-M-beihioNDt9FPtrge7Lv5036vTaCqYu_gtu2uMz4c1Wi3IMk959GGiuizfM9oVO1EizLzLSRPwxBtZ110Q&si=APYL9bs7Hg2KMLB-4tSoTdxuOx8BdRvHbByC_AuVpNyh0x2Kzfh4OxKMBSAYtnxo_Zql9ywLc361etth75blCy0KlMEfoDu_X0DwH-HDFr6RFoKjNox-goRkMsHP9-ZS7mWsSL6d7YpybvfkKGBhb1tII1O7mW4OTA%3D%3D&sa=X&ved=2ahUKEwjI_Pfi4aKNAxVXSWwGHVxpJnkQk8gLegQIHxAB&ictx=1&stq=1&cs=0&lei=_XEkaIiKLdeSseMP3NKZyQc#ebo=1
vko99ad,https://www.google.com/search?sca_esv=b8ee9af777c98fc7&rlz=1C1ONGR_enIN1048IN1049&sxsrf=AHTn8zoRGGEIIcFeJ8Hve1nBAP8xdNLY9Q:1747219068189&q=lakshmi+skin+care+hospital+guntur+reviews&uds=ABqPDvwGfGe0SafEQWbNoDkzIEQlPg5b1NO98kG6w0FU13PNBIEudcc1yAjg8S-64SVMGAu8MZnpmtQcO2XqHN9y77mw64WdgeYnYkiTL4zwoH-5_RrRx5I5tP5xumlPQEmcNwar5Jq8QvEXjyb-EUorWroUjdpveB-OJMUYkd0gJfDUkGTeTTVUKhRl43VYoug5IayZqUcbpuwJtvTRyCy-ZAPaR3Xx3d7115n9S24Pv19U25BN8aIMTPfndHDdyxXB9D3suz2MkfuliN4UENPU7-GgU56AcJnETJot4ZxR2voxGdNRHfBn-PM4DWQTZzCZsU0acvk4BX_kY4dAbVU66HEMNzdP3iBSkeesch3OlvxqikUeMWW5Dy3WNR--aigGwSo6_y3O&si=APYL9bs7Hg2KMLB-4tSoTdxuOx8BdRvHbByC_AuVpNyh0x2KzW3fcNkOawgvtfcR6LQo2KJJEmaR0MWEHfjBAg_n0FnFF2T8GL93BUi21GGHRH7n0FPXSTjyZIG7YAUE4F-RPqvX0Gw2_UY042OvW2TA70BYeIhny-8lxxCsQrQc3OHdEvd1BKI%3D&sa=X&ved=2ahUKEwi645yf4qKNAxWxSGwGHTLyGJcQk8gLegQIHhAB&ictx=1#ebo=1
ygg73jh,https://www.google.com/search?sca_esv=b8ee9af777c98fc7&rlz=1C1ONGR_enIN1048IN1049&sxsrf=AHTn8zoKLD2XpwTFIectWQayduSb8AoUaA:1747219130981&q=varnika+skin+care+clinic+narasaraopet+narasaraopeta+reviews&uds=ABqPDvw8cOhChVwEH3yOQY1ihN4TZKKjm8CY2gGCLPO90DApDPO4k55d0K655V7hUTDhcmnH-y7Sw6pOj8p233H0w-FPX5cJNvcnf66V0yhfTM_07weeHnhfmbjU4w2LK5cnRYKCPhGs61NcoQoLKNAKQsml1xL5ooSGKkHKgNWEBNgIr1Ca2UsK2cGnIARivCJFYXZESYpKWo1tZrBL4J6OFfA8dB0elQmbzmuXnnfu4scnqHMcSzSCdequiNg3n4wwqUgSOjJ7oWWBXJNuYmmASU5yj0K73qdAYsCJ5moVcvjR-J6gSRumtxmzqh2xrVf5FKv-FNrvZ35pJGTYBzY9VD0YMXZryklX3lF-rFjt1PQSBTmjwvwN_aTKeiuSO1__8DYkH0s-XwbjvHZFjkbwpt0oTaA91mFPZMyiv4pKzP4RPvbAgMQ&si=APYL9bs7Hg2KMLB-4tSoTdxuOx8BdRvHbByC_AuVpNyh0x2KzURgFnl3LHchQhK3d0EeZ0fSi-cPpd7xugkbMDkh_jXnK6ku9CvfA8Iexez39AnEgl0ZVQ5_w4uLLcfjIdhp0l8Rzq-asuuiAzN7MU6hlX3F-R5Tr05akvvSdeRtBhwztIEsRQPPqoubiAXdPBZHKSwbgQZO&sa=X&ved=2ahUKEwi3oJa94qKNAxXnS2cHHSuCM_8Qk8gLegQIIxAB&ictx=1
qkf77ie,https://www.google.com/search?sca_esv=b8ee9af777c98fc7&rlz=1C1ONGR_enIN1048IN1049&sxsrf=AHTn8zoqJ2xcx9xpQY5IXOJF22Gu9Q-VqQ:1747219178453&q=dr.ram%27s+aura+skin+clinic+rajamahendravaram+reviews&uds=ABqPDvxvt3xDwcp_yHTMnjlO_U3Rgd71GFM1krRyvpyG6faXYtQ-rzrift0cQ28JL5eyEljzbO0FHePwcbWTH5VnSCYGYxNWcnCuOW7ag8RDq0Tt5W19Itumx1vstBxjgC-8N2X5oqBbj63RE959StvTCE4idBiWvfrs_9vhyWUcGfo5AkYHbPx8BrXm3nsW_FTnNrFPeJF5rSrm881hZsPlvOcokyDIlS3w_mRwtaxKDQcayONFO_d-AA8Ks_z_u91baTw45Zuuc7bjwaYSqpFEHBwWqxQ0cceJQK7DgZfjCBq9e5mmU_RAAHlJ8QjyO0Dki3thMM42qTzcC__9wvfsJPngmkR9Hybiz6es59tqwNmk9UG9vhsHmnAV9MW2gnXBXnbqchm0wQhHOJtWo5fylfuqerRtFeXAInz3LoahGg2yYJ9C8Uc0cyaca1FXk6Ani_ZWGPqFQ2HjtvXjnEjFqjbCGhYp5e_umHRanc2_VjH0P0u1bR6fqWy43dXhTwvobZGl8DmydVqt01-M8rMUkqubeXOXMGybOOiRuyhV27XwF8cTlgzmz5TveD6iD1_cZp-w236M&si=APYL9bs7Hg2KMLB-4tSoTdxuOx8BdRvHbByC_AuVpNyh0x2KzTF5Ika7j7pCytKvjOe1Z2IFB_IOTMQEsiV8lQ82NVM3JkhDbDRbrbQgafblG3X93vxlpBGMnqIBi29z0eW7WQhZSnpP5DS248sz2r5ZLu2s07mmp_a4orJDNZsnVoxBLUS3d2o%3D&sa=X&ved=2ahUKEwj92efT4qKNAxVpd2wGHZiMMXUQk8gLegQIIxAB&ictx=1#ebo=1
ehu65fo,https://www.google.com/search?sca_esv=b8ee9af777c98fc7&rlz=1C1ONGR_enIN1048IN1049&sxsrf=AHTn8zo6IkmOVD8Z35sUDSVNjaNCIJ7Uuw:1747219410945&q=tvacha+skin+clinic+reviews&uds=ABqPDvxVJXd2VA-hCL8gX-W8OCPE-BtZXIPYJ3xQUuMs8RCtYpK95Q2gBrPHL3bnMIgKEBLrTPOEOsRMbQJLVJuefzK-0_kJCmya73fYxRKIOhozzuWVcGxzZ8D3zzG2Z3BtYJ69Fp-VnNJAvUz3S4_qCqze9l9fAmsGW50UoL6x_tPyd5M3w1rle2jQgvbINX-YaYrisYBxJHQevJS_jDvQt75SYqJy4yO-mDjqUi1cLPyQ8gTcytyotVejXeSt8ZNHZOJq391cTjFn-xweIux63KNSzI75_pL-iymeJ5JG1a3RZHZ63iG_ohXd9DmdIcB1px5y4UFissPHBTKtZqAImVC8GRDbYu5eE3gBo9GTuGkxanDNZh867XVgdJ9ERK9YXWFTugoCkjvXVZE26-cnKnH9GgRlM8lDt88Wyg8Jh8LKyJKULravmMdEJ0l6my5E5CXtAlOatOa7JX-Ge_NpmsGJMgD_Tck1erVrH7j6eJzqNfhUwiGHXXUgeeIpBuouHWIF_7uq0889CHq5S_WxDv9nG-FLtA&si=APYL9bs7Hg2KMLB-4tSoTdxuOx8BdRvHbByC_AuVpNyh0x2KzcNZpYzOmsEw0LGh1yW85BrdE2_oY1rowAnHWdg7q5_2_reNd4ecvxZbQ4Tnw3RT2jlIVhR2EnZORXBvL7eYwgBL06r1xayjs_v0upULtL6WA0yM5A%3D%3D&sa=X&ved=2ahUKEwi97tXC46KNAxWAR2wGHd9-GScQk8gLegQIIxAB&ictx=1&stq=1&cs=0&lei=0nMkaL29OYCPseMP3_3luAI#ebo=1
fyv50qe,https://www.google.com/search?sca_esv=b8ee9af777c98fc7&rlz=1C1ONGR_enIN1048IN1049&sxsrf=AHTn8zp8Ntkuu7YsBBSt9o6t-PS0jWnIgA:1747219559481&q=care+charmalaya+reviews&uds=ABqPDvy-9pA-373qTS4Qlhdg8THFB3w38IDSV2YgB3LDYKcw7pNsm4Agk6NJ7ZXw7fNWwCdZV7c-cSIoDfKQYD010DkcXNEJPsO1MtyLvtP5I6urWzwsD2RJ36xf6ifiFVtg-XTvzhTvIjLBmNI3xkLwt8ekygF4H_NJ3CVkkXvT4c5-6Bm2cPjffFLF35f9SeSWRBA4prpgmj5tkinFqwFTsJjAZups08iAe5vEIBsey8k9zaQIyP8NsqSpxTt3xKGLxwd9Bnp_-ASZUSkQ_mp6aJ27Tz6ubR-5PLeZOxj6jkoLvVzE7WIMH_mZy2YGK-eswdZ_JSjGtbytsHy1RA92WXR4Rpuac9-5fQv2RHfsckHoTANOdb8g6DL-_vxc4ifU-RqfANkZEAzZhEZX-dmscgDCWkBBf3zb3aj_96WCy7729EmfLy1xaBlOxx1oqn3Ujd0hraF1cjiWOUREvnmeDI_KrK6jhmzruoNmRiST_sW5GohorObIQySWnFzOd2ElNXiWD9qCvLAUJ2r3ZRsMfsb8TGCl7w&si=APYL9bs7Hg2KMLB-4tSoTdxuOx8BdRvHbByC_AuVpNyh0x2KzasueTVGAAuMbCAE4y7sJSWCE_o1vrDTKw0BbUVR0rJr6cB2eHmhjSmnz7GWe0-O7ieLqHbLC4wsQfnqo3OVtAFY6k-_&sa=X&ved=2ahUKEwj857-J5KKNAxWcTmwGHZZjAHEQk8gLegQIIhAB&ictx=1&stq=1&cs=0&lei=Z3QkaLyYHZydseMPlseBiAc#ebo=1
xyt62vu,https://www.google.com/search?rlz=1C1ONGR_enIN1048IN1049&sca_esv=b8ee9af777c98fc7&sxsrf=AHTn8zqKhWpYSHaDRL_yGxI82mMx4pWHsQ:1747219650851&q=lakshmi+skin+hospital+reviews&uds=ABqPDvw2w_b6Ie2m5D8dA4JJGf42pa9a9kjLU9gk2yWx4ccN4csK7ePtYB2gFX5QutNUcG5HcYnLt6pzxympTO5Yrz5MIffXd21nirzgnpDE6fh7Pl12IUEawE81Z0DUNA94nbbd6G_AK14KEMVc1EPQ5uoNE80ZFToeEMO-bLZSQ0ZdWM6rSw4SfT8X_LerCiCeFLvj9De1wsP3btfysSdE01cVzTN2QkD6cG12_dr-haPlviWSYpuAEKCI6i498SWGjgcsWdgra_WPMs1b8VLfQcbuLb5wcN6oFzSEdIenLs3dcpu89yjBkBu2Y2yrY2fwSEtssRrMe2BgOJxGbc-D_LYn06129ZMm1W5cUX3PpJtSkB2IkF4&si=APYL9bs7Hg2KMLB-4tSoTdxuOx8BdRvHbByC_AuVpNyh0x2KzXkQGdgVzw1YY6SdBBsXAudH0SNf4Xq4_t-ByW3P_l9t4B6yuZH-2bjCbPuhdJyu_ZBm3EJpr7uBVO0REinhIUVD13QS4RGZ1NSv7cBej7fOFjVYPQ%3D%3D&sa=X&ved=2ahUKEwjfyoi15KKNAxVnS2cHHd_QLRUQk8gLegQIHRAB&ictx=1&stq=1&cs=0&lei=wnQkaN_hM-eWnesP36G3qQE#ebo=1
acd37nk,https://www.google.com/search?sca_esv=b8ee9af777c98fc7&rlz=1C1ONGR_enIN1048IN1049&sxsrf=AHTn8zr6AgKEfPEkSZ34fkumG0nUzGvBRA:1747219704229&q=nirishi%27s+skin+clinic+reviews&uds=ABqPDvzZx9FahazAyumoKQJFjE83vxl6XjSAKGu0XHr_bXeThSckZ0UvyXS-f5ooebAAnyvG_gMT6ZphPVsFGAD1UDhcs3WIweqX4-D82q9PiPr0ktsSPaL16ZHXzhyPGPgsYPBVryTbPf6RdG8-muViTXMzasL-93LopDQvjUmhhptmUmYk5Alann6WN5VipT1ijHO6ZbuKJqdqdPSIY3ADydA-2KR0JF_3ei7dTdvTgj0CdKCzjzo7SmCdFqkuJNzpz1T6ya2pvwXBrur-rIx5oIniyxGGsWDWHokiwLdepaZNtzwJkCrGCWRr2EdN6L1Muc3qRUK93EisyKCiJT3zSwtfCSSVfS9e8JmHZC7miPvp36cmXXtmaRj2MtJFBAO4Onu3oMuAYRuXZ4oMdlzvdhEByfvamw&si=APYL9bs7Hg2KMLB-4tSoTdxuOx8BdRvHbByC_AuVpNyh0x2KzTN0n4UZpJrDJKhekrJC34u-x6FNSaStS_K-zE8k9froI0YoP_7HooOpdgX1_qT2ZBk7igqGS9JcltlQs1VsPuoThHFd6YXXMFnlVDKi1i5DBISoww%3D%3D&sa=X&ved=2ahUKEwigwsLO5KKNAxVeTWwGHUJvGjMQk8gLegQIHxAB&ictx=1&stq=1&cs=0&lei=-HQkaKDmDd6aseMPwt7pmAM#ebo=1
rxk25kz,https://www.google.com/search?sca_esv=b8ee9af777c98fc7&rlz=1C1ONGR_enIN1048IN1049&sxsrf=AHTn8zq-La2RYp_hgvOHIO0_DT_RNK9_og:1747219763822&q=universal+hospitals+rajahmundry+reviews&uds=ABqPDvzwQRFspq3U8co0gImPmAMosEeGfmSsV4g4Gn1yDQrPjFov6HgPFoPuzWsI9987eIoCyKT_fnQi3TbsMK_5AHmHsd0LWfnwQLHz7T6JDCgop7euWyYCusR3dct3ZmgYHHjqQZiKdNrX_grURXdrkE456pwg_iwSctGWGgdQwhStBh5VwWsoeZ1fu-ajO21uAE4-u8eNN7Eo_rzxJYup1VCBmWisgT-z2HbvMQXjrOISB3G53sAarG6xdoMz8ADaUR5m4vOqmJPejRWx8PInQCL-vjP0XBck2T1cKOgYOpvWVtIBOfdUU-VpndgoiTJPOPreD9ttJPk1lCB-NA3Qg6x1j4n54wzGp_hBK7ioLCFOCs5Ei1-E-_EqIDc7TFiTqFlW9TiRgTpCMYMKhtbWDr22ltW9A7U6z786orc8EESAHI3W3DejDPy5mzm8QDGa_vTzQTYW9zVqzM83-vyPYo2Q1OxDObnUczuSHU6u2H2g_gEzB58EIM0bdnc0PCxdBNyFKXgbA_Ce4n9vUy7VSTtDK6PRvsIEzb74WlUMzjreZF3H0hJhTYO1jHZq3zYuhqZiiPrmVFXTR7hyriLQwicJfbKYaw&si=APYL9bs7Hg2KMLB-4tSoTdxuOx8BdRvHbByC_AuVpNyh0x2KzWySW3hMqLkiel4lXsHXPrsaICs7EkCKM3gI7OX--EpRXFsJBrE0PNEGjnyNCAGBbk34sUW4OGYy88m_fBatmafR-ipFMiBk8lYYf1Gprnhw4S-3Ag%3D%3D&sa=X&ved=2ahUKEwiW3_fq5KKNAxVZd2wGHfziHz0Qk8gLegQIIxAB&ictx=1&stq=1&cs=0&lei=M3UkaNb5MdnuseMP_MX_6AM#ebo=2
blf74jc,"https://www.google.com/search?sca_esv=b8ee9af777c98fc7&rlz=1C1ONGR_enIN1048IN1049&sxsrf=AHTn8zoMm8ubCMGTetXQAF6vpZG6FAfZIw:1747219843057&q=dr.sahitya%E2%80%99s+dermacure+skin+hair+%26+laser+clinic,+best+dermatologist+in+rajahmundry,+hair+loss,+acne,+scars+%26+tattoo+removal+rajamahendravaram+reviews&uds=ABqPDvyACX_Oi5kkr3NVc40apRWqDjJGVJegtIf1KYipJ8TkYQ4NcLGDQDkQGNfNeTHdGYzn43FkLIU1lO-S22ajPCRr4P0By5XAueDK8AwBFQKaRCY1Tyhq_e6HR_1M07LR1TkUelhAKfNsTjRdDXjCwjsQeQG3sEpSM0E8wAIO0iR6l0EOSXAyMbpE1-p5loyvkF3YGkRxeDZyDwxqfHL2cPXLSVWt-XvYhKwqHb2kNghSXzuSP8-XexasJMlBEJJSEJw8_0itS9PitMnolW2rGpjmcX2n8ZtM6ehqxtGh5_10-4BHPb-fjKBEz-X_uvECOn0LsubwEVmj96ugionxobiLb91eWxkieNALGFKx7lazvDrjYOoPblrkclBvpR15MmJXeUpJECpiI5naX8vmP8nP6gIpjIWy7MOvwOdceYojbQRQn3zJoeNWB9y3GdtMmoiqinwneyYJ8RLDN4JRkAW20COu2DtJSmGXFCNjF8db6nW_a0v9TUCH_fAN2lXukcuIPZui1L4Lgn9NC55Choqf3yzPndzIYsx8hyd2Xmc18isn8QKoiwzQWvsyM4qnysjFpG88w4uqzFc7zp2A-pwIUIqfPd7FU9MFNmOq_QYupcWGxFjkPF5vuSrPAkkCPNSBum7rMcDW21NcBFz2B-I9EI9XtJN9FQU22myrQpNAJeicIUzCYG5gyR7vWyTFpj6D5zyH&si=APYL9bs7Hg2KMLB-4tSoTdxuOx8BdRvHbByC_AuVpNyh0x2Kzfj9BJBsba_QGrFL5RUz3Mfopu8ANBubDY4L2_4pPX-FJbMMc6QGcTCRqv_JhqN1nKcwjE9DQp-g44M86lAfIKEgFIg7P81ODOVnqlv5fug91K8uEqbpEdjvrzxOIQvost6s5YWu4_G_0TUE71veV9eN9TSKWrV7srD9qFx8kXiDuK9YvFmSCmfwqmY-VDzWf2X5Ncwad7ufj-235ViTD5h0EEAglxncrIHK92hIOjIosgoq09QeutmubiQ0ps5n_AElTbO9JrD-IL2B87DmyArjm1Iz&sa=X&ved=2ahUKEwj19NuQ5aKNAxWLT2wGHYIaK2MQk8gLegQIIhAB&ictx=1&biw=360&bih=648&dpr=2#ebo=1"
bpv53of,https://www.google.com/search?sca_esv=dbe254cb7a111d38&rlz=1C1VDKB_enIN1130IN1131&sxsrf=AHTn8zrmqFc-78tjv3kGoFVCIDMsxUFX6A:1747220205661&q=elegance+skin+clinic+reviews&uds=ABqPDvz1WFaZjcyX6GMjJAmRiaW68nRuMDJuzRcq-YpcF4wN7Ob6SEtYd9UC7m0K7_8iZiNnead_njcFWsb4cNO_T9PxvXNClYMsDR-834FZESq2ncMX7EVKRDxJXWzoZ33Q5g0SnJeJF2nGOaP414HjErq2Yudi3qyNahnyeBXUjBLRR9U8n9cbm4U0VpNjKssAPHsikqqjBWu9XgvMzKdix1chB5sefaUfOHuHGleacAFB6zkYViqXAOQlIHFz2lh43aJSqYJEAMr_gIbymRffTbOdWA11CJPA3j_afc7bAVyv8mfFRqFWAD5xXqXG4SijHGXKmo9CCOXqumD07xwG_UAinabNVsBE2fQgaJlWtu6_VKWv6xL4jbQdlLAv2DpTmQyUia6Gm-zbg_7a1Q3AFtbi3w248yGNi9rKYyGPTAvp7_xkZt_n5kooOJZZ3u9uwBIZqV3S-V0Vz8lVW3J9oueQgfawfujSRnb-XHHzm9wCN9djqoJrug38i0rYybN614ffGnTVklC0wPYaRZ_9G4AlYKUDpQ&si=APYL9bs7Hg2KMLB-4tSoTdxuOx8BdRvHbByC_AuVpNyh0x2KzbPB1Mldd9xAEyiY7jecPZonoo2Q5WNKj42pBJfreyAhZwezT6ozkLLI96CblcERKnGWzBsFRX9XuZo4cb8n6vaPnYY3dxqbVmsK7yqJ6EEP6VxZWQ%3D%3D&sa=X&ved=2ahUKEwiPwM-95qKNAxX-UGwGHc-5MG0Qk8gLegQIHxAB&ictx=1&stq=1&cs=0&lei=7XYkaM-VKP6hseMPz_PC6QY#ebo=1
ndy82ea,https://www.google.com/search?client=ms-android-vivo-rvo3&sca_esv=68f73f6b1576676c&sxsrf=AHTn8zq5J58ZLNL_1ltWp47EY9f1WBx-CQ:1747220296049&q=dr+h+v+nataraj+reviews&uds=ABqPDvzk8LlGIZkAwbqguXSC0RvGPuHv5cQRMssEteb31QVDarlR4B82y2pYpjcmL6yaSWiAMt4TCSZ7tTULArQyq43oL8Pk5bMlmyoR0YknvVZrZmfMLhe3_8DkVbOiiqrbT5JQF2OvRweIEQvGZICnNYpVsdfrLHiewupsBL899fas8_AzUBQFWy8ECi6xdgsiTWX102h5W9w1HCeBqlh7QvdE5fuprxrHxONjGy7FDOg48yqQ-wykp_NaZRUY-rnVL7uvHiq-WxNNvM3l26ec6BMDk84uOF_Qr-N8vEDIZ6xt4WXBy58tbwt7h5yebHz6c1B2khnctR768YiSvD_Mn3a72aKZQJbPrulg3yuSOkSVhNvdAzWucfY2Gkcxt_FDHl4Y8PKojegYxzuMziErXSwi_iASqxKMJGoJYiyZagsg2RHci8sJ3-mNRgBjqGRmTMV4USlO&si=APYL9btvhO6SAb8jF9HqTZMMa7vs_teLnZaEVrJZwRKFIIKjoRLdzlgh8uJf8LP9YSNs1yN13g4jzziK9XY6GFkN6YEjlwN5EDpzk1e70Eiaw_IdYA8OlI3i_egqDmwDFIO0T8yUkTAr&sa=X&ved=2ahUKEwjXq9zo5qKNAxUbXWwGHZjHDdYQk8gLegQIIBAB&ictx=1&stq=1&cs=0&lei=SHckaNfnApu6seMPmI-3sA0#ebo=1
crm29zs,https://www.google.com/search?client=ms-android-vivo-rvo3&sca_esv=d3f3c64452731849&sxsrf=AHTn8zowrj0qabZSkbN_4I1dYx6QuhNmAA:1747309772852&si=APYL9btvhO6SAb8jF9HqTZMMa7vs_teLnZaEVrJZwRKFIIKjodQ2WrWhtpDQll9T2CE8QY8jwGjpuyUFSFVMffahuvXOqoFz8Twq47ByOUxnybjb9iE4k5GWnoGi01U1CSx02ouOH9R-n14jBWyWDfd4nqopWaseEQ%3D%3D&q=CUTIS+HOSPITAL+-+SKIN+HAIR+NAIL+Reviews&sa=X&ved=2ahUKEwjj9MqStKWNAxWNkK8BHaqxIvkQ0bkNegQILRAE&biw=1280&bih=585&dpr=1.5
wlh21ue,https://www.google.com/search?client=ms-android-vivo-rvo3&sca_esv=d3f3c64452731849&sxsrf=AHTn8zowrj0qabZSkbN_4I1dYx6QuhNmAA:1747309772852&si=APYL9btvhO6SAb8jF9HqTZMMa7vs_teLnZaEVrJZwRKFIIKjodQ2WrWhtpDQll9T2CE8QY8jwGjpuyUFSFVMffahuvXOqoFz8Twq47ByOUxnybjb9iE4k5GWnoGi01U1CSx02ouOH9R-n14jBWyWDfd4nqopWaseEQ%3D%3D&q=CUTIS+HOSPITAL+-+SKIN+HAIR+NAIL+Reviews&sa=X&ved=2ahUKEwjj9MqStKWNAxWNkK8BHaqxIvkQ0bkNegQILRAE&biw=1280&bih=585&dpr=1.5
qlj08ex,"https://www.google.com/search?client=ms-android-vivo-rvo3&sca_esv=d3f3c64452731849&sxsrf=AHTn8zpw_U781NtGROU2jvUj10Z-zmIInQ:1747220876559&q=dr.+gillian%27s+advanced+skin,+hair,+laser+%26+cosmetology+clinic+-+best+dermatology+%26+cosmetology+clinic+in+chikkamagaluru+reviews&uds=ABqPDvzRrNmcaSkyCb0_gRd3xj4k9QXOtjYW0xqxxXMDHokA3M1KdP0XIkhQp2tZqGCbHOAzFstn_hRxobEsfzXemc4UWSBzPH4h-i41isFddNmd0ihWFdKI7Gd2ICKfqWRgjlA2YKBpuE9jOq6ClIeI7vSTZhDsm5iwInYHwhzN8pf5-yAAWYCIL7PDBrdx_BpC8q5fJCtlJWkoYzT0-IIYOQB_WOUrv3DFrqefx5QrCIRVaO5pHw_-Cm8310QFyuiu6CZVdsG9k53BVf3DiBfvALgs0r9i4hrfOX58cUKTp6FQ49OpDlQIYIab4Hxe8c8Sp5IBz6--HG4bddPA4R1tam6wcP_QCbCe40I89wQcsxIcfbWUZUUtcssyfdBItQOR55Ar2YKh67Opc3HgvLcD4i4F1gQikBovA1oLtEm-m-mlpxvUXIKk40eaM9UTKkuvdw9_oAVyEZFWmk6n9KA6CZ2WHLbCjamlJkRWty3ESKWCyH1ui4Cpq6VtOCDM-HirxYlzTVwZ9P8Qx3Lt10mQlrCBf3ZK5sx9FQUWBTblwphIVo5kEQ9Qy7GfBWfFOVYJT5SyXPQVvez27VqPuIRaEiQ_4Iwfd1TcOyZ1sftSct9U1pfPOP27-Rehlkz2l3PaGyS2ygguB6wqUp-DHZPysrTLoswVXw&si=APYL9bs7Hg2KMLB-4tSoTdxuOx8BdRvHbByC_AuVpNyh0x2Kza_jhAoZ86Xafl5-AG-ccnT7Ci7a8l6M7mRfWlFFw1tBI3TXPRm99oZPclnbYTTIb0EhdOiTYdcFmUSEttGDUS1T9ywzVk1ut79KNqY-LNy0y5nSnF1K0SpPPi9gDhFZbp0Xd3tbaXhTdF53B0vcD3ojejf2zfIDNez_CHycj_NrzQzVlNGUS2f6swZHY330qDB3GSVxGZ3PbyNag4urQ5rQ4J2YM4vmINjLOAqeO0JnBNXFIQ%3D%3D&sa=X&ved=2ahUKEwiH4cP96KKNAxU-iK8BHY8MK2gQk8gLegQIJhAB&ictx=1#ebo=1"
zjc05xy,https://www.google.com/search?sca_esv=68f73f6b1576676c&hl=en&gl=in&sxsrf=AHTn8zo3TxAP-qPZtEj2O3kLUuibzT_n2Q:1747221400649&q=vaishnavi+skin+clinic+reviews&uds=ABqPDvyHSFxoBfM6R6WqTVP35sdcGYd1OuyUPX9qgvT9lMajLIx0LXglWWFcs-7EHyx1P-8bmBDCP7tjRFKAPFlAFRZQD03u4IFG2vdN-ryJHzmqYrfHb_LZSUhoPKGNODy2Xo0RZ78udSCVuxyVDWyEfQnbA6fdhiSrhJZMi4VWJ8R45T5KCV0RBliKhXV3dQe9qHnqQKhEPXc7EOb7JnFHb2LDtoNpt9EErzsRcWHiCaQ_ImCbGG6c6rjoIS6xofPh6PNrK9M1Q1g598Pm9l7KZdrlbW_vimjJlLFPvLA_TplmcjGS0_oKr0kBzXxCe3dRuTvyFCeJ4biniYm2w7vH5-hMS9IA99xaTktprHIlGr_0pjzXk9LLilvVrvAj-Xis3FUxDHAL&si=APYL9btvhO6SAb8jF9HqTZMMa7vs_teLnZaEVrJZwRKFIIKjoRFPZ4N-gfcAP8Y8LIby9DXL1A2cXqRBmPMIyP3XPL6Pf0G0-hZz1Z5lk9c4LEYxbVkJtLP3fcfDZz-AdEsBes0uAsOygCTHM0ZHVAY0D540Uq5AOQ%3D%3D&sa=X&ved=2ahUKEwim1rf36qKNAxW4SGwGHSOsLCoQk8gLegQIIBAB&ictx=1&biw=360&bih=648&dpr=2#ebo=1
stm02nk,https://www.google.com/search?client=ms-android-vivo-rvo3&sca_esv=d3f3c64452731849&sxsrf=AHTn8zprZ9Y2Ga0zKCRVJD0aFE3Xg_itjg:1747221434974&q=sri+sathya+sai+centre+for+skin+and+cosmetology+reviews&uds=ABqPDvzLP3SRlPiC40tU3RKSDRjliwYUObNcrq5nmgyEG-sW2Y2BklPBRxKIw8sGPk7v-aMGCL5vWMr0IeIicqgQHIIU94o_q22wfg3KReWsqiaSUO5pOEptyGDC9UkrUkposbbTm0zIL7q6t11scWwhYQK9hSMjpCmCjgv-PeuFS1BnY7_Unk-Gnme9Fq8J5yvjXXTeXLiribfcahGFKS8dIBipN2InFa4Vav5CM45bm6oTZVNQtESygLyKse2moX1V88JIBFS9UlsrgThD-eXY3d4yINJvD8hzvZucgclHcftbvf8E6gX1oEalBMWoMSk4LYfXRaucSZKVKgSJOtm1AB7M3e2S3JznGUFvVhRrnfdjt3sbv1SfIJ2CSJCJVkwiYTW4093d_q2AhHSUDhuJJSahJYEetm3lvh-5bw2qKhllr6POCZM&si=APYL9btvhO6SAb8jF9HqTZMMa7vs_teLnZaEVrJZwRKFIIKjoW3XfTqPeRSTLpkd4G-uTZz9GWt_SGBFaSGEfSeMI19elftF5ql4Ys3wL0QOqTj1OeMi_Dc4maXgGpfz6zMZZ3LBW9kWSW66uVqSW1fz1a2PfzkmrIGn2vQ2qsLBM-Iu4SwCQy4%3D&sa=X&ved=2ahUKEwj44-aH66KNAxX_UGcHHe90DZ0Qk8gLegQIHxAB&ictx=1&stq=1&cs=0&lei=unskaPieO_-hnesP7-m16Ak#ebo=1
iqn47pe,https://www.google.com/search?sca_esv=5eae2f8f5e851a2c&rlz=1C1VDKB_enIN1147IN1147&sxsrf=AE3TifOX1AyjFLPgSIQ5OQytelJW-9IrGQ:1748248746197&si=AMgyJEvkVjFQtirYNBhM3ZJIRTaSJ6PxY6y1_6WZHGInbzDnMTQsxSoiKSrK4kb3UWlXEuH61XjGdtYRp3OYj3N_k1bzuCy3EixhAxEQK0LCotZKLTcgoLTKVlpKFu0zopOzAuYCpOv4&q=Dermacure+Reviews&sa=X&ved=2ahUKEwim6_uL3sCNAxX_U2wGHSeBNoIQ0bkNegQIIhAE&biw=1422&bih=650&dpr=1.35
uyo73ap,https://www.google.com/search?sca_esv=68f73f6b1576676c&hl=en&gl=in&sxsrf=AE3TifNLof-nzXdslHzjktMpiSDhuCK0pw:1750265275677&si=AMgyJEtREmoPL4P1I5IDCfuA8gybfVI2d5Uj7QMwYCZHKDZ-E0cbbsd9HDES7K-4VDlA5Py7ZO9PV3nbRhIguECkQEJXc-feVyJ81gZs1QeaztxLCQpiX-Yf5_V_h9DBQxk0HDBZ3X1tXKkiflQI_6EsvMJmaiKXN3tv7Fk8326UePE7vG2_-wZKhimn055fiHsQiRMkv1CwTX0LPLwPaT04YDHyGMeAdgHlVZh75c6V92wmdVJlN24%3D&q=LIYANSH+SKIN+CLINIC+%28Dr.+Jayashree+K+P+-+Dermatologist+SKIN+HAIR+and+AESTHETIC+CLINIC%29+Reviews&sa=X&ved=2ahUKEwjT1pOgtvuNAxXpdvUHHYj4HpMQ0bkNegQIQhAE&cshid=1750265400434250&biw=1575&bih=759&dpr=1.22
txz43vk,https://www.google.com/search?client=ms-android-vivo-rvo3&sca_esv=d3f3c64452731849&biw=392&bih=801&sxsrf=AHTn8zqwQ1r7I-37yLV1IUFeDTu3AN0ImA:1747221625868&q=dr+soumya+soragavi+reviews&uds=ABqPDvxVJXd2VA-hCL8gX-W8OCPEDPUeb0j-CTy0TnyI4BnhTnPiWsw2fgqmkZIWfpqzB0ZjWtVRrCiwVqYBg0QJTgTIR5HM-_XOx0-q-uzFIBHTSF4aYiTIUkA1r1CXV-RY3ZvSjMhUtrwFYDTF-o0dmd7KqOnhajMJIR0G-AbZWkMOEuDtfsPNX9BaE5Zf1ku0GBR8K134eVzdYoCmMyW_MzcwTYblJ6Jv09_JTC34HYk1kNztFDa-ppnZ2fE2XGKYedKmwiRRCBSup4w7VwXXvfYo2BweWs0ELqEy_QwRjFEb6T3xaYIta35bbS-i8YhtZfLby769_qBpBNW7Tibio5zmR7oBz1Xt82WGJs6Bb4Eycvhvnbwp5QN9j3pmFv9ZQMNKUWSM8s30izTUpJmK1iLumlzl4opp5Mg8VM9uqdHK-IfmnjUkaDlyfYoKUp5OgN9QonR0z1i7rRTi0RWrLtEiZnYO-7aT-Hab4t4W-PSpR6cjm57p7V8D9Kq2Ltj8sfV8SJBeCEJyhkbsRpdd5p0RFWvB9A&si=APYL9bs7Hg2KMLB-4tSoTdxuOx8BdRvHbByC_AuVpNyh0x2Kzcgca06IjI7LMRDf_AyL4D6TN0Sr6QSenNUrWIOUOteNXVN5clLKc6NINOnrenIS5yTQNzS8ACfDG2AoFkar_fhIaj5t9_bV1X02urYVdjmUgIjzZg%3D%3D&sa=X&ved=2ahUKEwi7jOri66KNAxUgS2wGHX3JKwUQk8gLegQIJBAB&ictx=1#ebo=1
mgd60md,"https://www.google.com/search?client=ms-android-vivo-rvo3&sca_esv=68f73f6b1576676c&sxsrf=AHTn8zoSYYk0uW7t0kBzwQNWjbOowqtRJA:1747221701689&q=pushkar%27s+skin,+hair+and+laser+clinic+reviews&uds=ABqPDvyLGL9xBgPhCemRFKy-9bdKkHp30TRPhXpa1QoQN6GtMirCKXux9jFnif0DVuozjyxvPiEkIJIggpBtIpM8AEiQIG1BbKtY_HAKH_drPI7BVfqj6UDOVGM3Q8gft90GfA2W-bEMwjQM1Lrn1ILaM_DudhEDSUS5-g8VIhJjTNf9yukZjBbCAtZ3mojhx7JOzreDlKgRtuImMtt95aDNZT_8f7_Mo0PvzZNbwRdk5la8kxdCB-WdCkhZHuBKBSadelP2iK3ICbifLA2oFk2pVpfsuDQkzaaFxwovDrRj_571vNcjp0bxov2q_VZuO4gQ10eDWLDHvNs5l-2-8zcwWJ4N1eFleEg2wX34rWOAFWUqfRgU2RtOvl44VtNDuphCvX-NsGovJRiiTqGu9ayNaXf8MGOCGeiuRHf7z-d6XAwbSWCBXDmWQCZ8ZAv-vAiF8Iz5olAhRhTg2NN8wtyg6cRupQOTYJE8RuOTkYWiJWgXL2iHF2I&si=APYL9bs7Hg2KMLB-4tSoTdxuOx8BdRvHbByC_AuVpNyh0x2KzRLv_lH3DqAsLpslpINLOqbn092WG3LEw3lcb6AszbH9iq6d_1cRtdg8u2tT5D0HMA_pIm5gc9RhY6EoXSrilJKM63XBfufuNskLkZnX3SxxWTLDb6qqoIjgoos4turnoJt9qH4%3D&sa=X&ved=2ahUKEwjb6v2G7KKNAxWgRWwGHQtsMKUQk8gLegQIIRAB&ictx=1#ebo=1"
dnp66mw,https://www.google.com/search?client=ms-android-vivo-rvo3&sca_esv=68f73f6b1576676c&sxsrf=AHTn8zqOzmovu8AGNPka_P8jZ97mnvXImw:1747221751655&q=rashmi+skin+and+hair+clinic+reviews&uds=ABqPDvzEueOtAnEjm_caVheDLiVbcp7Iw07XvvchDv314O68WoiFU1bKuHGlIXZslMFzVC72CBUhQOcS1gXHoKWKFZIhBJZ130nPiITD9Q35w2sOT3YgFwHKWqYfyb2C-P3Hp0qEjcVsfTC6E9RSRtC1bfCZPTn03TQb7s6dH5cOlGrYPKNXAjdZe82MYvmBWpcCF3KdWLLEWdrybs4WYFMbuFeZ246wdewa2TsE4Td6QfVdL-GJR3Ikfyf7t_y8oqOezHmi0qzc145WI1w9jnKLyc_KlOrivI0wKi-slemZV4bqnkeh_y_y4GtmBsO-y2F3WxPleUUWpZRoIQcFSDU6IrHAAJYwK_nyyKU6-1SarylFKY4KceJOT7qoHGCCSG653XvFLbPWl9yr25j0H9eS5XD-Lo4vFKQ0pR1XVJKSHGGqvtJ4qVmTUpX17W6-P0S7qPj0zcvveds4vAz0xD1M9WMFdR3_lg&si=APYL9bs7Hg2KMLB-4tSoTdxuOx8BdRvHbByC_AuVpNyh0x2KzWIXpPrumcB5ranDamwQewh83B0qZ5a50P-MdCIh1lqv62Jh7umq2zEkU3E1a0dpIsJXpjixDyJWTu6n--MYooaJ17nPulU4vwFUlPvWZ9uIUG1gqw%3D%3D&sa=X&ved=2ahUKEwiYveee7KKNAxX9V2wGHTDFHuMQk8gLegQIHxAB&ictx=1#ebo=1
ncl54qn,https://www.google.com/search?client=ms-android-vivo-rvo3&sca_esv=d3f3c64452731849&sxsrf=AHTn8zqS-Fk3Jlm1ybxRExzZ5BKRBqOnrQ:1747221849123&q=dr.+prabhakar+sangolli+reviews&uds=ABqPDvydgA-a-OW2w5cfHMei2nOQaebDOdRhYNCObwR5FvVu97KwP2FOcX7ufST4YMmewg2lJw3HYLvtyN-g7l7hWMFZsjsT1qW1sQFW-VM9-d26BNCy_Nu2_gajLoV9c77nHu6OIrWGBxAIGexMk9kdTapXmhfbN_GoCTvQeXQRtTtWpc5YBE-qeRkTPzNdo5biRnI0hn2f1p7N0h-X7ibCWZjMNWYXY0Z57Lo0QzQfv5iVTE2zOgho2-XesNMIK-PztMa5iZymunsoC3eU4_WlYZT5Jvo9Tth5TEDyBnb2xSEEqEXo1ZPP5HH6Fu0_RwMIeljdHeXo3WlQnb8J4r4dPX3EMhE0s7wo978d_O4nxY_oKReryIJORwvKbiZSAhYxl0T-NPKKoM-AYeRAdMrlaqz4mxAarg&si=APYL9bs7Hg2KMLB-4tSoTdxuOx8BdRvHbByC_AuVpNyh0x2KzfjU5Zk-4dZ2xdzklMbHeUDSuUiapDOgicT9xaeiy-2gaBo2tHEcvhR7V8DoeGJJxXp6OKtb90kXwI2fI67ugvcpzHwHhmhcd5W6Wv6O747Cj-xCcw%3D%3D&sa=X&ved=2ahUKEwi9t6TN7KKNAxUTRmwGHewzMXoQk8gLegQIHxAB&ictx=1&stq=1&cs=0&lei=WX0kaP2mB5OMseMP7OfE0Qc#ebo=1
tur70ss,https://www.google.com/search?client=ms-android-vivo-rvo3&sca_esv=68f73f6b1576676c&sxsrf=AHTn8zqH_PMdWNCLj6SZ40KX2OCtdzRs8Q:1747221893772&q=dr+priyadarshini+m+reviews&uds=ABqPDvwKjPl4ZI-5gDpiYjSp15uWKZzvymnl4Y7cUX1X9ow2o5WOuUznrONFQg30nbxWQpaxqvtr37i9oCEJGtlntkrt7d2gaXz2sb5feD7lUUb29A591MNJB7GaF1CmnSIyfn6I4o7sW_UwubaZYO4vtDLA8VaJANsGqky9GOAtDxVVhTncaL5EluZQ11hg6mV7H3btRZ1IH1gsLFTiC6bFrqbg-_vGli3lauTRw-GIgAcCHMWdGVIHa5ZElWSXIUUpxPemY4iMhOrc4_PjguOMwtM7xn_zvG6G7HyLP5p9FfDP8h_jkkSPzf7L_zQOq_floh6xveV2V4M-VuG_HS0S9FS4Whaj-wz9Rp6AkXWos-DAPkzl-UTKHtb2_3PkScrypSLahE0sMQZSe2pyRV5bRwPDKztSgjQdLcR-RBlxe45ySVXONuv8VNVxnOkq5LKNKSelgyRB3zuyZD04Mi6ixipaJo3F1cd-3yBoihZtEYpb8xzF2pya0Ou00DbPMRcOHy1Mv4r4JYH9SFHSFl9vlI-BLh_xsw&si=APYL9bs7Hg2KMLB-4tSoTdxuOx8BdRvHbByC_AuVpNyh0x2KzQqEPDkrGmHobRdxJ05RvP15lz8ij_Oknxba7m8d3YS3Y6iVnOmvfCQy93cboSxdU2zqi7CxWtpD-dYs_P3MufFKJa3kv0db_Wk6H41JHsCmuRzEYQ%3D%3D&sa=X&ved=2ahUKEwitysni7KKNAxVVUGwGHTB-F4cQk8gLegQIIxAB&ictx=1#ebo=1
euv98lh,https://www.google.com/search?client=ms-android-vivo-rvo3&sca_esv=d3f3c64452731849&sxsrf=AHTn8zo82bVgyhaNztusFZWOq15knv0uiQ:1747221924573&q=elegance+skin+clinic+reviews&uds=ABqPDvz1WFaZjcyX6GMjJAmRiaW68nRuMDJuzRcq-YpcF4wN7Ob6SEtYd9UC7m0K7_8iZiNnead_njcFWsb4cNO_T9PxvXNClYMsDR-834FZESq2ncMX7EVKRDxJXWzoZ33Q5g0SnJeJF2nGOaP414HjErq2Yudi3qyNahnyeBXUjBLRR9U8n9cbm4U0VpNjKssAPHsikqqjBWu9XgvMzKdix1chB5sefaUfOHuHGleacAFB6zkYViqXAOQlIHFz2lh43aJSqYJEAMr_gIbymRffTbOdWA11CJPA3j_afc7bAVyv8mfFRqFWAD5xXqXG4SijHGXKmo9CCOXqumD07xwG_UAinabNVsBE2fQgaJlWtu6_VKWv6xL4jbQdlLAv2DpTmQyUia6Gm-zbg_7a1Q3AFtbi3w248yGNi9rKYyGPTAvp7_xkZt_n5kooOJZZ3u9uwBIZqV3S-V0Vz8lVW3J9oueQgfawfujSRnb-XHHzm9wCN9djqoJrug38i0rYybN614ffGnTVklC0wPYaRZ_9G4AlYKUDpQ&si=APYL9bs7Hg2KMLB-4tSoTdxuOx8BdRvHbByC_AuVpNyh0x2KzbPB1Mldd9xAEyiY7jecPZonoo2Q5WNKj42pBJfreyAhZwezT6ozkLLI96CblcERKnGWzBsFRX9XuZo4cb8n6vaPnYY3dxqbVmsK7yqJ6EEP6VxZWQ%3D%3D&sa=X&ved=2ahUKEwiSyqHx7KKNAxVBcGwGHT0hNeQQk8gLegQIJhAB&ictx=1&biw=360&bih=648&dpr=2#ebo=1
gcr13an,https://www.google.com/search?client=ms-android-vivo-rvo3&sca_esv=d3f3c64452731849&sxsrf=AHTn8zoU-D-7vKAU7fYdNwMlgV2ghfg5Jw:1747222133001&q=skin+code+by+dr+snigdha+hegde+mangaluru+reviews&uds=ABqPDvwvtWsbXSDoWH5Dkj-vWfZRpWeRr-KK4eygyvq5wWVTTnmaDaPAWntzdV4kfh-eBVtPdgXKX0y7MmCVYC8f0rnzVQKDMvnktUjXkVxIfshcg-VFOQYWUURzIYk9Aa-Tt6135MEFnKPNhBIzwBauagjKvr7pre8sxIgvTM8hdLI91_6kWZsHeU1JAAM98wPMC8itMsxH3lD68ghia2sdUYT1jhvVip2uebGT0wwOhLvJeA26ycznlVaSe4EiiEM_j0QBec23Rg90XUQ7fEmKFKzLR7xnwRStcyLzqv4Q2hO11kh3fukddsuA0lPmaVWMOUBqYBuyio5HIyuf-WqqFndUJLSiZy7-EXz--Dqm-oxGcXmhgtLMmcSrCsqKOnCtpfGO4maRPNHIiormxmh-meUqhZOEnAZ-SmyTJ0T2wuhQqHxpZiA&si=APYL9bs7Hg2KMLB-4tSoTdxuOx8BdRvHbByC_AuVpNyh0x2KzY5f-cvQAvzjtSZomK2sLdqF1GEjoWA-A9dOYMVyYCTMmYSuiRqypI2D0eKB1o9WCguOb6SyFc5bt20SE7K2s0nWI31GOVWQXa1PSSOBZTpEwdwqQU-FXZHbe42AOmom9sRiVzE%3D&sa=X&ved=2ahUKEwjY-dLU7aKNAxVycGwGHWICDokQk8gLegQIIRAB&ictx=1&biw=360&bih=648&dpr=2#ebo=1
iht79tv,"https://www.google.com/search?sca_esv=07244f2404158725&rlz=1C1VDKB_enIN1130IN1131&sxsrf=AHTn8zo4NI68uQRSxq7oQ28By-48BLZzYg:1747311392091&si=APYL9bs7Hg2KMLB-4tSoTdxuOx8BdRvHbByC_AuVpNyh0x2KzXjEh53S7GZjcMGONXD42eZ6P8AJo5lTC2dinnrMhS7sCfITBWUEImyk4faBehNJqhZAJh2rtBPoPmG83hun_bblHvUBX_3zjK4PlrpcltBXw2xCm4CXVQ1DpNsHtnj0E-t9g9Ta6snM_Mn2g8vNSnNKfkOC&q=UVA+Skin,+Hair+%26+Cosmetology+Clinic+-+Dr+Myfanwy+Dsouza+Reviews&sa=X&ved=2ahUKEwjBwtmWuqWNAxX9SmwGHSuUEtgQ0bkNegQIJhAD&biw=1280&bih=585&dpr=1.5"
kiy27jy,"https://www.google.com/search?client=ms-android-vivo-rvo3&sca_esv=2982140799cfbdb0&sxsrf=AHTn8zoOl4zWaUTqmj_E_QsHBKe7J9_2aw:1747223559103&q=dr.ashmiya+razak+,m.d.+dermatologist+mangaluru+reviews&uds=ABqPDvyCM2Pu7ppM9h1ySVc1GbFp5Wx_OPIjYMj1-xM_4qGoXepZ3iNUkHMB-23uBpQC5sjWNgvL-_YghnOR5tVK3pKZD0mv2mVsD07BApAJCIP_x4MhCm2xsu7hHmREXViyZDPRocC7xFJkLSX8xO-qXCif4kZ0FZ4RVJIxX57pR3j2dFuz6zTg66aqyIKu7WhA748Bq3DyG09Dtlg_JAlWE4hQEFKwesa296OP1wtGscZSgZWR9sOHEiDWblUzR8PdmHB-Uyoxsp2QMf0ENwrMu5SXnUjz5jBNwnep-TUklSmLt5RbGHfrrqy5xeu1RUhCoVshoajDuHoJcDgVp7e1wv_qYTcc3Je2ZlzVmYb1KflZP81zYcNG3ArBwQNodl2MH4tdfJMU_gMYDAMW69m4V0od2owNu13l7lGsC9ClpkXhKlT7veM&si=APYL9bs7Hg2KMLB-4tSoTdxuOx8BdRvHbByC_AuVpNyh0x2KzQ5haDfRkS2dFaNbC8FcvJmDt8_mtjjHU2fd_NTxlAR6syiNB4c7qIHCFAjahCrOUyXBQ7zvmZp0mYiV1CdaUM298bZcUWb52A9HuDqlSn-tjgS2XwNpV7lQgmBfGAnQ-M4Y5bg%3D&sa=X&ved=2ahUKEwj4q9X88qKNAxUdV2wGHeuUKDwQk8gLegQIIBAB&ictx=1&stq=1&cs=0&lei=B4QkaLiMBp2useMP66mi4QM#ebo=1"
ika26fz,https://www.google.com/search?client=ms-android-vivo-rvo3&sca_esv=d3f3c64452731849&sxsrf=AHTn8zr87qNxK0WEr-bUhlaLKZl3QrlxFg:1747223648413&q=dr+spandana+hegde+reviews&uds=ABqPDvzXuGJbge3xoGcI0hHIQjpK5d8Wv6SMZMvDGUAts64bHT8ynHFnAqlOHaEFrUohu5rAQBqV0EjKM4hfyRxFyLrfLj94UW2fG6IKz-g4YZVZ3jOJKI7AWar5ppY3S_FTrE7ZJ6KxJrFun4uhkys96aleww_dXLjjzdF2RTRGJv0X10FkuyTXzVYNFE4W25yriZRwX5RW_8b2fogVEYcZINeWAk6IxhycSfYdfFGT4ruqr2c-BIzc4A56oL_aDTBNEGeFkyNTKVZ-6L28ax9rlVWRbmD4pxh1hXQL_HJfwOhjhwggifwgyyNIfO-ZmqrbcOsYlK8ktsskBXp273ltCwUK5BxiC-K2dz17tjYknmQeGp1b4Vs8chve_Y7VeFnADnf_H7BE4OZtYN-eCObJ18m48f9NaLYtI1rzGkWazn_uYfXNzqkAy7CvUdxgFwQZBTmmbGw5MdtZ8dnEbxWaShMocAgidw&si=APYL9bs7Hg2KMLB-4tSoTdxuOx8BdRvHbByC_AuVpNyh0x2Kzc4doZ64c9rgaeUmvDM5nKDkVg8uCW5q3Zv6_STFaOy1IIWKDJIOOpretFyZMc80iGuECkgR5ONVD9Lxfx2Nmhl5SQCP2-NK3ei_7vqJVP9OF6Pe0g%3D%3D&sa=X&ved=2ahUKEwizsKCn86KNAxVnTWcHHV6GLYwQk8gLegQIIhAB&ictx=1#ebo=1
vmk02ii,https://www.google.com/search?sca_esv=d3f3c64452731849&hl=en&gl=in&sxsrf=AHTn8zqvp2u4e-Y3NrrY73QoKAl40QRWlw:1747223725236&q=dr+vijetha+rai+reviews&uds=ABqPDvzGKNyYFE1Qij9iykNkupla8Q-zmMi1vWUshc6RN17IRB_CkZixqygCE5dcpq4XCH73jMX2rpHEswsD9ScgmGST1Ki38U3ehnSRsPY8ZCkCL-YefCfzFuFuKRWZ8gztw-_UPv3glfIjEabRsTxtfhfA1H3jNFtM15fg85hq6I3TqPlgl-A1rg39VACsMhTsgaJfvqn_OXor-OMor29n2407csOEspkQUCYEL1zMWUOtCvIBzo_dhodDtvHuneGyIPTMcVJ7FFneyV9-GWDjOT8eCDctV2c_vGgQrkKFVI7MAkVsx3sZe-ac-_7K7hZTayhi8S0cl6HpoAZmndiuET4tRCEp3tKldoXM5_I7PPPlm__YtQXOsQjPx8oDtpsFok1fpbeT&si=APYL9bs7Hg2KMLB-4tSoTdxuOx8BdRvHbByC_AuVpNyh0x2KzVTQYQXWUFZU1LsqFVfLXgtd654YqdnGd_Mnp6IjncVXI4_HrrdDj52QonMMTYafLtWOBrtm2VrmpyuneK-gyWKk6HP_&sa=X&ved=2ahUKEwj6mfHL86KNAxWkSGcHHYrhGkwQk8gLegQIIBAB&ictx=1#ebo=1
yhs34ts,https://www.google.com/search?sca_esv=d3f3c64452731849&hl=en&gl=in&sxsrf=AHTn8zqvp2u4e-Y3NrrY73QoKAl40QRWlw:1747223725236&q=dr+vijetha+rai+reviews&uds=ABqPDvzGKNyYFE1Qij9iykNkupla8Q-zmMi1vWUshc6RN17IRB_CkZixqygCE5dcpq4XCH73jMX2rpHEswsD9ScgmGST1Ki38U3ehnSRsPY8ZCkCL-YefCfzFuFuKRWZ8gztw-_UPv3glfIjEabRsTxtfhfA1H3jNFtM15fg85hq6I3TqPlgl-A1rg39VACsMhTsgaJfvqn_OXor-OMor29n2407csOEspkQUCYEL1zMWUOtCvIBzo_dhodDtvHuneGyIPTMcVJ7FFneyV9-GWDjOT8eCDctV2c_vGgQrkKFVI7MAkVsx3sZe-ac-_7K7hZTayhi8S0cl6HpoAZmndiuET4tRCEp3tKldoXM5_I7PPPlm__YtQXOsQjPx8oDtpsFok1fpbeT&si=APYL9bs7Hg2KMLB-4tSoTdxuOx8BdRvHbByC_AuVpNyh0x2KzVTQYQXWUFZU1LsqFVfLXgtd654YqdnGd_Mnp6IjncVXI4_HrrdDj52QonMMTYafLtWOBrtm2VrmpyuneK-gyWKk6HP_&sa=X&ved=2ahUKEwj6mfHL86KNAxWkSGcHHYrhGkwQk8gLegQIIBAB&ictx=1#ebo=2
sxl64pu,https://www.google.com/search?client=ms-android-vivo-rvo3&sca_esv=0370362934c86a31&sxsrf=AHTn8zoa3F7GxtPcH51QNJfoxNMUYMOxEQ:1747223806391&q=dr+madhurya+(%C3%A0+la+mode+esth%C3%A9tique+studio)+mysuru+reviews&uds=ABqPDvxwbkfKbq7fysxw9a16_eTTbAYwLk00sYehug11YJv3V8CvB85iQoBGxwv7IcnvSrcSDrikE8KU6NqjfNZXrhBmZQy4jGexus9A-lANeDgw2JbP3br983hysPt6IPjwy1ga-Z5l2oDEXLDCm3jBwJgKo2j0ACqtEKjTgpfF_XvBEPW3NLsc3fHM4OtQwpK3DHFm-GB6ISNZdPHe0VhJq6GlRsmVI7Wp2PvZQr_AGyx3_PYUT2O_ZiqiMRP-iB5M1L_TGyGRo992JwImrff9uxfWXXpzZii4vYEdx6rGqherNQd6TaWtuMffLlUJHmFaiUyqFPE9rJXvLTrAT5sX0TjwOAf986beei5oeLwJfyTcY7R_Y-MPGplQpjHwbw_R0eoP6fBGhJpRitWdu4OxJaQE9tcD0HRfuFNPQI1xkTCyj79_bHcE-PwRHJhpCuB-5HSre0By&si=APYL9bs7Hg2KMLB-4tSoTdxuOx8BdRvHbByC_AuVpNyh0x2KzdNPETVGSizmJwOTHkDLog918LTLsKhTy0Z4HEKz-WNFFUR9rlj__HPxV83pWU6f3Gj1fQIX0wNYcyL9gsOfbKs7mICm75ZqwhOwYRPo4-LSV55QPwNkz2YJ2OxuNn1juBiLt5UTNHLakhueCKwg390aIgvI&sa=X&ved=2ahUKEwia0cry86KNAxUYRmcHHZCLCZ8Qk8gLegQIHxAB&ictx=1#ebo=2
nre60yn,https://www.google.com/search?client=ms-android-vivo-rvo3&sca_esv=0370362934c86a31&sxsrf=AHTn8zqnZocJ8l6Q6AwCYLx_ELvCB5DcaA:1747223942638&q=sandeep+skin+and+hair+clinic+reviews&uds=ABqPDvx69Gtk2MOAGbmbMEKqNYH5ETd8q2SrdW2ocMXSrsmo56Cow54bC1eWOHnQx6FrHKOAlClzkA2seT9NwUXRtSXdMZqBpBhS0t_RK62QbQsXbUs3zoHWsyGaC-nQarEaWJGxhGYWtD4ALnYvr9zhm9Qj_kR0pp-gMKzh_pgppo_Elvhylw87hak5UyBF8_obLrP1yMb1lHJQU2zWUO2FqGH4Uv1wandR_-Y9xBN2KtaKYdLWYjyCMLB_SKyajTOSIBN0hNbsl3vYl0lgAWFQ5m0TjEAcpwepr5WuvyQAAmML7Rga4pfwLeH_rroXxeN5JAaPN7Ldr-ExP5MNGefx-GeO6LGx2xOfa8bLgQdQouZ1RXMHe7A0xftWbQoOVRl3hOVzDkERmasrsoW9d9lEyB--oFOdMvPNi0jzKWYRLVBsyKXRvo7JgNhaymQuppyCv14uuDDASF7uB8_PM51MI0q0p7l0gw&si=APYL9bs7Hg2KMLB-4tSoTdxuOx8BdRvHbByC_AuVpNyh0x2KzdlqFVTOcD8cOeKycMgPneVWFrs9LZ1yoZudxmfd5l5oC2logsnj0NcXBcYurTJPRQmlA36WKvme8TlRCAjr2oqyfV4mZAZhQxQv14ehFsHKBWjmYA%3D%3D&sa=X&ved=2ahUKEwiAwMaz9KKNAxX9QPUHHei8GN8Qk8gLegQIIhAB&ictx=1&biw=360&bih=648&dpr=2#ebo=1
zah23ij,https://www.google.com/search?client=ms-android-vivo-rvo3&sca_esv=0370362934c86a31&sxsrf=AHTn8zpz4XDVOVhIpBwGyC5JrA23sZJ0ag:1747223972704&q=radiance+skin+clinic+mysuru+reviews&uds=ABqPDvzlamiEKu0cLp-23D4us-PMfalBguRf0QGP7dD5svE0WReXNiV0-efvTNepfB5swhpptXv_tO18OtgbrPnV9FmtQFZ96OEOVgYZlUQi7qFyR0X3dpDW-aa7Gld-bOquUnsZft4WI14Up1qAwF8dmjJfixC_atuTAylw8S36xSbHIGaXj0jmqupoAM64hEncYC6tBeycjPkaUBnvfgTykiWlG0MiGJ4Ty1aszecINiOv-Fx1FQQgQXHdzYW6eHkXwTAvi5DZmLx3a3jufFm9m78MB4X_abUOLTSt-TKCs3nh047LNiAzBTJZnUBUxx-XatpAel7S5X6AWi4ZYKq16nyvXm_e3orh2CT8r-lk4EwVaG2kiay8By98Pjr_tUiug3PCU1_OIyuxqR-tS5wXChCXoH4gmRJINLgvy9D_jY75fmSXp2JzUoZXJKHC_EXepzPBpb9VDzbQuBJTJpT9ExmNHIBnsho6bI7A1hUVbMVtnyY-CnwQBtr-2UXYNOXtltCyf_hDlp2p2oBatZlvy_BJXry8ODq6AaI13tr6EbXbBDyX0wY&si=APYL9bs7Hg2KMLB-4tSoTdxuOx8BdRvHbByC_AuVpNyh0x2KzT4EJm3zet3sqgojqs2wogbitLk17QLpUTM-62Aa5tDkEzaaXdsp9-iWW_eop8h7s813U341WhQ7Nlbn47EikH81N0GR_9_aZzOA_87uLOMimY5HXQ%3D%3D&sa=X&ved=2ahUKEwi0yfHB9KKNAxVbjK8BHb4yJ2AQk8gLegQIJBAB&ictx=1#ebo=1
mvp59fy,"https://www.google.com/search?client=ms-android-vivo-rvo3&sca_esv=0370362934c86a31&biw=360&bih=648&sxsrf=AHTn8zpx4l8kGKcd6cExKdQqGs72HzJlbg:1747224003353&q=dr.+manas+s+n,+md+mysuru+reviews&uds=ABqPDvw8hOfrMq6fHksN4NiANQ5Y-EqolMz55V9QE1l4e3U78dJhhXQ6_UNp_YSB3skXiS2uetGt7pcCJ1JY4XLL-2EZYz5NnmweA-aeps1dyI4EJmtezO-8qv_3IqD_lPLHh2KQw6pEHQ5RoSIdxRmhxOcKSHG8kX4NCIRcRO0K0UoyKib5_0biepMQiEjTWqLukWjTk_NMqCSmy8eLQ-ru3tLujBYhjz0F_kLzc963zznkoVVSpDJAlKCnzpqc3AxKMXLCI6g4ARPzIUJ3WYKGUoFEKsKWbh8o8fLMXggX4rwJIzxB6iUpbeBPt5-WxOCaii64PBBJWAWzIMMPJT0LHFgxVNzhmjrHgfG0S4MXDfLZvEinAsFF29SmtF3Ud39q2C4hak2nqhd_qC8JsBwCDCj3ha_XXQ&si=APYL9bs7Hg2KMLB-4tSoTdxuOx8BdRvHbByC_AuVpNyh0x2KzTVWDLX4BanJ03aNn-e_kf2GLcpXyNjcUMN81jSUq9a-tON3cWVHw8AMVgRctxKzoJ3JjA8MJ22eCaLDuLdhm1_hgxJ3XoJrp1Y3ht0gFwDff8tErQ%3D%3D&sa=X&ved=2ahUKEwiPlMDQ9KKNAxXCdfUHHccEKGcQk8gLegQIHBAB&ictx=1#ebo=1"
nwy23ec,https://www.google.com/search?client=ms-android-vivo-rvo3&sca_esv=0370362934c86a31&sxsrf=AHTn8zr-mFVtj3gINHy2IoajkcDsZD-DJQ:1747224061883&q=skin+partner+reviews&uds=ABqPDvwC7ZleaHRemmLQCdnCO3Yc0SZtt-ItwFga-P3bd5_9YzveIhuGnqqwDYXWb_vczwrsk23savg9P740gOoOCV2Rp7wWsrBAWl4MBQ321IRO0QmoV7CylPReaumPmlFo3WhAhLFA_kUJWUgf9U-29Xs2xPV-qEV9cbS44FZFnnAV_SU4eaItpeAmua0jo7ueCG5Fc9kHN7UmR8v4O4u2s5vU8fAfe5tfT6WTDUOwbwlTwceZXk0tVZu0gE9ph511gR1_ahfs-k4p3D4405DgBZQ5gakOOsYsOEuTx9gwv0rXr9gx0kwR_kaUQMk_WszBal9aVf5gimUbv37riF9kcbcNI-9wwvbPAT_f-lAdz3Kt3AI7q4BaoQPmwEDJqFP8ZbDqjLJ0DWBTtRFVr-GImvDbMVyH9msJDJL4cE0Lu5IkbZLSZBFKMnZCiGVAFcSFAojJ7sDt&si=APYL9bs7Hg2KMLB-4tSoTdxuOx8BdRvHbByC_AuVpNyh0x2KzbPQxCC_u-2xRHSIc6--YisFPdl1zQk1hvxvgYbcD_d3GSaV4gIhqdIDkp0iv5OEBgssCgQtqJt7YeoFFM_yzye2S-u2&sa=X&ved=2ahUKEwjBz7Ts9KKNAxVLa_UHHUSkFVIQk8gLegQIIhAB&ictx=1&stq=1&cs=0&lei=_YUkaIHdNcvW1e8PxMjWkAU#ebo=1
zto95fg,https://www.google.com/search?sca_esv=5829b96342253121&sxsrf=AE3TifM1Mb_Cn25nNGG0wCVWfCZYn6nGHw:1748430702985&si=AMgyJEtREmoPL4P1I5IDCfuA8gybfVI2d5Uj7QMwYCZHKDZ-E8A7gmv8JjayZJisVAJjmHCCaGw8kwu8kPdMJFCzbZKgXPYSNH3IVQ0Q83naiGNX3x0kSsq91L6YYoKOy2XAio759gz5DMaOzUrCiO1Ke-FMuTpM7MP2qc9q3FTmscTPRhP6yfY%3D&q=AcesoBKG%27s+Diagnostics+%26+Health+Care+Reviews&sa=X&ved=2ahUKEwjh6dz3g8aNAxWlyDgGHew1JnUQ0bkNegQIIxAD&biw=1536&bih=730&dpr=1.25
dqn83dn,https://www.google.com/search?client=ms-android-vivo-rvo3&sca_esv=0370362934c86a31&sxsrf=AHTn8zorzrLSRxMd8FCOIecbFf6qtMsOmw:1747224220757&q=dr+sahana%27s+skin+clinic+reviews&uds=ABqPDvxpMAX1EgDreRSXrtILP7j-2oTtp3Dw3PNOz-09DdcN5k1IFAhTypVQzs4YZ7RuMkX4WGQg0i7x-g8b6LTJWyknOgLEW6QnhLX3D6uik1m7L4CuDZZVHH2sdT7z7cMihseAF0NTmXUL-DN3vSDQtWWquRfGDsPWuNdh5Q7FganzKS_kWVn93G1KcYCgUKHsSrqsIQ641y8AJ_VBeJGt5j8O-WEvtVIUfoWsea3ZeLv4vPbnHahFhQTQx_KS5zu1JSwqTzfarsD0lOT0EEbtw_vn6ll7rdoXgxYO767dH5u7c89rTX3l9_h634WG7YhbR_EHxso6IJph0oOlN5fTa9yxtqwk5H44G-gKe2HPS9HSBsYAQ0Y-I2xv8HYIz3C09nUmfGx0zloEfoFgF73SA170XdJ7FqhW-uiVuLgUNJ6ByPJ-g84uWa_6N4uQJB4Y-EoCw-Ms7V24-ER2-yhRgGkx7Kgtyg&si=APYL9bs7Hg2KMLB-4tSoTdxuOx8BdRvHbByC_AuVpNyh0x2Kzetwqs1iLT-7x9R0Tvy1KtEj1XeSIILca2onrVoTTCK2N1p9stEKZR7zJxcO1zN9eQFcK49dzdklOtYMH9GYRF0jybp8ifOERV_FrjzRjjRg7u59gw%3D%3D&sa=X&ved=2ahUKEwimw5W49aKNAxVUd2wGHdpkHFIQk8gLegQIIBAB&ictx=1#ebo=1
dbz20oc,https://www.google.com/search?client=ms-android-vivo-rvo3&sca_esv=0370362934c86a31&sxsrf=AHTn8zpa-I7iCLYp1b9KhBAo2RVoLQodeQ:1747224281538&q=dr.+vinutha+rangappa+%7C+best+dermatologist+in+mysore+mysuru+reviews&uds=ABqPDvxW6lh3HtgIlLiYKXVLqzC_AUZ1BYnqUOVViKP06bBSiiT-dbB0kMb26RX6jM0LMDOGODQYnq7ZL_0pZ7q8vtqYgFyM_xEF8iuhg_-9vTmLnT0Z2kilycChNuG1PMzcUdfId0Nz-FPaMjShlydsq14tsu65TPMnjRVjud87sefb_U52gGf8wPBOiR4GYBNHYFRlpBen4wg3vlTckSUTMkv4cuJj3_N4T2r458l_GDTo13aq_UqpjIHFzkkeFuBQgIHdpJpWs0S-QOSjdLq4IP4snCSAg1Sg3fp5pfiepoRtOVAlrfk4_D8eBVyFsDwiRQQeahcNqZhkWVmHkr0A4bS1ISNer8NrHJJLybZurs5kj9nowROnxa0WjZ3rzTCfJKsQpAVLjyhhL3FnnWIUHqCqo4DgdxAPT0bDSU5kfEOdtLx9v28bynX3Y3Ioksni2p9BqOtW&si=APYL9bs7Hg2KMLB-4tSoTdxuOx8BdRvHbByC_AuVpNyh0x2KzUgv7_qYvhQjfU55fiGjLbBhQBXGatYxv6ZCfI_xoTdY76Jwoojrkf8rW2_v23jr_Q6EuHjVj8WgdJndTLnineO7rl-Ph5e91jIaveZ87FqHw9CyIsm7YKv8rrYuVvVipQmXCtqtl0hrTl9iAiyqP8x5jRH5&sa=X&ved=2ahUKEwjKopPV9aKNAxVlV2wGHWFPE6wQk8gLegQIHBAB&ictx=1#ebo=1
kjq44iu,https://www.google.com/search?client=ms-android-vivo-rvo3&sca_esv=d3f3c64452731849&sxsrf=AHTn8zpLySXadBfLjc5lOgaAA-s7pYtRgg:1747225237372&q=supritha+skin+and+cosmetic+clinic+reviews&uds=ABqPDvykNqK0zay3tjW-Ig04PGwsyRHyP_YjhrVgjESjxFOJReepnYmh4QeXIxEm_ZynnlqHd5kxgrKJTpMDxyRe6T7QchswXF-lnAmdtO3WqCueO1k5p0cEXM_47FWkuCNNBKndv73XbgHr14uKrFxynkUecC9IlrkSsya_hA6DfUYh8G-qD6DZt0lUjf7t-LxUi4YH--FTLabImUFcFW9LGGYKvDz1Fvbj9xcyJ3VAuvIbhXpxqzJM-z78H8TzmXazDY-UeE8_73UMny43CysY1Sd2FDMkYAcQQaAY91NqIG7Iw7wp09_c1x9wQYdLJw0jQlirlLiNpJw5QPriURWl_Ah6mQLv5LZ4yxbLNZfBx7NVoKvJO8M&si=APYL9bvoDGWmsM6h2lfKzIb8LfQg_oNQyUOQgna9TyfQHAoqUp_uO_ZQdEOF_nNoHuILWnqNsjT4Z_xRllE1X_UJa5NeNTUcXmaOr8CJVWclFYPiCPsGb367Bar95D1W-Pi-cFBv_-kUR-AU9hv6xyE0a2uWOnIJ_F9fLTHxTsqbc4WL29rQzkQ%3D&sa=X&ved=2ahUKEwjs1vac-aKNAxVpSGcHHcQcHyEQk8gLegQIHBAB&ictx=1#ebo=1
mqw33yv,https://www.google.com/search?sca_esv=0370362934c86a31&hl=en&gl=in&sxsrf=AHTn8zq291iqpaweLCsWaeyajeHygOgJng:1747225273580&q=dr.keerthi+velugotla/+yuvanaa+skin+clinic+bengaluru+reviews&uds=ABqPDvyqDQOl9xfuz8X4Ama9VBAcRcPP-bPpBHZbrGDC4q6PjRb_gQ4lnmaO4BufYSEQk5CkIl-8Qh9eoAAcl9A6W-0WxdGCRnAADINMcb1fEEGM4pHMobvc6KZ7-WeZCQALYarKK0hHmLL-6uhUIKnniOiqqfGWJp09Jwt73d8kbsnvMyvQ5Kjobfq4ivWjePe4c-oUyoFgxlZzN-9KAVZocXTyeZhsKwX2LpIOTq62dXi2xduIQpxOkwNAJ2JLuBG200L5C0qXmOrCNfsuSXBWoMPUOaDCX3C2WjuL9iAd_cttdAebdedQIEnNvtqKTCXBGbUSpi5TbwPRWd4RL6JTYKPXsij30zFAfwArcN96QpXfeZlRToCS7hrKsQ_U-uQFTT6_oH6xlVKp_JKeCZUdLBgvD-e6Plm9uByXEOVwhFzPtEziYRAmtDdxbsrdAzTADKiW__YbK91-G15L86vcGi_6_Va4eFRT2pIz-cJXqGOx-HLRvR2VTM4ebe6FInItKw2LjIbB&si=APYL9bs7Hg2KMLB-4tSoTdxuOx8BdRvHbByC_AuVpNyh0x2KzeojNLC07arD70CFYBNyBAmZaTs0Atj0bcsxfw8dWbnQJARv7bkcuFi63y144XP4MybHqLGqT-aPRulVOu-UZS8qn897SvvUG0d_M34z2p4hjqQCn0V7AZkMf97oSBKE85h0UdwCQiyecvm0uK_77fz3IoD4&sa=X&ved=2ahUKEwig25iu-aKNAxWGcWwGHX2qOwcQk8gLegQIIRAB&ictx=1&stq=1&cs=0&lei=uYokaOCaI4bjseMP_dTuOQ#ebo=1
rvw41ux,https://www.google.com/search?sca_esv=0370362934c86a31&hl=en&gl=in&sxsrf=AHTn8zodkLdENeozwESFptpB2UUmn51Dng:1747225323325&q=nyra+aesthetics+reviews&uds=ABqPDvzzfdqKaoMLkO6jjogl-JqhhrAWc2l9ehKn6LCjXv1ewM6YAr3213hHxdP3hozSJs9tF7Xg32AnylcJu0H1bE84YTT403kXTeWKyRLancjR-0JfoAiGlmIC3tXhqkoMAGYk9l4_GhmncQbA6iINPIh4xDO1KieIjJb1EK65BGllhRzJ3pO6vDxyfEvQMQJDmsIHzVLGrorbQOMTyjckDOPEIipdShlK3Srsvzr3Ffez8tRiefUSo98t1TgpdjA-_Pt71URFZKrz_qNJczpadmyTq5_0ZxMrTxjSQKQIRnljz1mKYZGnrUCpmk9nAYGShQBOUKRdfVSCtASVO2IEh508f_rhC5f-LsL2dS3JEo_b4ChDoLWecSdlXXGl1Yii1_gvk0V_75p8cyf_QLTaAvhi_xevT9oAQnNwLnNjBxO4XYb2BM9YC6HUnFLNejMlUxyfRLL-&si=APYL9bs7Hg2KMLB-4tSoTdxuOx8BdRvHbByC_AuVpNyh0x2KzTIgjizHNstPzysNZwSLei8OUvdIWHsaotpudXWUYhIWtqJXyxRy7lIP8fxEAnY3GG4wHPAddRHrsj07e-OdIXuu9b4G&sa=X&ved=2ahUKEwjY7fTF-aKNAxU5ZWwGHYGyE9oQk8gLegQIIBAB&ictx=1#ebo=1
jfv56kh,https://www.google.com/search?client=ms-android-vivo-rvo3&sca_esv=a96711d142537bef&sxsrf=AHTn8zpudFLhaaCvO4YpkHG4YIxwtKXzpw:1747225359457&q=dr+bhanu+skin+clinc+bengaluru+reviews&uds=ABqPDvzxPoVmpJ3C58X6CV4Xv19AIaZGq7PrQgo9C7QDTc2xpj6vCsayP6Wv0CNqipa5LKAZPOtoaeiA5Srg9ZNljTFqQxWiIpsjXPmVK9yMTXb_gXyDN2upqF2P4DePnhmvkktXKH8cTKUd4gpIgNFaBJwAkq3RgJ7KX7bw0HK-RrvpbbeLS4SNZUUH99WMhPu9vjNVGw3oE2WyIEJw490lHPkqtSsQN-14UZPJNLbu3VGUbxrrWAgkvaWnlRt0HAMjQcHDcqzPgIHuv5du92ScZGGFdCCWeoEqhr_0ImFxFwuH7HhZoC5zFG27Ue5RsFxtbXAs-LXS53YKERtnGZ9oEkm3PlhWvlJH96m0rM5p7p7EJjqxXtz42h14iDPLLVYiqfxMmYnYNXrUXaxDSe3HCZhE6fGd_Wrjn9gSFAGzH--SZNAU6On9tTOz3cbhNrUjyMJkj-m1&si=APYL9bs7Hg2KMLB-4tSoTdxuOx8BdRvHbByC_AuVpNyh0x2KzThpiSTzINaBPGekwNbrnUnZQpmeF_sVyP5F6BoVm50dvcFWByKx3M-Z7A6zx0x-j6m7fE2j0CanPmHg8Lth9j4r7YkQcQirv2JXCp2af-9RXRX49Q%3D%3D&sa=X&ved=2ahUKEwjzo5LX-aKNAxUrT2cHHeMWPa8Qk8gLegQIIBAB&ictx=1&biw=360&bih=648&dpr=2#ebo=1
hlo03fp,https://www.google.com/search?client=ms-android-vivo-rvo3&sca_esv=a96711d142537bef&sxsrf=AHTn8zrl_LGXBNl47dTEFMVNTxcBeUgvew:1747225396792&q=dr.mithra%27s+skin+%26+hair+clinic/skin+specialist/cosmetic+dermatologist/hair+fall+and+hair+loss+treatment+reviews&uds=ABqPDvxXWxT8d455gVoGgXdjpDE5jsl3MYjmVfejiYF4hfcsbbTBhQ0lDH6MaISb7nysBjgXZ4xTrrNr5VwAd3VnMc_I90JtnUEd-xwuDw7ftERdh0SpzA8e64u_hzUAHufu49VL1b6-HApBGKBezX9a72_KSL8bBM_Av1sOpQoBxKOj0jRCRy2A8oYA4b9WFAf7C0RXEELDeZAbfqQyS9Wk9_bcgBY-MJsjJoQvyH21rc5OUfRWdUVp_P0cUd-u05ihj0SRWIAVJJMrMAMfW8kuIRROQvh1oZcLQLHtg4H_jZm26AtqHx0NhvWphsny_Dx2zXVtBh45SUGHmiXQ7N5Aj-cXl42N5UIKUagJHDZetnXH5-C0ayjzS3ulbVCTEOUdGM_aPuMP-HbcU0q2szuIKNiNXwMNziiFt8tRy1KVPmQsr4TKU5UVZlUsIp5zgI6X4e6lbRLi0Aw0M1iL55X1Y4DhuCBkj9HAxgaxhba1eFV33awp668&si=APYL9bs7Hg2KMLB-4tSoTdxuOx8BdRvHbByC_AuVpNyh0x2KzcyrJKLB8zOfFTa01kqpAJAygPRFQgFXj2A9hR-gfMf8qGlZzo33YJ6idoWawZQH_mSg_ymSb3ZAdwN2ad3Cowu1jduISvmV1IolvZXB5zC12ZmvUM_TaXZ-pY_51Yh21qR1X7ReI4HxypcQOiMNC3vPgd1kMnYhlYazYEEMit8LZY_wethKbDGl-M83TkE4inG1sobiCaU2KAevSuVSMC5ngomB&sa=X&ved=2ahUKEwin-Pjo-aKNAxXDcGwGHZ3lAfwQk8gLegQIIBAB&ictx=1&biw=360&bih=648&dpr=2#ebo=1
lqc75bx,https://www.google.com/search?client=ms-android-vivo-rvo3&sca_esv=a96711d142537bef&sxsrf=AHTn8zpKKbwMh3sWE0uat6kZSkn-yGsjRw:1747225432578&q=dr.+sujaya+s+n+-+dermatologist+reviews&uds=ABqPDvwW7U8rRaw5gouu6tQSi2IuX9cGIzI4tbqwnUjzEhArzOY4kpejHjix2ELave_cO8ouyDoiCVrYbTVIxMHU8yAxLi4W_1vu1BSx8GRzSZZm3gOfpfqohOtE6V6hRSLO5JiTxIPaHzGC_FnldnGQ24rHDVJ8_svGYYlc9FuTT8fAI38umrlsb44p21fJUOMA4lC68AeyCdrakaTZQL6zHTWzFgEWkbt-gP6lXPsnM2lpuf46KW6AWscQ2Tna9y1Y8LiNi_Edn0ZjNKY0NIgEdaurBhHBzn-2qLi-Q4mqhi484Fu8Fy6Ds_y6PkGLrnyW7ZZ_icmDTTvTHIQ47Yu4ikZxdPkM9sskQppCl8_iDg5Y9SsbWfbA1aWJXCbmg3CrLlzix4b25Pua4PwUi9NAQFoCn7rfPxAoMZ7v3xTCdbzdAIj8-gb6sk6FLf7pOoczirmznd4Zyds8mTgzsHYxguDMB2v3lFpOOYq7kUXK1mU-dtgNLi4PcRkjwU0DtdVq_vxpcvhTEP9ykfHm7o3k8ebW8fD-9_HYTUwjnx9bosRIX6uXYWEkMaWxSPihzbTASZAMLfFcJfkwDEhi9U1oV6OEGF702g&si=APYL9bs7Hg2KMLB-4tSoTdxuOx8BdRvHbByC_AuVpNyh0x2KzSqf_p-y9UbIRgbyvB9gibR80Rh4_vvKjxH80QuORrjQIxolKCjAPfubKg9EFeeVAY8G_hTPty77LWgFrZeqt7LCXV-4QLV-Srpf6G1BA1Cx6k0hgg%3D%3D&sa=X&ved=2ahUKEwjDmYH6-aKNAxU9RmwGHbS8PSoQk8gLegQIJBAB&ictx=1#ebo=1
bmg25wx,https://www.google.com/search?sca_esv=a96711d142537bef&hl=en&gl=in&sxsrf=AHTn8zqkXf8DIgBUs__zPoDkNhYPZVMVGw:1747225523378&q=vaishnavi+skin+clinic+reviews&uds=ABqPDvyHSFxoBfM6R6WqTVP35sdcGYd1OuyUPX9qgvT9lMajLIx0LXglWWFcs-7EHyx1P-8bmBDCP7tjRFKAPFlAFRZQD03u4IFG2vdN-ryJHzmqYrfHb_LZSUhoPKGNODy2Xo0RZ78udSCVuxyVDWyEfQnbA6fdhiSrhJZMi4VWJ8R45T5KCV0RBliKhXV3dQe9qHnqQKhEPXc7EOb7JnFHb2LDtoNpt9EErzsRcWHiCaQ_ImCbGG6c6rjoIS6xofPh6PNrK9M1Q1g598Pm9l7KZdrlbW_vimjJlLFPvLA_TplmcjGS0_oKr0kBzXxCe3dRuTvyFCeJ4biniYm2w7vH5-hMS9IA99xaTktprHIlGr_0pjzXk9LLilvVrvAj-Xis3FUxDHAL&si=APYL9btvhO6SAb8jF9HqTZMMa7vs_teLnZaEVrJZwRKFIIKjoRFPZ4N-gfcAP8Y8LIby9DXL1A2cXqRBmPMIyP3XPL6Pf0G0-hZz1Z5lk9c4LEYxbVkJtLP3fcfDZz-AdEsBes0uAsOygCTHM0ZHVAY0D540Uq5AOQ%3D%3D&sa=X&ved=2ahUKEwjXmael-qKNAxUUR2cHHeOuN-YQk8gLegQIHhAB&ictx=1&stq=1&cs=0&lei=s4skaJf0FpSOnesP493esQ4#ebo=1
ikq81qf,https://www.google.com/search?client=ms-android-vivo-rvo3&sca_esv=a96711d142537bef&sxsrf=AHTn8zqHP7iQhQw1G6vv15PzSXbPJvvwmA:1747225564702&q=pralash+dermystique+and+dentique+bengaluru+reviews&uds=ABqPDvx-KRzMOVq4gVcNeVCbGleZxqZVQ6PGtA0KRNP5PINzPSc8HoYgfpOqKG6rhjeE8caRXu4S7Uidj5ZAIlUeIRS-i-22C73L7ita67jqSXRiLIa5TGtQSNBZhyMkipuZ6FthFtzv7GqwEBDsvoo-MKCCjWpx_vQKbh9HtX5bTyStKX8eT_e1LMoksBFtWtih8xiMkVx3ViQAukdlhQDDssfQ66kE6lHZlPV2fxpRrN3n3G6RgjxyN6XEyzNP6vxGw4ecXDdPi_pQnKaUSwvFFjuTWcEcAbHLWJMQF4FO2av5R8G0M7kj4AabLQJpv1fyfHu0UBzjJklBBu_fJ52T773_PXoR24xXySey1Rk316mnUMV3MaM1KAK2o-Bg9n-RYMSwSkS9hy0reTrNsaN1dWVCXso3Xiz3mp2_lsQa_sDGHPMInpEZJUQuwqih96t42E8XleO4KsrehZkxHDd0AENutNEihSvxtVZuG07LJdRhBgjB_r4&si=APYL9bs7Hg2KMLB-4tSoTdxuOx8BdRvHbByC_AuVpNyh0x2KzQiwP_GogwnO6jbPIKTldaqkXajOipQTWQnGqQ1gHAHc4sy6y_YsvVOQKCYY84F5W3L1dbrONhe6_2bLMQFEIEoXyYhM2oK_UQDTnzMcrynUzPpu85cf3eYaVwj7xUWkPdltOBg%3D&sa=X&ved=2ahUKEwjTu4G5-qKNAxVYVmwGHeI0EHcQk8gLegQIIBAB&ictx=1#ebo=1
mro84ye,https://www.google.com/search?sca_esv=a96711d142537bef&hl=en&gl=in&sxsrf=AHTn8zowt1dCNQ7r8-lKXCbcXZRVpYtuaQ:1747225723957&q=ashwini+clinic+bengaluru+reviews&uds=ABqPDvw8hOfrMq6fHksN4NiANQ5YJnmhzRZLFe2upsef24o2L05XOkieZRv7CsjiZEwvEZkbaNQKnnA7z2ZFocBMqGQBnf_bidUfpQdVHZ2zhv-EdWs8jYSkeYy9I2AekIn6yOQ6V5GmsBuB0a7byrMVLjyyY5ubCFGZDpTx6jPqMhq8PwIvHCJAVC2Vn03DXxWYbphgchjulmo_BOhQmtlNOT4211Ke7M-fnA-8-6kJPt-bHX8LWaUnB-O5dYAYx7OReNTb4JLkQVTlfHe3UtLqY9Z92oTZhesRSIiaFUmBt7cYyt56gBuHqhIYSR6ZO8oGD0NieuHsG8mFwglljRtousp5Z2mwngcv7c_R-uXMaZ0H4bBpW0rs3bMbQsu692SAEy1p9HUUm4gXvChDwWJaT3jamV7xMg&si=APYL9bs7Hg2KMLB-4tSoTdxuOx8BdRvHbByC_AuVpNyh0x2KzU0UqMTO32X-BRZP6tZVHkO0n9PpsuHnJgnhmAFidPIQYaW88yvdMmxk4fPuYgWnY79VDOL8uckz1QibqS7cTuDIqx-h3bXW4B7KpC18HDezg2bFXQ%3D%3D&sa=X&ved=2ahUKEwiAwvmE-6KNAxU8W2wGHXPlBfcQk8gLegQIIhAB&ictx=1#ebo=1
kik49yp,https://www.google.com/search?client=ms-android-vivo-rvo3&sca_esv=a96711d142537bef&sxsrf=AHTn8zoRXITeJaNRMF6J4CU_SfKTHc28CQ:1747225817578&q=raji%27s+skin+care+%26+pharma+centre+reviews&uds=ABqPDvx0U78yOoqz6w3e7wnnL7Y-d97jlBzY3n0GX3f9EAGIi1EHXaWl_RupRR5LeIyNJTTBGq9sF17bFOtNRmZxMf7rWGGlZY5D0LlpRvaefpGnFqiKJcSuyiXqBF7sWLmZWyrA9TKnr5cfGJNSAyrqhyRm99CbPU7AgeSNhG3vjfUVxSZej-FlhP_AZyYMQQPycVA7hAK2jOzf452D4YyracpJD4W_oz89e3yefn_U9G7ZlBzzJvA2zSrpL1HKODybgVYcEF46FgQ4stAbVPnxnVb27Q2aQO9pHf03dD0Wsg2re96GW2hH4sSSKeKIywITAwvBmofWQpz6BwsLZM8i_FW6mJ_rME-fyLLyLJIdi2UeUlQM2XsxrKNP60t8zWyu0LbMGeu5qFdtGIy0FFXG9gpNnqhhc8rgeB23uy7UmmuL2lJp4U1hkxKgL6XMgO8ngXNN8kxryzOyly6gGjANnzEmQqOUk1xzX4Bby4uDrD5XcF3XIBw&si=APYL9bvoDGWmsM6h2lfKzIb8LfQg_oNQyUOQgna9TyfQHAoqUtQxkqEyce6-u0-egoaTT70KGu8vf_oV4JoTZNu15mcMcTThJ1CFdDPPeqbCf5Otp0p1H4MEz_agssVFMfXJ6E9rvIsNsCrGkex3aKCTzJ9vQdV8gQ%3D%3D&sa=X&ved=2ahUKEwjY2sux-6KNAxXefGwGHUv9JsgQk8gLegQIJBAB&ictx=1#ebo=1
hib00ve,"https://www.google.com/search?sca_esv=a96711d142537bef&hl=en&gl=in&sxsrf=AHTn8zofLATWb4vjnG9X4e5j_WqXAwMivA:1747225858841&q=dr.rashmi%27s+skin,+hair+%26+laser+clinic+,hubli+hubballi+reviews&uds=ABqPDvyna1ezTl6pc6UQ7ZEMdeMYqNl_FkWpD_XhcZwDmoONlmsmvnNOQdOOA8RQF0Q4AdBp7eAuaYjZU-I3waOUkn1wUYwBTB2Nzj_L1XC5UoNwuilVR8DZDr7AAAdaKKIW-oTII0la9vyHD_OS7N6g0i8gHH-jhQ3p-eAO3dj8eL6ITVAv8SFZ7_3Vgo_kp9_aDBLvY8KG0CoQr2uBuwK8UswfgcB-dhxeLCnpHxadTKvrgR-QxkwUhGsOXQv7uBUzpzTUIr_bT_X4zA4Sbi_A8AWSMh6oD8kPRiHHZHndQo3nVXgbSQIi2mb9g5Kys9T-RQHt3t-8BI9yczx-KR64W99AmdlEt4E252uU6r3rePdGCJmf6p0PQjcFqybrAR7ncjU3sHKPX62ON5FYXcnGufX3p6dreR9B1DzcT-uMEtbUxb1a5Snu3brLjUYUumf90Pm8ULoY&si=APYL9bs7Hg2KMLB-4tSoTdxuOx8BdRvHbByC_AuVpNyh0x2KzaUYrQ9Io845T1pX2hltLg9vUZ0NxcFEzjQ4mP202zIPaEWBHpIeNMjdQrVeW4B5ea6tTc0XRloX82WSHeMxY2BZbwawrUZksz2qW5acGAkQ--66V0EZMI8jFBhD0CCScTV2PZPkIXgAH43XplKs-UCLweO7&sa=X&ved=2ahUKEwiAnaLF-6KNAxWTTWcHHSGUNmcQk8gLegQIHxAB&ictx=1&biw=360&bih=648&dpr=2#ebo=1"
bwa35bh,https://www.google.com/search?sca_esv=d2e7cdd0b004c888&rlz=1C1VDKB_enIN1147IN1147&sxsrf=AHTn8zoVLbicM3sIJxBJ0yJnqNGJYMTNbw:1747375362091&si=APYL9bs7Hg2KMLB-4tSoTdxuOx8BdRvHbByC_AuVpNyh0x2Kzd86UlVWzQjUd41AWd100QyrX1R-PiKSlv7Ep2URADu4obgka_nrzY281kIuuS4Zt0QJfjrWckz-GryTCKNBJB2SoiHxRPgSnDjMI6mnFca1zQMIPQ%3D%3D&q=Harshita+Skin+Care+Clinic+Reviews&sa=X&ved=2ahUKEwiSuPy9qKeNAxVnTWcHHfS_L4wQ0bkNegQIIRAD&biw=1280&bih=585&dpr=1.5
rew01ly,https://www.google.com/search?client=ms-android-vivo-rvo3&sca_esv=a96711d142537bef&sxsrf=AHTn8zp6PsI9fBQu2GgeSszi08Euyg-rbQ:1747225999292&q=dr.patil%27s+skin+clinic+vijayapura+reviews&uds=ABqPDvynT4ZwSQ6c6O31Iz40MI5xeEl32jwk7OfIfhtHN7DaduJ5Nhj4zeh6fZaTjsoepaPg5K2h3_t-6lwCR1an55DMyNIGcSzqEgq7mQNuZcrZ2eCySn53-BOzgXFlxHyyDXRH-pta-w8IqFw9GVf2wyArlifqFxtJeMWl4M5QEZYZlUG4BroWJ2Kcjl35_Kv6AkVdFiE_0aHmPeD6-BsR44cyZA-ouaIB0wGkyn625_hEiEbSOIMSpSUSWPw_OVlWaFtpSnD_0tRQUAi1W9YSsFfi7RIPuG6Zz_hiSltJ_oAl9uhFQbA24ujbcuYdqEsitrl0DJlRJ4slDHNdErxf5tl60BwItGnYCZvuK-Mtx-4gPUXvviBbA5SxGOW6VT4G1j9a7a9ppnlkPYJxKdCXQkE527HfEoxIXaB9JEZw9WQt1RuBTDU&si=APYL9bs7Hg2KMLB-4tSoTdxuOx8BdRvHbByC_AuVpNyh0x2KzfymnqiuLAhWP_IvI3Xur5TIQfpwQdH8lqYJBp_3-H7OGZ2NMLFBPzXnEgU9F99piHnu2m2m7yk7ishM0hofKxlRugri_qzomkFzngPE-V_sR1LJMlOkfdxcAVNr4fBuc2DBKyw%3D&sa=X&ved=2ahUKEwi5356I_KKNAxUlS2cHHbOrDkAQk8gLegQIIBAB&ictx=1#ebo=2
hch73dl,https://www.google.com/search?sca_esv=a96711d142537bef&hl=en&gl=in&sxsrf=AHTn8zoKATFY5pUtyilsSc9b8Xupa_Vf8g:1747226068152&q=bijapur+skin+care+%26+cosmetogology+clinic+reviews&uds=ABqPDvzwujFV_JTed0fVR0URNP4mg2Q1cbzTz0KOdC32yWjxKXhi8E2T9DiLuwTSgYwyiPmF0cJD5B8CuLHVwgXPVzanEsG2IX6WDMb7OY9AFs3PnKH5lFW2asowtvwR6jAinUPeDkovp3JAG5qmqhkS-L9HIcw70ufgtZRdBGDo4iFPZ_2WGiwJwZtXlihzTXVMSQmVClXu0aaulXIgB8Oge__Tm-uneMCtu9Uz-uD8MG8b3zPm1igISE4m-zZSH8fvgpAjpJA_eqqO1FqUkl3Q4UrtGPSGtw0gdsbBbeOsp-MSqZGcQuOIzvS_wkAUZyQMdQ7GDcwBLRSLiJOAJ2QCWZraHJVOIBcLqRBMeoxvfqt7WZ4rLNvLcyfj6N_WSRtXsi870uNob4vShFsE1XNUAH0BN7-wFtmnvRG8mNpAlaiIn6Wb-Sk&si=APYL9bs7Hg2KMLB-4tSoTdxuOx8BdRvHbByC_AuVpNyh0x2KzW-jzC5Uz_-frXb92tj2a_18SFwQbr-0hR2EQ9qvCNU-OfNFCfCCCPuMRCHdk0zDn4E-aVaAW6TSCpVYa0STOIyncu3FTcviwst3tJJSZZiAmKhd_sRw8a9zkRJ8Wq6A7SWKRKA%3D&sa=X&ved=2ahUKEwj7w4mp_KKNAxXZSGwGHdZ0MsgQk8gLegQIHxAB&ictx=1#ebo=1
lik88vu,https://www.google.com/search?sca_esv=acc27629dfc230bb&hl=en&gl=in&sxsrf=AHTn8zq-NfdzlFs4jxS9hVQ5pZSVa8BHxQ:1747226119785&q=g+square+clinic+hubballi+reviews&uds=ABqPDvyTLZ_etS6xWp-vTvDIn0S5sU4-OLbNEJmyPCtbFUppI6hpptQk9HdfIfhGm5nO474bYN0bLPt8s0-ubD6X1obkmUOosVRXOycCij4ipmlksuU4NKDpCiuTMcYeSxoeLEcBnc0A2hHXRo8_4T77z0Ys_VUHDX-bYuSvnf2EM_1rfbcxe57lyQGZQrvpR0_RcgdBgaCWLtIDXJpIWFX-_5b_uXLFrnlJ0ifyVLUhhbxQPYYl3xNWpMS8S6s_bK1FNiS-LBDkwlleEtw8ouWFosLNeqnWQMxpEcCHhXs418QQXBVc6EZnsGTLkI3lgf0Q5kBhBEwFNP7EBxsI4TCOief7_FSZ24XTYHJnDiJj58wsrOrWr-TuWa3tu47_mDjvbJu8CUPNLBT7x2awGXoUsRcxTORIm6pURGoTKdDLhKA0yR6iq_lWLUcqdXJwI1bKCIeu23gJkcLqsaoh8sLqWcbt4Zmh0kio2Fng6kS3Nz8rAnqORyo&si=APYL9bs7Hg2KMLB-4tSoTdxuOx8BdRvHbByC_AuVpNyh0x2KzbX8RZIZnAmZnLo_OA8RklbVke1dEE9tvTQCdCxKXDl76NypSqQc4-Rb788Mwl5h9FnP8E27Fztw6bmoyUzxuuF1c9LDNKIkbpVAIlNOoPcFsDFbhg%3D%3D&sa=X&ved=2ahUKEwja-9jB_KKNAxX8XmwGHf_fAjEQk8gLegQIIhAB&ictx=1&biw=360&bih=648&dpr=2#ebo=1
trv64qm,https://www.google.com/search?sca_esv=d3f3c64452731849&hl=en&gl=in&sxsrf=AHTn8zpn-R9in-4ym0XDwK02K57_fZg0ew:1747226151583&q=pawar+skin+and+onco+care+clinic+hubballi+reviews&uds=ABqPDvzwujFV_JTed0fVR0URNP4m7kawqLOVQX488If7PAidID6I8l7Myv_PiSBAqH4qowt1zcYCFwGwaPSWX3OkRVfc2VDRO_jms7WrjL1pQ9UnyEguRbG_dYHKTfEcvKNPNaOrwiumoOyVcXC_GPG2tbQHO8N_V5pLHC0EgkS-MnKi9vjZKVyJ2A3VYI6RoR2GfcoLiiM9Vdfa-ik8YTFOAnpfQDu5ZYzl18jEE_pO-lV2jg0OLJDZsZibyi49itRu0Cq5aqK-54aE67LUMb0TJYmz3pQGt5-cDmJrbSAcOgCOyEP0YyXm9PkAgz6EnogYbQDpYaiQYuIzTk-wRH0ULq9qe5xcnmuwUNC-Ao7OVapKgNkH2XE29ICcRr5LYCTGowWp6cd1477nhDzT4OxG8WFgTpBWhuymAEXQRrbUZB9oGz1YjQw&si=APYL9bs7Hg2KMLB-4tSoTdxuOx8BdRvHbByC_AuVpNyh0x2Kzcj6GJmmDVLbaQn5zDq-ejDQuHAXsn_WwhG7rDSeRj_JM2po7cvp7sibLoS8nMl5qKzkLE0vsDaG0upmC4Lw-mEoloYmXMbXTMmf0JSOS11IgBQ51Q2Q8EPMH9qpZuORJcltTag%3D&sa=X&ved=2ahUKEwia5u3Q_KKNAxUiTWwGHcCwJicQk8gLegQIIBAB&ictx=1&stq=1&cs=0&lei=J44kaNq2I6KaseMPwOGauQI#ebo=2
qed35fp,https://www.google.com/search?client=ms-android-vivo-rvo3&sca_esv=acc27629dfc230bb&sxsrf=AHTn8zrWCZKqgkUB-3pCacgDWVFqABY-rg:1747226217621&q=dr+arpitha+pawadshettars+skin+care+reviews&uds=ABqPDvyjJuMoUIXb0-SjJvAK9JhOqjZpbtKHQsebGcYtEbdN_auXPazAVI0dEo1i6pj50Gfe4f7STbCRFpYEkPMnarRqrniQvVP6LLLZLLYiGlSrl-DrM0kvaPUH9LFpF2qLrzeG6VxVs_JaFmhUiQEll3Gz6H48WyLnt7QouEuSYiU5yOS04TpFGTunt6qvGduGFYSRA1j0hHhm9e5uQxig_lhW8viCl2uRLkqfN4n5ZgtIy_H2kmDAsDmC3ft3Reoh__qZ3uIKPZGcEbaaV0hvgOutPxFuHBUrgThnWYlCOeAINNg36l6VrAJp0l6lsI4SHrO--1KKAjmbuoVZrGnpNHpW_mwSEJxxAOLfhm2RO9aLCnMDA_GveiRbl8BczGEWWmfnkfSpWSUe49bH2uJ38HGVCMgONAhvznM_uklfbHdkOOjrQZtcdkrpJ6NhnZMqESytVYbaY-XBCS-v468b4x6vHy_l9TY4fpBwD7TazVBPzWEA0YI&si=APYL9bs7Hg2KMLB-4tSoTdxuOx8BdRvHbByC_AuVpNyh0x2Kzf6V1P4ss83DGhW6FprEw4q6JEiPvbHNNgcAmHmZwH_J5-1mqnSjmnzHx0DHs81DdhsClmFbHL3vHIMIPhWSyJSHlPXbEjKWOcmwy13oYEetcTrcETvCBAE_vDqbZRzSFnZHpTo%3D&sa=X&ved=2ahUKEwjosqzw_KKNAxVgZWwGHaoNMxAQk8gLegQIIhAB&ictx=1&stq=1&cs=0&lei=aY4kaKjaJeDKseMPqpvMgQE#ebo=1
grz32fs,https://www.google.com/search?client=ms-android-vivo-rvo3&sca_esv=acc27629dfc230bb&sxsrf=AHTn8zoelvlYgO3wiEs6sP5QTtuYAi1rOw:1747226248170&q=skin+mitra+reviews&uds=ABqPDvw5q1TlzerrECbGn4PhHCuLl6SL219NYyoLtVRI3c5S869Ob7yYaixTRF9GyNdHPQXZP0BorTMLiKCiCKal6HGiJw6zkA4FhduFOnwInPd_ELbyefhaJznhCcV6oOZoa42ZuNNseWdJ0kZpFx5Ujcw4_ifFLJ-ySujEnRl1XM3vjTVpwAH9EGUtdcpOo6kjC1Bd51nELd7wPUyAbSpItwUmfqYtEVXaJ6fXIAft075S5T_Rrf0l7OB_uIo_MfK1mJtTWFeis3WKcmvkJaqZ50-GZSy_BJPeJzb298RxR1J09Gjvx5rl_UI3bOfbbyv7jIuL_mf-E2fEYyfWf_R4pMcQbpou3uIui0uEt2UIdQAVjDxnXW5qOT09-zYihg0qMqfqqYzs&si=APYL9bs7Hg2KMLB-4tSoTdxuOx8BdRvHbByC_AuVpNyh0x2KzX5vxSyEGLJDCAsuyNThtr7PF5MxZ7MOAxtvyG0jEAnbaI1GMq3imjppzi7YNuPd8TukzvEYdklR5A5gaUALuJD1LIvl&sa=X&ved=2ahUKEwiI_PT-_KKNAxV7UGcHHTOJMxsQk8gLegQIIBAB&ictx=1&stq=1&cs=0&lei=iI4kaIiYCvugnesPs5LO2QE#ebo=1
kek42qz,https://www.google.com/search?sca_esv=5829b96342253121&sxsrf=AE3TifP9SIjJ8eOW08DVT1dM0H-jYzPIfg:1748429695073&si=AMgyJEtREmoPL4P1I5IDCfuA8gybfVI2d5Uj7QMwYCZHKDZ-E90y8fZbGV8zrQ4fVENe4h0ejaOpc88sjcs5A9AJ3-HO-i_aq7x6EdRizcdJQX_aXg8kduC_pMu6vBhI0tXhTZlRms30YgGdiz9kfgC_QH34eQp14A%3D%3D&q=VIBHA+MULTI-SPECIALTY+CLINIC+Reviews&sa=X&ved=2ahUKEwiU246XgMaNAxVScfUHHR74AI8Q0bkNegQIIhAD&biw=1536&bih=730&dpr=1.25
hhi57yk,https://www.google.com/search?client=ms-android-vivo-rvo3&sca_esv=acc27629dfc230bb&sxsrf=AHTn8zoqg44pX3Icz7iWwWLEmEPGOWZLqg:1747226523727&q=h.k.skin+clinic+-+dr+s.k.patil+%26+dr.+suma+s+patil+kalaburagi+reviews&uds=ABqPDvyS05Y1pT20eJIaziloQV3jayzoKCDaahMZ70AAi9zZ4mP_rBN6bgS9Dgt20bllatPhqaDDgeqxEf59-1Yz3KchyVA9CW8pUU674PNmjuT7r7xKXT6tkk3e0ev3x-liL99LsmdmH8XygOH1urIinZ8ak-_vNA5K7XYZy_B-h-3o0OdlPebIuHl-AeDxF-mgAc6gzvYPEuT3VmtB0n_Uc7Fj4-C2Qkw_nSn-61ZP6rV-rMSPx1rvCBIZOtijSva4xLZDvSWyteUQw6K-PqHgmxlAhFxJwk4mEH1cv4NQ1z4NBZWzT7OPfYQEfrYbfHzkShDlvzfGZ_m0B_D5JdAQhz6HyLQlFOnfwAMgt5EA8yScqn4v_aJthSEitxqdBzoA2CEe3EnY2Xp2d9jXrapyFVDBOBixwDT6aPvZMBH9oMToBieYme3DubjLctPtu2d2rKEQ_EUe_ikyN-EIQeo_VkWnJZEyPzXRRuxWPGJrjFPLIETAgUsjgMbK9Yj8RcR0xtjWlcmAp__nZt1gR327puAzcYKaVA&si=APYL9bs7Hg2KMLB-4tSoTdxuOx8BdRvHbByC_AuVpNyh0x2KzUI5d_G-kbcKry-oOb5qrCgMRAUGimBp1Qav5-nCgyNCaDCYAHs7sZd5cjHkopsMX0Lgq9qgSoAfGAHVmjMDSXbX7EWXAXhJJ_Kn3SC1ZfKpW8UAkoDKe5ENzRYDUj_pT90V4bdj7uY1cd5UYZhMrRw5MOPs&sa=X&ved=2ahUKEwj-0qeC_qKNAxVmSWwGHeGsMIQQk8gLegQIIBAB&ictx=1&stq=1&cs=0&lei=m48kaL6ZLOaSseMP4dnCoQg#ebo=1
jje85lx,https://www.google.com/search?client=ms-android-vivo-rvo3&sca_esv=acc27629dfc230bb&sxsrf=AHTn8zql-Fs30-HgSEMHkIIBOajit0fFDA:1747226615495&q=doctor+vishal+hudgi%E2%80%99s+vascular+clinic+kalaburagi+reviews&uds=ABqPDvxwbkfKbq7fysxw9a16_eTTUX4b-GN7X69rCABRcL7Cqhcyyoa3Nxd_y1cv9XjXwSW1Q9QsayDVqmWByBqiY72-1W_V7xGotd5fnTtrdjqOm1e-Q9VuuK7GgRBo5ewVE7htoIaf9dMqreVUCPbfeiHiLoD03gcWGCZxmUerKDC9Xxia_Ins3eX8IjJhQH3P7Cb6fqH815qEeGcsOlRSiAde7vPhRDtUPOA2yqWnq29nzO8IYPww0P4mEFrXyoxiRLrDy6p_-ZszmQImEhQVE4LDM4VPJPvKVUQZuiE9JgqbBzcecRGv984ZlaNUHHws77aE8jdJvY65ekcu9AGIeHdL_XHty69fXyzIPO8tKi_hV7KzN90MMgFm8X_6hUsCGW-6QgWx2ORyRaeJJtO9XZk5lE2fHa9hc1QVmr1w3cgTn2pdnP_pqclyW5IDr80jniYVjsdi&si=APYL9bs7Hg2KMLB-4tSoTdxuOx8BdRvHbByC_AuVpNyh0x2KzUMpfuX10Y1XeHGjTEL7nbmKdjf2u4Po9TXTZGDhN5FgEvu-WeeCVPLOU01hbJj3YS98VLkKDS1ClwCJAJxF_1JwXAU0-CKB6sxxXrHuqoMfD92fuqz4By33_Is0xjc--y2Aqt0_uW-MGc31mNfsyouZjQn9&sa=X&ved=2ahUKEwi74Yiu_qKNAxXMS2wGHcxPL-UQk8gLegQIIBAB&ictx=1#ebo=1
wzp52rt,https://www.google.com/search?sca_esv=acc27629dfc230bb&hl=en&gl=in&sxsrf=AHTn8zoaeQ7m01S4c_bBHK_PD08MeH9smQ:1747226651999&q=dr+samad+wisdom+skin+clinic+kalaburagi+reviews&uds=ABqPDvw93sKZk3NcHicq54M01pOsVakdCG9b7rtlJiJx5EDK97UEZGWuw2AP_RrJkX9Ah1w4U0_U2NTZHwoy3UBWpAzIkSY2npUcgq_D_Eaa69pvF8g_-auYGrRuEC-Qb70P7j_87Gm4_tfUBm428u7Me_5giRexdF-nia8CMZPlPH6FM4dkZE6tAc8HFnvplWASySxBncUZ7ExaE4is6ax6htTySM0wHXkz7bJlftDOSkvnVoa3TcnAb2NBo_dkrVig2kxprwyAErIbk-32Ejp_uDF0TnJ6w6vhZnkMPFJI07mAhLHjieINPz7RkTneaKCdrzkOo4Cqt7g8mOUuLd5ym-eHo_19svyy3Kg33ZkcH0j46C3vUXt_Z8M5DL0ZhWTJEfAU25FHraoB9lAb8QxgWS95EKmF3WUBy_PJVw-J0GMy7TAws8I1cxeK9jwc-AD2k48NM4welkHRNduLWWpAxKqxfQCSiLj31D7mpoGG7jc431olN-FX0uW83cBeA7C2kw4turaO4VWVp-u9y89w5pezw2hUa6EajgnJGiiXTJvujlvAoUXGap7sM_JzJg0j2PRZdDhQ&si=APYL9bs7Hg2KMLB-4tSoTdxuOx8BdRvHbByC_AuVpNyh0x2KzSK4mza6sdDt4HqZz-pCh0NKo_bG2neElrGpR3yMdp29kW_86csct5nDgpJsqBjSVpktVbfT5zrsLLBNO-N25FTNlIykb9LVZBQid4nhSnYtb2yQTf2d_l6T6s8_ZN5jtEX9Zo8%3D&sa=X&ved=2ahUKEwj-3ry__qKNAxXEU2wGHRBGNAoQk8gLegQIIxAB&ictx=1#ebo=1
zqt82ny,https://www.google.com/search?client=ms-android-vivo-rvo3&sca_esv=acc27629dfc230bb&sxsrf=AE3TifPhSfkSYTGFZNON38t6RAKyZIK04g:1748257121543&si=AMgyJEtREmoPL4P1I5IDCfuA8gybfVI2d5Uj7QMwYCZHKDZ-Ews7lwPUX1H9t8fotvxguoPes5x1YW7IXNmcr_r4vRGr8x5r7FRPrOdu23uLmzBH4TVfefwh76JJFZaCJ2n1UlKd9bfDnJQy0EANJGDwOVYOyXijjA%3D%3D&q=Skin+%26+V.D.+Clinic+Reviews&sa=X&ved=2ahUKEwjanNKl_cCNAxWXdmwGHQwzB-wQ0bkNegQIHhAD&biw=1163&bih=501&dpr=1.65
hxx04ey,https://www.google.com/search?sca_esv=c00251c694cd13aa&sxsrf=AE3TifNfTKs2znTO_zkL0pKswz8Z_8WBTQ:1750252179306&si=AMgyJEvkVjFQtirYNBhM3ZJIRTaSJ6PxY6y1_6WZHGInbzDnMbURUrfQQbMc-6FoAn7VjspFmI_3e3G_V1diVBY4aBly-I-uFt_GZheQGt2QY4zpB5t4pwmYjUSSzXrBYkcSzdnFwSEJgtVuyDGPZF8AKqTLjtRWrg%3D%3D&q=SHRI+AROGHYA+HOSPITAL+Reviews&sa=X&ved=2ahUKEwiXxKi7hfuNAxX-yqACHU95EMMQ0bkNegQIJRAD&biw=1422&bih=650&dpr=1.35
mhz40qd,https://www.google.com/search?client=ms-android-vivo-rvo3&sca_esv=acc27629dfc230bb&sxsrf=AHTn8zozcrZUXU5yAO3xIGjEN2FQXPUTfA:1747226778284&q=dr+badad%27s+skin+eye+and+laser+care+centre+reviews&uds=ABqPDvwzqivRXhI5H51otWYpqIIyjD8_oEXqB4r4uULuBBlV-rG4TMu2Cf5HPwaQyy0PAs187VVWqpCoxwi3iWmm2B8tMy5WFWfI-xrUILwwmf-7QzlfGYUzvVjwnCrh1dZn7R-zPt8Y28SCsNRjEFAtnl8fq7G39tAU03UZHVXmWYEi1-dyVB34pDmfdQ6XHqs1UTrLRTSP4PGMFpVEhSN2dTsS04NOXTc1QJsXFjGGXNQO3D0buosPvH2FtovNQqPudS4j9RAr0DYfP64HBmupjhIMeny1ZWBrzuXEEajG4538ZdBgsVp4vYsCCZqIDh1akW-Ky35w64T9GxGdDpnYeNvp9u1PRX0aPrck_EmKZT779_bvk6WnOirDFiAG9aXLTBX_ZMtTBU3RI-aMlyGC314vnaPALc7zkXKpiGfASKlmp8qxooANZbHJ8ljQYBPLKKQJOm1_G6d4zlPaCmY9Nx6OMgdwDf4sw8oQV6pZDzpWfOH8sOLcm4GgHA1e_GQ6XuHyamqaGUyWS0ZgUc5YMCmcStOjAfTgSTNoOSCc67mMniiYPHXrkGlNrBS5GmbNiEeLvz1b&si=APYL9bs7Hg2KMLB-4tSoTdxuOx8BdRvHbByC_AuVpNyh0x2KzX8ofmsMD3WlqPj0WJ_BxDxD9sKkaHcsUhvKDVmPisUm8EwuxduzIGUgSN-AoE8_G0qgJ90Csg5ctiyruNwkAgoGYOUIg-Oz4ZEZKD_k6DZq24F7yIIvUAF5GgwmgGhuQo6jvRg%3D&sa=X&ved=2ahUKEwj3x9j7_qKNAxXJUGcHHVEeFg4Qk8gLegQIIxAB&ictx=1#ebo=1
mfw51fr,https://www.google.com/search?client=ms-android-vivo-rvo3&sca_esv=68f73f6b1576676c&sxsrf=AHTn8zqwLdOXDhoysOzA5IYJeMyc6KGv1g:1747226820418&q=dr.+deepthi%27s+skin+%26+hair+clinic+reviews&uds=ABqPDvxrfMsdWW7J_GWhH_QZEdQX8ck91dZKs0luXuukwz_8mfOiETptl-VOifa51DvztXZPU7DxBs0iTeMIkaaUpja_UHF79tPyoaa7a2GUfOqWTgTrz9SRecYTHzJ1ZqbkGYOlFn3SGUORPOwXhX1iMkDIkW8usE3yVQ4I12FpfzHAKRfkPxY9D1RKzohCeci9LyGgjKESg6YTxTzDpFNngNUu4U1OevXm_Pw9BS0ZQif5_mle_KEXFZ_79YkPH9ApsCsdAxcMXpwq87-lHYHWEm2pWfe0ZQlqEpp4vx7ceYHJPv_tH8ojAEer5h0oETOMxb9EPYKCfrhtpvwkRx2ae3GCgY6lqijclC6rogbqxUXDwkM0necuEteRfihUYgFo7bADqgb7YshNInXUpzQg4sB4dWudSw&si=APYL9bs7Hg2KMLB-4tSoTdxuOx8BdRvHbByC_AuVpNyh0x2KzTt-HyJN3AQs657aFVKOS4U_wQQofTGpT-01jd3S5vQoKP7x9XP9ejLdl107IXWmhkX9UMGrN64EIFCvztoTTM5fo69Ut2ryuw6bVuVw6JYTofqFHLLJoSycfmcATJydVCS9huA%3D&sa=X&ved=2ahUKEwjamOSP_6KNAxX2RmcHHSaaPS0Qk8gLegQIHxAB&ictx=1&stq=1&cs=0&lei=xJAkaNqmGfaNnesPprT26QI#ebo=1
zbd02jf,https://www.google.com/search?client=ms-android-vivo-rvo3&sca_esv=68f73f6b1576676c&sxsrf=AHTn8zqhF_1Mu3jZZBxBb0LEJn7QYxiSzg:1747226861944&q=tanu+skin+care+centre+chitradurga+reviews&uds=ABqPDvynT4ZwSQ6c6O31Iz40MI5x-amGVdT-aBMDzrwEuE_OaEYgQwupX8NT4vB8KEaG_2pGmq2V3FHzj1ny2eC3t0qDXHZ0TmpKPvXxptSiR_01VvoNcDw5mUmW9ZyX87dlQAMdTcyTBYK9aHNyGMdtyKJowGc4oleNuiEnFUmIPefZwf6HgJrid4iZpHqdKEdEVwXg7rPmKEgDS_lTiaVysDZCXSBkNoMhm_QUXuzhVyKnDqpaqkSyQPYRi2hjA87dQxiUvDcuEsT1dL-63kkGqct1m01wdZ2N1UUIpGMSF1XDEJYjrd8vZTSvtF3gw79MPolmod4oYt1UpBwLpMUDp9ggafFFS3ThXxRgW8Wkwo6s7qGhRo2jDqjiHscy2iPUqSTUtpxqRIFe0B3Q6xZGWdzxYqJOww&si=APYL9bs7Hg2KMLB-4tSoTdxuOx8BdRvHbByC_AuVpNyh0x2KzeWyo0BO5JeUjYV6wGo-xtxybwsLNm0zhT-wuUsdE4nuprUaYAFIkr64I9qCOo2qYfBEtHasmmdxGxxAiyeLbazaAbnk-RUzgow0BsmSJDdTyrbsuv2zHaCGUccDau-HHXNKB78%3D&sa=X&ved=2ahUKEwj74Mqj_6KNAxWWSGwGHWRiIdYQk8gLegQIIBAB&ictx=1&stq=1&cs=0&lei=7ZAkaLu2OZaRseMP5MSFsQ0#ebo=1
fzo86am,https://www.google.com/search?sca_esv=f6e32c4e753b1523&sxsrf=AE3TifO8bhLLTxQPy4OtKzncS-D1lAjVew:1748434750151&si=AMgyJEtREmoPL4P1I5IDCfuA8gybfVI2d5Uj7QMwYCZHKDZ-EyddlDr0zD1taN08arniw3D9T1LbqwthN3QStB7-U8pqmAtAi65YuZ0dvtxHVKgtkyeFYJkiZRp0ZIkbKItiVIBCZ1WboRzVp4FR-8P4L25Hd1Vr5A%3D%3D&q=Dr+Madhu%27s+skin+clinic+Reviews&sa=X&ved=2ahUKEwimmMiBk8aNAxXdb_UHHWEJCpgQ0bkNegQILRAE&biw=1163&bih=501&dpr=1.65
svn64sh,https://www.google.com/search?sca_esv=68f73f6b1576676c&hl=en&gl=in&sxsrf=AHTn8zr7v3kPpIGOJQIFta3qKC4_df7RsQ:1747226927219&q=ashwini+skin+and+eye+care+clinic+chitradurga+reviews&uds=ABqPDvyHRL607MyqEv-ZRRAxEetQuy-38aHXFndon3lo3yMERwGMGBytJReFbp0wMTI8x_Sj_hUAhAafHqPzcIde8rdFzJdvfEISvJWCb4o9whzLZAuNTZihp727xAH3oCmaY8Hu0jMOes1dNppX2q2a-TFUMJdNCC2SqxSD7xPD-qD6Eouqavn1UwD9wKSw_5t-HVBclmBGZQ6dIhFC-L4wq8AOCCdfRH0_bOid9gmD1FGD1quI4haHCKo6LkBE1Iuuk8I2jqKpR2Q0qWlaeY5bzsfoBMPU6Dt_LkHIaVI0oouCKEmNZsIdl0VqzTEToHPTLSi2lbfbExoTGSyTFRpUPQFcos6JlUmBP5jz7xZfWVllanX9DLXN7aOoIIy3EiQ23wKp9hhmYA6R1IkApl2WKJOJJx8s0OGPS_oJHCfdlM9QdLPq8h8&si=APYL9bs7Hg2KMLB-4tSoTdxuOx8BdRvHbByC_AuVpNyh0x2KzQfAWRAnExw3d10PzOT6ubQ9b66v3iH4klB90Lmb29UUcCB7H5goHYbXi-Xu_aeD9JZnTmXkPVtSuDa_IPkyM27Gf2iXuNAHPSr0D5My8sczDQYIJtYmAO_ElP8s9l2gOqj5Kc8%3D&sa=X&ved=2ahUKEwii7drC_6KNAxVUS3ADHbvbIYwQk8gLegQIGhAB&ictx=1&biw=360&bih=648&dpr=2#ebo=1
zst53gm,https://www.google.com/search?sca_esv=68f73f6b1576676c&hl=en&gl=in&sxsrf=AHTn8zrMfTST-_9rZhsdBZd5BoPQswfpnA:1747226971999&q=shrushti+skin+clinic+reviews&uds=ABqPDvx8BBx2N1E-cYshsieOV_K6gcZokVKorbXknU_h0h_Y_4v6RLVDtgUDm8VFtcJ8ljMag_Zxhbmc2qK_A63qZryR9ScHk8l3bbC4DJuJwiVZ9wut1V7iwiiLNQ45r-QoCV196xYbpJrJE73QG4ajZ3DHzmCzt-uvfJrgsICxQ_Le4uRZbkzoYufWRGKm_t468P89TfySHOCc4q_7vE9z8ithb6U8r2CRofjBvIMO0G3LtUXcHB8IM11pKQvHURFSXMKKslcD_JBz6cjk0NxRIyv0WhxEKNGFfDGvpc0oJNK446edn6kfPaXKO8a1PD_DjFl8wwK_6rE3NIPtMGsBsIdRdDwcIgD0ezVb_7aQSAyvy0rVx4AtZSfrvdJJMWkGOhz_fYSRnY4K3LKF6K2em0Mhh0m66b5eWy9GKJcpkHdLb7cJQ4O7RRGmVBPWQLKLVCXbUqRdDL8qPAME3_b4wzTHR2LTVA&si=APYL9bs7Hg2KMLB-4tSoTdxuOx8BdRvHbByC_AuVpNyh0x2KzRCpKgLKRBkEwHhZNKCQozq8_RLkWQQygVB6lWDEzZUjLV-dKb7tG5IGDPMZ2n5aVegNBv5ZUFbky0ijYGN9bLOILGpmkNnIUeOn8-reBe9HnzphRw%3D%3D&sa=X&ved=2ahUKEwiQ-YfY_6KNAxXGUGwGHSCjKnEQk8gLegQIIxAB&ictx=1#ebo=1
rni71ry,https://www.google.com/search?client=ms-android-vivo-rvo3&sca_esv=68f73f6b1576676c&sxsrf=AHTn8zosX8KGuVrd9gTIVuOeSepO_nfbsQ:1747227106526&q=skin+%26+cosmetology+clinic+-+dr.+y+r+parameshwara+shivamogga+reviews&uds=ABqPDvwc-YdswqH-b6QMi2sxT6Xp-DZNwsukdO-ZmUh_7O6qqFIS1wdSEFBmarJxYNRRXW0dsHxEoig5XhLBDidU5qvnwK2GmuaaNqluNA-sPTkTghrH5C-b89lB_YBJKl7pFmeB1oxdKhwBVkUHD3YEe80i9n-aK14WsanN-lp7yqaq3SKpbNWaZ27Ck9YBgbIa589LbQzlb0RI7m2C8RsMAk5dpO3wERL8r9ZR4iTI1Gm-90FjJLEsqZLbKcN06JOhwsTpI0399wfjVW9SibuOtjoUuisxotbRVEA_D4cdal6QSoZGaa91jkn2fy58Ls2yYcHgUqL4O395XCqvrW92NZql1_fkz534rp0cXYzu_Wx9XqYADJwzr5_Kz4LrtUnfxOhXg9b_k8msZj6lyP_RBCSk_Pa9clNCTOsPJSAUZL2f4BUbrNFzlzt4h7aWIALBKL7-10E3&si=APYL9bs7Hg2KMLB-4tSoTdxuOx8BdRvHbByC_AuVpNyh0x2Kzd-bwJKLBDqi9MT6TvYLkrSNk92cTvOO4lMdlxTmkT4dSyBvhigile7mwhYjeUT9cDbtLKNPX6q9Ts0W_BlOOh6M9ypWV2DS381kxzfomjNJADfgDtNnSpeLDmEDItS3nKSint2oLMxdzB4FohMT4JZg7rkt&sa=X&ved=2ahUKEwi28pqYgKONAxVTS3ADHceRDgIQk8gLegQIHxAB&ictx=1#ebo=1
nrl53zn,https://www.google.com/search?client=ms-android-vivo-rvo3&sca_esv=68f73f6b1576676c&sxsrf=AHTn8zo2cv_3UyuXTUL-hDeeRId-b2uHDg:1747377477969&si=APYL9bs7Hg2KMLB-4tSoTdxuOx8BdRvHbByC_AuVpNyh0x2KzTOgsdYLsSMZptbXFRIiGu4-52UEq0YJlKk2HBO95zGjBZfD7IQRoi6HzmHvR3odSEnpRZ1qtKzX5_mZywwI5qHPP5DB1kGX3xxfWFBqz1gt6Zc4itT96Tgn0_1JKkNLsOoiWFE%3D&q=Dr+Monika+B+Tahasildar+SKIN+-360+clinic+Reviews&sa=X&ved=2ahUKEwjuqfOusKeNAxXynK8BHRCuEf8Q0bkNegQIIBAD&biw=1280&bih=585&dpr=1.5
gjr99vn,"https://www.google.com/search?client=ms-android-vivo-rvo3&sca_esv=68f73f6b1576676c&sxsrf=AHTn8zpnyGhEvPKcx6S5cnJMxAnLMDGLNg:1747227248119&q=skin+science+clinic,+gokak+reviews&uds=ABqPDvwl3GUXLZIlh8Fb5Q_JyRS6XOBeKcXw1Di2Y51W4HdqsP-UqNOmO9MdLC5BNBf_NZBcmArmLRHwBmRwGNNIVVBo4bgec-4Bkw9W0lu6MBUTuZ8bgA9MW_rPyMi4KtnU9iB2Bl4Ft-A68LUhCnmBbYgriMTmO0mXgTST9kRoZahHYecYzvU0QjfRFujE6kIkiEOjZp3iPxLHgX3kxZ84bUankIJ_4lQqN2DwZhI0RcSe8oRygNgox_ArIsQKVn7W6_KK_ldIBmjQY9vdBwIXErusKXX01EqTJhDD7R7DDnzDjsyXZaLoOwvWz-__OdTc6Ab95FYJ86ryh-mWtm6wWpf25nhP58cPy7vOo3L1jAjIPxRs8Y5ajPbOeAFBBuX9ZZ_knpqgS7_aZ84fts4zgCjdA01cU5UHlhujCriwn6dxNni781MZP1Qk8NSMyh522opp2DRkBMI4Xi1oe6sFgcP0TlALrQ&si=APYL9bs7Hg2KMLB-4tSoTdxuOx8BdRvHbByC_AuVpNyh0x2KzXT_H5D6hIbneNjB3S9Qx4EFvf5zZCFz5Mj4Q3pXxM4vfcfsMa46BSQZaebFME1Lu7T99yk1_gVf6P_mxE9_W8Zsya8sCNivXYoJEdJ50Z70wiYclA%3D%3D&sa=X&ved=2ahUKEwjzhd3bgKONAxWtjK8BHfeVEm4Qk8gLegQIIhAB&ictx=1&biw=360&bih=648&dpr=2#ebo=2"
jcq70lw,https://www.google.com/search?client=ms-android-vivo-rvo3&sca_esv=68f73f6b1576676c&sxsrf=AHTn8zrmSlTIPeJhg5lnUYao-5e4man-7A:1747227276819&q=twak+skin+clinic+reviews&uds=ABqPDvxJKvw6QJcWuatAZDbdwgFEg8fLhYy2MnsBfH7tFgwzMt6zVVCeJAfLkBNJFvGUQKtt-Og_pHzCfuUCZFiXNA9LkkDCXlz4YwkKTxU8fzARBXV-c_Ym9v5ydV8LI_Q0EhrUqCHXBK1V6-UGUL8wdD3Ajd_jGaYF7wHCa7tDTR82aHAdvigoWzsoWq7VjIhSpc75HR3xEGNB6c-dDvffcscXYdyM3n6riJKwX9L1S4hN9y92s1Dt_Qi066yxuRLmUVR2DQwlvAsjrgnyEy-MeDRfE2RGa_VgShf_9mWFyzLVRlIeaE9oaHD8m9a1ia_ePLFB_tmjJb-uBwOj7D051tY2h5ros-UyQdykVLS1WltoevTXo1vhpdp74SUDEgCdvnfjEpjKsu-2pn7BigDPZ3f9IdojaeQSwBCKZnD6_lo4a1TVxWJsVkHlwUij69suWtHbXmRN&si=APYL9bs7Hg2KMLB-4tSoTdxuOx8BdRvHbByC_AuVpNyh0x2KzRV5gqBl9A9rT58nwFS9Dg9jsBQF_32H6i7-Kysso1QNpQReWEZ-4t3g6MJNztetbbd5BCa-S4A1pBfpO3KwEWXIP1JW09WxnfhO2S57-b6kAGULsg%3D%3D&sa=X&ved=2ahUKEwir2rTpgKONAxVCcPUHHcQdG-QQk8gLegQIIRAB&ictx=1#ebo=1
eso24py,https://www.google.com/search?client=ms-android-vivo-rvo3&sca_esv=68f73f6b1576676c&sxsrf=AHTn8zq2C57jO9bj055HLXePF2GCj4fnQw:1747227310940&q=charati%E2%80%99s+sadanand+omkar+trauma+and+multispeciality+hospital+%7C+best+dermatologist+in+chikodi+reviews&uds=ABqPDvxbKMuZOtKOhIKg9Q2fHZWPW95Vfllhw9wvUrYOPWl2ZWv6zBCUE8ACUXozSx4u6nWwu-T4u4HBnIYpSKanE_giXcs6_2myIriGSzH5GKgoaRd6HS32dP6fm9LtO10ok2Cx6Js5qKi7Mads7gKE9xTbj35i_nVl1CxWUHJUsoBdPwl6maLZ9OB0kr41j254yEleVNjPQKG9gx6kbPOtyzOk1J6R7nnJhBJgUUJwmycFmKfZfM836B-ncLDGQyjKh8f0iET73dEgiMcEP4IuGkZ-N-sf88YqVbEqrU0U4Zhqg5keE55fbfnw9OFABXIsYMwXGoLs9N1-ICbzjShBHTYylMLz3dg9pLNvF3mUJ3B7V5Ar4EVXS379QB1AxJWCFlLwhcRKLVijMGHnhtrrFE3W3NQJ94mOH62CuHzjNcvhl_cNAQrIJpeNxDnkZ8WjkniXDrUCL6zMTLEjMtW7jB9evQFeTRFyXaIkf3ovYfo_ujcjKqywFHVimUqq6y0gmF3ej8QIeZlMQoA7fQCmarp2eGhgN6L6DD0h48lt-y-kk6kiIKikjxFM7iTLJx4yj96NWBdE&si=APYL9bs7Hg2KMLB-4tSoTdxuOx8BdRvHbByC_AuVpNyh0x2KzVzThsnWqTYOnZ4ZsiES2764AGTpNfSUDN62Mg36kD0JSVqeGLwRMTif-75uNtlrGnR1PcmkNIjXyFg61ZsHwIc1gyHnK5WSfQt1SP5Kt5b7_abOE8-tUyM7aBbTOvz9z9Ls7RvtXxpVg-GIvTcZkHTTXvpgYF_-4ByRnkYxccTcEU6OMFrW90YlQJ1_lqPeChBDzcE%3D&sa=X&ved=2ahUKEwjEqNf5gKONAxWvi68BHYdyOGQQk8gLegQIIRAB&ictx=1#ebo=1
ued60lg,https://www.google.com/search?sca_esv=68f73f6b1576676c&hl=en&gl=in&sxsrf=AHTn8zqxhztG0by1HjOaSGPtPMw_LaclJQ:1747227347223&q=muragod+skin+hospital+reviews&uds=ABqPDvw2w_b6Ie2m5D8dA4JJGf42wfhSGztke7RbBVu-hTSBdI7809GaG-ec-DzSRv6HkTHcTuSIBE2L-IuSUs5a1AHWT6lblrjaYpQ79uhY7K3LFaqjjm9FxHWXMP6R16-N4oIkXbO9VkvgIjhUCFXh8bjj79P0d6WnPXRTpxEXaRH3lF33vckV1K6Uz67AR-XG-pQsKtw4fNaCeXMpfdvjgCf4vCAL5_EStr9eHQI_rCfHAdXYT7bnjcv01ZhaZbbOyAhy9QdI4lUujyn7RpYUQM3gvbWvaNJklyuDibCcIkIHkH0J8zQDA9NuoqEj1b2hqV0eHUCA2oHZ7xQNr2mH3ZVKnGuTHvIB8ibmbDGGbMKwTgUVwzg&si=APYL9bs7Hg2KMLB-4tSoTdxuOx8BdRvHbByC_AuVpNyh0x2KzY-1proPzaPaFn1IaVZo0fCFXgIFwN7IFsctDHjqh2GnNy0ws1Hgx_9xqol9NmaNWHjmml2sboXfo3mAIyVgdfojt1sHlJhIl90z42rVYyY6vRkAkQ%3D%3D&sa=X&ved=2ahUKEwi46f2KgaONAxXgePUHHeueMfUQk8gLegQIHBAB&ictx=1&stq=1&cs=0&lei=05IkaPizDeDx1e8P673GqQ8#ebo=2
mzd63iq,https://www.google.com/search?sca_esv=68f73f6b1576676c&hl=en&gl=in&sxsrf=AHTn8zrbpKmd_o2WSBc_Qhquheh_i46Rnw:1747227427129&q=the+reviva+clinic(+swapna+manjrekar)+reviews&uds=ABqPDvyii7EGSGD_8BByfiO5RCOqtc2vYlHAvlRmyllATUNJBTuUINOmHlfsgWqAyXzdSyPEHD4d52bxEvLAirYTdyh_u8wobqcd9f2KoxiL9gsLAReHU-4P3iyMj8AnPFwWK3LpHx635Q6_kSTM3ZwV-MF1aXhc2tyYdxr8_Sbg4MMMrbujRFbKqWXfE-7ij8Nqob2dTBZ9f4_6MnZgf2D-QGWPfhsGE4nzcx7Iiu7BT-pOLraovmTIBU5qsqvF8pQ5pHcUVj1wgSXU-rxk66UTpFPjkOrQLlD_nlHzT8aP17iCcHupOlxK9mCrGyQKvedyyAKYuSUXtTRaN3CFN-T1yVNPZtZSVjRykM53rbUdbPxHBCuZJ7--60aljeAmLQ4GIWxz0xI-YUVNCu7lKJVvwpEn_h-reuEaUV6EE1Ev_IN6lGa-480&si=APYL9bs7Hg2KMLB-4tSoTdxuOx8BdRvHbByC_AuVpNyh0x2Kzal3EfnE492S171ZANjc98tflk9CfXLoCUleFZ4PigUEa7za0HThis5Q-RylUfReCIKQwDthJbTOqcjNf99BwKVaj1cHiCq2J8IcQOTp5_TpgJbfU1DWv1H0M6R6DywCTv0KxWk%3D&sa=X&ved=2ahUKEwjR9oqxgaONAxV0dvUHHWunHF0Qk8gLegQIHxAB&ictx=1&stq=1&cs=0&lei=I5MkaJHZB_Ts1e8P687y6AU
gds31fk,https://www.google.com/search?client=ms-android-vivo-rvo3&sca_esv=68f73f6b1576676c&sxsrf=AHTn8zoSp6ohxoqARx7HB62isxY3pgao4w:1747227453845&q=deccan+medical+centre+a+multispeciality+hospital+reviews&uds=ABqPDvyI-r7J6pcw1yC1CvaZUEBL6V86bjwl_syeeNAGEInzQpe6NJo7Q230wlNNTfRIZ0QKC-iuFG_LC5HVIrzdPIVSmJYp1ofytK22S8xFrpHBA-R0cduf1MIMPVhsk5iMIB2W-oag3RT5XvhctCGggLwdohkJEdaUaktAZ94-dUDS-IKwq3KmtH-QG1Sji7b9HQQxcvG5_LjuKJc24FAMrERETv-4baDs2Q6ob-P-8hw9C9Il3pyRjWPUa8QDSGvzmqSza74Z9_QFEokJFozCYEpIagpVau93ZbldNHUWH9vFYizPygkSiGSK4P3V-GdoWt6WmQtE-4T5gSH_rP6SGhylIwMafJTfMaNpL7ElTL8ZDjrZT1-xa_SkM2FRrW2L6e2Ck24ohXgVgWpsz6Imsjv4NMW91PARn-9iBM7_wRmd0-9kdiM&si=APYL9btvhO6SAb8jF9HqTZMMa7vs_teLnZaEVrJZwRKFIIKjoZQmhRudBd0noVg-zCm5ZwLVyTcfOMUQMGOJV9gV1OVyHkn8OVBKAzVGJC5deoKUmJKQIzre7ugJ6prBVk78m5qxU2gSHCaM3l-v-5w4HAQF_IispMZHp-VMrfefgVqccWte4WE%3D&sa=X&ved=2ahUKEwihxem9gaONAxWrZ_UHHbkTL9QQk8gLegQIHhAB&ictx=1&biw=360&bih=648&dpr=2#ebo=2
vgx76ie,https://www.google.com/search?sca_esv=4452af626beaf223&sxsrf=AE3TifMxrh8m4e-8Wq453noycne1zklRww:1750420427790&si=AMgyJEtREmoPL4P1I5IDCfuA8gybfVI2d5Uj7QMwYCZHKDZ-E8WlUXBBlnRuj6gcS8u6_DQIft00zi1wR96kIlcbtgSeQX3W9JcXxUIHq_HyfNVtvL4MtthauVZH_yVqzZCZJzYs2Uxow44DFRV-XkEeVpvmKEP8Gg%3D%3D&q=Sia+skin+%26+hair+clinic+Reviews&sa=X&ved=2ahUKEwielbme-P-NAxVuxjgGHfuuA_8Q0bkNegQINhAE&cshid=1750420440269403&biw=1280&bih=551&dpr=1.5
uic44ji,https://www.google.com/search?sca_esv=819f551c3d47b554&rlz=1C1VDKB_enIN1130IN1131&sxsrf=AHTn8zpIeiKR73BZSxV_aoMLjUaOQ4XJUw:1747300881405&q=karthick+skin+and+hair+clinic+reviews&uds=ABqPDvxHyMe8109UbkljdxgCTESPcETSV3nzvpNnq5Ec2iQlwM2cxoG5V_sD-9J4mWubuZRJ0YzFVIF4nWab9xXiKMj6N327I9eYQmlbPEzlTV5_yGc6N379QtoJ5u2QkqLIj0IHJZYtMyhG6NFWpmd1gtfk5Iqht-3XFda7-Vzxog-FhKdi3T4k6MAaa43yn_Pzu9urtTepl3XGeCJOqM1hYzSgbzMl_ySeQWPz5EkFq8QLnIZdSdO9cgREzmmZXsR3rrWJ2gHuz5k_DpHfmOKOu9kPJD6cjDhqzkT7Zdy2psJmyysqNqTRAvnHpGuW1ZAggOFyuPrKzEwln9gOKrQhPxBZSxqM7ggWJChosxygZ1D4_QxJIY1KktuJ2E5StvATqsOdoWRlxoIqwqpv4gKVpc-YI9ZOEPF2N4Hh8412sNouCi9muvItcGxNljG6zl3N-D-sRQxU0P_eTp_HeElZb-uZr9nYbTS8_cFER-zk2h4UjDwUum6YjgNJMMvWs5M8NmcOh6-fDSJFTRHqdHDNvzyRRlK4KgEWTpeRlzsNiyt0Mr1cJp8&si=APYL9bs7Hg2KMLB-4tSoTdxuOx8BdRvHbByC_AuVpNyh0x2KzSgqih-V0W61Pw1M8xsHNGNYJETXIDpDZv_zFGA6bvguzyMTnJF-9gcMqolq2CMvGNjDW7MUCve3cgtfQNVkjvPY1TUprAUUdP3aWatZRSWCrFvp1A%3D%3D&sa=X&ved=2ahUKEwjahuiCk6WNAxXih68BHYyqC-UQk8gLegQIKhAB&ictx=1&biw=360&bih=648&dpr=2#ebo=1
aiz23gp,https://www.google.com/search?sca_esv=819f551c3d47b554&rlz=1C1VDKB_enIN1130IN1131&sxsrf=AHTn8zpA2dKY0n2Wv1n6zZKCgi6blBhN5g:1747300997043&q=skeptre+reviews&uds=ABqPDvyYIfZ2tgimb8UxopaAZbl8OpigQ_yawb8xiJ1YA6kudSQZFMnVNEGemnxor5pKU0rXiJ0BXLjbNPRiHTemgmXZ97aIpZkPzXqLx75nfrS9XI8JA7C0NvyOCdkstTg3NQtrsNZNw5tFPgYEB4Uz6pGEwAxae2HjsYOXVAJA4OZ9gfXwUZOQQj34VSojYxkWSU0WsH1d-QVI663Vn3Ol6mLwFJmo2C2YGTGuPJyavFEuGQE1jTQwNUC2LWgwCtJzHUtErmE0JM4xwnOG2cO5uRpEn1fXYhBgJXveW8lBUN4B4ByGHylhgcEe3NXo9zr-xZzMI0UHZo54MW26geXRk5SqPaJU0ATsdGwxldxptXWrlVxkbjvLTH8jXoCVcPoHaY2Y6SnEe4WP_FymL6zC8eiUDlsFzd5rtFC1aSGOeeyDOnYsC5e2zPabu8YxlFsa1mDwjtNmJNx9EkoDjnEqFZCeQi_6ZLvik03GqlTOUbsbdEDC6qszC9IitdDW0X6Oa4qoAm4L&si=APYL9bs7Hg2KMLB-4tSoTdxuOx8BdRvHbByC_AuVpNyh0x2KzabvEUCSdAqetBZMrXxd-7ypHf3nLgRdW_u2nqcfn9wTMxYoRRDNmCeDP7GxzFsNMtwjSlhulBcks7lJJajrwEHseqbG&sa=X&ved=2ahUKEwiPjvq5k6WNAxU9S2wGHQGTJlwQk8gLegQIJRAB&ictx=1&stq=1&cs=0&lei=h7IlaJ6nPM-fseMPivL2-Qg#ebo=1
boe46xz,https://www.google.com/search?sca_esv=819f551c3d47b554&rlz=1C1VDKB_enIN1130IN1131&sxsrf=AHTn8zptIEycif_Q3AG-OmaWvznbvwPfug:1747301104963&q=dr+vanathi+skin+and+hair+clinic+reviews&uds=ABqPDvw0c4ldgSasNkArZj0bDNRKeg2HUNPzn0We_2mk7iFEo1DgSPIo_aW8thJvhk3tPym4yiABB3AD4bjtTvJjLPZ3NZEzoV9QnbnKKoWCCVTHXl0gVFqCOKCkF3FTs8Q4c_0_nVK5LESVV5qOmgRxYUu2ciZPmOOuWKbS6EGkUBcx_gB2ooBVHUhECP8yhyF2qrevdcuWtpbGrkDxl7lvu0KTeDaL0uNBflN-9ZgPYroRhGUi4MsdnNVStuCzM38YBgf7qshV40vIAb32fa66o3NvMlPF-2PRxNhhdKrj-bhbgz8hI4Z8i2zEdYD--fD7rFVSFgE96HDwWpFHat1j1iP1vl_nwyE8VO-soo_6KRFgO59ezwhN-V0RrAEm0_kefFlfNrSyNv3KusD-RIRpvd5EK39LMQ&si=APYL9bs7Hg2KMLB-4tSoTdxuOx8BdRvHbByC_AuVpNyh0x2KzdGj6iNkLxrf8S9RzovJUSs48n5ToABcXu3e3KqHmjtuBYnHKVWYfF_ZwgGTZQZlrjnGpVX_9F149fJhqajDu4wVqKQpoeY_AvIqw4YFZkfctG5hRA%3D%3D&sa=X&ved=2ahUKEwiug7Xtk6WNAxXXZWwGHTmRBWwQk8gLegQIIhAB&ictx=1#ebo=1
vqo76gv,https://www.google.com/search?sca_esv=69251213fe4ae3f6&rlz=1C1VDKB_enIN1130IN1131&sxsrf=AHTn8zrJg_l6K9EHuYr4mk4_aNiuBsaXZw:1747380455867&si=APYL9bs7Hg2KMLB-4tSoTdxuOx8BdRvHbByC_AuVpNyh0x2KzeFNphYn4hfibA7G-LCAZR-0j6rVjCtAyqwkvfWzsIm9twCMfqPxLABc2kxjrSnV2olknvE5briYoW30PyaSFJUpf2dLOn8B9A_j-t3deSCVmWYxfjQGabPMDqr3lz-Z4KzZgmM%3D&q=ARK+Skin+Clinic+-+Dr.K.J.Karrunya+Reviews&sa=X&ved=2ahUKEwiB8O-6u6eNAxXHk68BHUVbAMoQ0bkNegQIJhAD&biw=1280&bih=585&dpr=1.5
yib09xw,"https://www.google.com/search?sca_esv=69251213fe4ae3f6&rlz=1C1VDKB_enIN1130IN1131&sxsrf=AHTn8zqoKAc_CRe5umFGek3FOxVEz96qxg:1747380582048&si=APYL9bs7Hg2KMLB-4tSoTdxuOx8BdRvHbByC_AuVpNyh0x2KzSYLHgA07t-0zb_RQWYIiElh_lDRS2LuGBFHMANbANh5gUqZt4lYtpM9aVFLY9RZlV65tn5mFOis-lFoBoQI3iHpvBt3eOJ7v6sstwRq_S2b6I176vd0BlxXiJgqE93gRX3YrcIWoUunu0QGviLAsK949gEg4A6ht_tcG7t5KZbwfv7m4A%3D%3D&q=Bliss+Skin,+Hair+%26+Laser+Clinic+%7C+Dr.K.Divya+MD%28DVL%29+Dermatologist+in+Kilpauk+Reviews&sa=X&ved=2ahUKEwjD34T3u6eNAxVQj68BHTzUMoMQ0bkNegQIKhAE&biw=1280&bih=585&dpr=1.5"
hma81lo,https://www.google.com/search?sca_esv=69251213fe4ae3f6&rlz=1C1VDKB_enIN1130IN1131&sxsrf=AHTn8zqZ6f--IXTGaJH0OiwJXslNaQQn5w:1747380660293&si=APYL9bs7Hg2KMLB-4tSoTdxuOx8BdRvHbByC_AuVpNyh0x2KzaGoa-n9U7qssda3rzswdDmzMWWeFsnvRZhx0skL6JHJY04hiJ3S66cKyB04CN-vseEU-KXxs2_BPlRq2ePCpXCNiSOslisUPbnfNjD0uC1Y55muQJYSXQhOq-fmodNuxwIKvuLjrtHsLNTTMq8oYcZSwst3GzjS9IpTJuSVnjQS36wuCA%3D%3D&q=Abhi%27s+skin+%26+Joint+Clinic%7CRheumatologist%7Cjoint+clinic%7CArthritis+Reviews&sa=X&ved=2ahUKEwjgga2cvKeNAxVHm68BHeaCLaYQ0bkNegQINxAE&biw=1280&bih=585&dpr=1.5
wke61ic,"https://www.google.com/search?sca_esv=69251213fe4ae3f6&rlz=1C1VDKB_enIN1147IN1147&sxsrf=AHTn8zokGmkmr84UdU1OsiHaRtwt5--2mA:1747381128707&si=APYL9bs7Hg2KMLB-4tSoTdxuOx8BdRvHbByC_AuVpNyh0x2KzTfgzq3L0ZzNjWIdpuYO3aBA8Me9MdOrPLrd2F5-pFcbaA_-yQPUsoFf0cQ0e6temj5ibQgXS84F33mgT1ULwfuFCjS_WUsv8TI__kyvdDUx-QwdFpXKmP3oHWPzIBG3au7d88LNPZZ4pQO5KyYSruky1knVf7XbxI1AoiAqW6M2rLn3e8JeuVmNgQgDGjUITrxnFOo%3D&q=Dr.+Mithran%27s+Skin+Hair+and+Nail+Laser+Clinic-+Dr.+Mukesh+Mithran+J+MBBS,+MD+DVL+Reviews&sa=X&ved=2ahUKEwip49r7vaeNAxVfi68BHbOsMLkQ0bkNegQILRAE&biw=1280&bih=585&dpr=1.5"
rbc51rq,https://www.google.com/search?sca_esv=819f551c3d47b554&rlz=1C1VDKB_enIN1130IN1131&sxsrf=AHTn8zoOea8C6X19TDheShzTKZ8XO0EtLA:1747381650908&si=APYL9bs7Hg2KMLB-4tSoTdxuOx8BdRvHbByC_AuVpNyh0x2KzXJiboIhFLlMfTSZkYvmF6JH0D3Jx1n6clqaQVkfCwL2jw7CJoEcg0IMZDM69GQkj9bVeaJDg1HbS39vpRboQ7GJDwr6roSJmGmuSXXeTI7gbDdLpQ%3D%3D&q=Dr.+Sneha%27s+Skin+Clinic+Reviews&sa=X&ved=2ahUKEwigqNv0v6eNAxVNTmwGHbOxDa8Q0bkNegQIKBAE&biw=1280&bih=585&dpr=1.5
tsh81sx,https://www.google.com/search?sca_esv=819f551c3d47b554&rlz=1C1VDKB_enIN1130IN1131&sxsrf=AHTn8zonM0vNtN2YeN9gJXUveL0_Op_N0A:1747381754419&si=APYL9bs7Hg2KMLB-4tSoTdxuOx8BdRvHbByC_AuVpNyh0x2Kzdjo_p4G7rMI2Jmx2ZmRDWBF5DcUJjAS1ow9FC8a4m3PVg_dKdOCpetOOWEqe2qZ_USKAUPXgTrlB-pAaFlWIJf3RIstoFquQiWSsw_XPuJQ5EMc0RHHhYQQqne-v0W64etG8Uk%3D&q=Dr.Pradeesh%27s+skin+%26+hair+clinic+Reviews&sa=X&ved=2ahUKEwivlommwKeNAxXrT2cHHe-aNuIQ0bkNegQIIxAD&biw=1280&bih=585&dpr=1.5
xjr68df,https://www.google.com/search?sca_esv=e7d216c8941b9698&rlz=1C1VDKB_enIN1130IN1131&sxsrf=AHTn8zpMEfRiVxmGqvbhcpu0h524lHTiYA:1747302118812&q=dr.l.vijayalakshmi+reviews&uds=ABqPDvxVJXd2VA-hCL8gX-W8OCPEOrwf9dvaochoE0oOkbtZ-huIbJ2JysFnObwovKEk7j6o3HmKVEkJ6F6twwVF3lB1KQhLGrcycaXOK-dPne3BvjbwZfr4Rr6jnckCa9mGWiH0vt9DfSHyIan-x3O7xIjxbhY4GhlAoykg2nnNCytBAQouN3AIBKBKoNvxtPkFlbuqNX-X7G51t1OKq7ddvV_ZlTQZYsrwzdCG7WYkuPLmY0nSP07RSa0iq3_Lz1FG4ITebuktuK84A-Jw6iC7s6i5gw3sWPHi5uuC6NPwnhuiqdELKv1qYEpjBB0emXg0VXd6V5Hyp-Z0fsBtpM7krCItwrpDqTuwapfgW_YdwPB6TbbRsikQ67nda_6vrRsk5mPzz2vNq8KFN77s-DCZRRgdEpBqPuIZ3DcuxhYaImWLTnIcMl_BAdORPGGlMOkK_8G9qqkK-ebPQA2BfFmjKlC-UfmXW-HiSTnu-x28_ISec037onHouL1c5y-XgzGAIyUdBoy_499djnGhfoXpIPoRoaD_Iw&si=APYL9bs7Hg2KMLB-4tSoTdxuOx8BdRvHbByC_AuVpNyh0x2Kzfp_Arfjk2bTiHyMU6jm8gE610XtJGfMBXJJ7ZraX2ZuHk0RWomxPsqVvdwOOjl_5b8c0y_0pTXQJL39l2Qac6_OvE2fW7XvYLAKVt34-ggVD-Ou1Q%3D%3D&sa=X&ved=2ahUKEwjYse3Ql6WNAxX4UGwGHX_iE_MQk8gLegQIHxAB&ictx=1&biw=360&bih=648&dpr=2
ytz47li,https://www.google.com/search?sca_esv=e7d216c8941b9698&rlz=1C1VDKB_enIN1130IN1131&sxsrf=AE3TifNGflsptJn02E5l5Rk0BtI-Xulvnw:1750240946454&si=AMgyJEtREmoPL4P1I5IDCfuA8gybfVI2d5Uj7QMwYCZHKDZ-ExUDuBBNCYAbKGIxjEgPr_bTdL9cJViSk4Pqmo4OmNvcNHAc-LENWzbaHwQJkK-avL8iAX-QfBtYPObPSRBQn9Jbl-ZZ&q=Sai+skin+clinic+Reviews&sa=X&ved=2ahUKEwjx24nP2_qNAxXbxjgGHUm1LMgQ0bkNegQIJBAD&biw=1422&bih=650&dpr=1.35
mgb07lv,"https://www.google.com/search?sca_esv=819f551c3d47b554&rlz=1C1VDKB_enIN1130IN1131&sxsrf=AHTn8zquP2dn61W3Cph7HHBdJouyrb74HA:1747382637898&si=APYL9bvoDGWmsM6h2lfKzIb8LfQg_oNQyUOQgna9TyfQHAoqUkaAzN-N3FK7jLMAA0cf8qTHfWo3qoxcp6vBfu8ionq2QG6QGgUUxxEYZtmkaCEowG1l39Wkn2p73QPUtHMewoUoR-feBXsH_lXG4pIlHjKPnGZjuVxcEXWE9JpSXq9AZQ3EXHbaeisQ-QwHtWksyfzS5pma&q=CURVES+CLINIC+-+SKIN,+HAIR,+LASER+%26+PLASTIC+SURGERY+Reviews&sa=X&ved=2ahUKEwjIuqzLw6eNAxUtUWwGHUSPM9wQ0bkNegQIJxAE&biw=1280&bih=585&dpr=1.5"
pcv09qs,"https://www.google.com/search?sca_esv=e7d216c8941b9698&rlz=1C1VDKB_enIN1130IN1131&sxsrf=AHTn8zr8xSwjYItE2Y6S1AmRN5w4K42byw:1747382681194&si=APYL9bs7Hg2KMLB-4tSoTdxuOx8BdRvHbByC_AuVpNyh0x2Kzc0-OJGpImr0NxsAJ0iZstWT2BZv_fmRNLM1l4IVJsfsRJu__GyRSNcJEYsB0svaMDlUErYyOp_0qS_z7UJgGrzgXtZMvCAOCG-yUn-Bxa7vTl-Iw2ioFmp3HT22U8YRf53djGaQozxaa6osySrYh9-kLntP92tK1TIvgTy8YyubJYf_3KV4L5-gqfLlbVodOsthZyRQBj-mFrnswOzB03wFKhjk&q=Milir+Skin+Hair+and+Laser+Clinic+,Ashok+Nagar+%7C+Skin+Care+%7C+Hair+Care+%7C+Hair+Transplant+%7C+GFC+Treatment+Reviews&sa=X&ved=2ahUKEwie__7fw6eNAxXHk68BHUVbAMoQ0bkNegQIJBAE&biw=1280&bih=585&dpr=1.5"
avl93wx,https://www.google.com/search?sca_esv=e7d216c8941b9698&rlz=1C1VDKB_enIN1130IN1131&sxsrf=AHTn8zreSTd3SaM8n6Rwem7hL8e32hiHFQ:1747383015289&si=APYL9bs7Hg2KMLB-4tSoTdxuOx8BdRvHbByC_AuVpNyh0x2KzRfF1eu3_wL-to05ru8bCHwecBzFoRUUt-If8MbycPNiBNMvv9qpnzlot3pFECLi5rVKSp28ucfgnWIQ5ps0VyzqBQ0KxrD5rCyj_fv2r_3NvLcHMA%3D%3D&q=Sri+Sai+skin+care+clinic+Reviews&sa=X&ved=2ahUKEwiQq6b_xKeNAxUVcfUHHdvVE-YQ0bkNegQIIxAD&biw=1280&bih=585&dpr=1.5
wrr41mr,https://www.google.com/search?sca_esv=819f551c3d47b554&rlz=1C1VDKB_enIN1130IN1131&sxsrf=AHTn8zrkmBe4XaS-br0HIOpJCC-8b-Ee4w:1747387219144&si=APYL9bs7Hg2KMLB-4tSoTdxuOx8BdRvHbByC_AuVpNyh0x2KzTeNuz1zp_p951zFN_9FvH8CP6Ia3GIq6Tdygq50BpIp-j3saiPNIu9MKaTtzV18r5Ndx_vraycRJhp7uxb7l0teE62V6V3H2yJtLPXvKb1T6wQuxg%3D%3D&q=Dr.K.JAGANNATHAN+Skin+Clinic+Reviews&sa=X&ved=2ahUKEwiGxe3T1KeNAxW2UGwGHTIOJdIQ0bkNegQIHhAD&biw=1280&bih=585&dpr=1.5
wlf67mo,https://www.google.com/search?sca_esv=f35c2738a467ab50&sxsrf=AE3TifP-OsUNJg1qBE77T8hZiVGo9DU35w:1748237831384&si=AMgyJEtREmoPL4P1I5IDCfuA8gybfVI2d5Uj7QMwYCZHKDZ-E03KP46cIoeFAnRQ4Quy5v-_LE-pUshvXtQa2tPh58VZBhJD5uY-KSBqi7CsORKLBmKjfoILOKQT3jY3Mb_nsOo3dZQNuuRwDm70-GF7bBV6SAzSe4CcOw566xopgAjZwx8IlHg%3D&q=M.M.C+SKIN+AND+COSMETOLOGY+CLINIC+Reviews&sa=X&ved=2ahUKEwi4wbC3tcCNAxU44zgGHfb4OGgQ0bkNegQIKhAD&biw=1280&bih=551&dpr=1.5
nqw24ev,https://www.google.com/search?sca_esv=e7d216c8941b9698&rlz=1C1VDKB_enIN1130IN1131&sxsrf=AHTn8zpE-0JtALaV6QWYqohTbFkgdQzjWQ:1747302635379&q=dr+gayathri+skin+and+sugar+clinic+reviews&uds=ABqPDvxr_e6xL_PyXeUI1plrrzwWlgoB9YDYk54I6kvys4ECxNtgus4XTqWTGogbSVUiqsIJVNkHaMNXLdxs6CzTA4CPPm2_3d6hJ-D2mUQDSXLnfDeAv4BTG6HgYB2zwqg5lgC3V2tDlvvMp89TZJHVk_cK5rXjWDTDDaDptmkG2XdrdZj7gyJsnXU5s2YxP38dIIsCTs2hbl0TCqztWqA9fJS1rGQRi4k1d06AHrlp8bKUrPuFY-wy9D5zUKYU1VIomUbQi0xsu00iaqYIceaKA96lZ9lxIC_NIZ7YXKyyADb1KxZ4oXl3nvE_EogrmtnSa804nyE7PNRdA-3aM01u40CU-Uh3imOK4S5EQSgOjxxYJv-5kj6NUi35rdErkWQ3J61z0NrQ0SDAIZ0Kj0Pb1_c-1_G_TRBdmPocExWWEs0tL5goq0buoiFKyTBgmHqJifggPI1jsTx6RHIZW7LSIA7gJxCOIc7-W6XChthfFuwdKYLCvg43Q-SxkhZFkGhOAZVpJIMStXwGHnSOSS6ouOO1J4B1EQ&si=APYL9bs7Hg2KMLB-4tSoTdxuOx8BdRvHbByC_AuVpNyh0x2KzR3eoPBtSKeSqi77494SxYlHkBoZzf3zBB5-mX4WQ10L3JTb2b_JwCzif-2oZhSHw9N78ZeGZdHOvLqUljEaIA1eINKZLq3EuwwhvXJCdj2YRDxwB3gE7qxeMzczvYYj23Mga5s%3D&sa=X&ved=2ahUKEwjXmZbHmaWNAxUcUGcHHVG6BSQQk8gLegQIJRAB&ictx=1&biw=360&bih=648&dpr=2
cfu86zz,https://www.google.com/search?sca_esv=e7d216c8941b9698&rlz=1C1VDKB_enIN1130IN1131&sxsrf=AHTn8zq9rfwXQBSwhlb8UFGl5A90X2QNeg:1747302682481&q=ropheka+poly+clinic+reviews&uds=ABqPDvxhZEf1Dy8ASXincZQmKDCUIBUrPlfjtm9460WE1NIWYtGHdr_xGB4ilbLyrgo9B4e9-6nvd9ohCVdTYp3CvqLuijIETB4PMjtmtSC1uR27PBc9zjmAZfASDiR8HruHye0FSrgEgivL2ERBTTqCy05hW-mt3ZHtRttAaYgH0bFvyDhKx1Hclpf4wObNt9wRP2FPsyuuSkEwcl743QiGfdwUJDj0PFm_xRJkPqX0IUrOcOcw132zNQwLDeM7fOMB3UhURampuKp1cfa74TmpoIGFEtBMishUdd78WpB2ThBcIV2K05ZQ0w9zg_mwXsqUBKmgVu4jq7aQJFzp9mkaBdG3LjZK310JFndWMuKCGCF299ivhXjyhr2hq66-23h_KCcKvsPurmldOjD3-KaXXeIZGshQvmIffpdy7b_92CeWCSSC4FGl1zTWxPLioDNuuAutLq09QDbjdxSqcKIVg7VhG9W8aA&si=APYL9bs7Hg2KMLB-4tSoTdxuOx8BdRvHbByC_AuVpNyh0x2KzSTnCOxvzqdFNYobQtHcL-T8-92gWMdudW4aJMm_jkkmKZ4e5T7pz9-LphwcuE6K5wbpwzv1NtK_hZ3DbwkXgg0SKShjpUTPvYo1NiUfp4fG_nbQ-A%3D%3D&sa=X&ved=2ahUKEwjQjtHdmaWNAxV4e2wGHfTZDacQk8gLegQILhAB&ictx=1&biw=360&bih=648&dpr=2#ebo=1
fae34yg,https://www.google.com/search?sca_esv=f35c2738a467ab50&sxsrf=AE3TifP_nl6yKagYKUe7qt_KRUVpMqrbqQ:1748238088980&si=AMgyJEtREmoPL4P1I5IDCfuA8gybfVI2d5Uj7QMwYCZHKDZ-Eyg_DCPSKOlp1hFYGYGQ-mH4fsuBwsJzDZ678r9diXtBbDWJy3Ut50NaPaPx4jKQcCBfDjPaX68YbExDgcNw294ypJoP&q=IK+DERMAX+Reviews&sa=X&ved=2ahUKEwjL6JqytsCNAxXnzDgGHYngLLAQ0bkNegQIJRAD&biw=1280&bih=551&dpr=1.5
rbe76tp,https://www.google.com/search?sca_esv=bd578a49708ea9c5&sxsrf=AHTn8zpB0dVXZZUm-EZWMASKUkfKLNy8tw:1747387704755&si=APYL9bs7Hg2KMLB-4tSoTdxuOx8BdRvHbByC_AuVpNyh0x2KzX1GgAc7IbAV-SB459HJsLC55BDBdXMPsvACkxFtbs9vJkVrZREYPSbyDz8swZb__LRqsHG-dxdwBz085R4SU9s-2QcDhWCtYrU-zN_pBaxoSgJEUQ%3D%3D&q=Mithran+skin+clinic+Reviews&sa=X&ved=2ahUKEwiI77S71qeNAxXRePUHHW65JfgQ0bkNegQIJRAD&biw=1280&bih=585&dpr=1.5
ccl40wr,https://www.google.com/search?sca_esv=e7d216c8941b9698&rlz=1C1VDKB_enIN1130IN1131&sxsrf=AHTn8zptpG4vXTZZ_NTUplAdoKFXBT1ttA:1747302959351&q=dr+vinitha%27s+the+skin+clinic+reviews&uds=ABqPDvyt9UUS5QqDISaRQ-SrQAvHNA5FjmZjuBSiQGTe7-_VZWQBYpakhAUrzkTbm2SEG4fJkscNQlXq5peZ0Ayoo0kTZujbsY_YkU3GUDByx3V8bQgj-dJm9hj6MdPUN0a2ixolhy4sHjdqGhRLzcOCvJSTjo0vKD8263XlAeU0Y_ojENspK1GWw38Nh0c0E-QJCqWXtLZ5-5_jtdN2Ggut2ykvggkUSTs6LMuPcl9mnyHOjakzd1cxR2c04DOR0cA--CpsYugvrTEqf18rlpjATKeJB39_IM9Vm-IoieJjUEzUh-Mmvu32Kx4eYjCmM91xj9ei6nANLq_bhKGDdGWlwFjmdubp-sC-tUZsPOKMJ0OiPcgq1qd1xZ1MPy4BPMCueoMrC5W-gYUxMbWPAQC9eRg6sHDqc2E8xVl7v_eG8FP0gWd9iJuhOt5nKNQJ0gsTOMeiv08XAE9UUncPSmw3aVP0E312xwx5W8kB5cPnYGbry-5zS_rMvECiXsg1QjpluNMaepz1mR57E_kMhHgT-S3lF3YRmMuyvH8aUsInhImwX07at_8&si=APYL9bs7Hg2KMLB-4tSoTdxuOx8BdRvHbByC_AuVpNyh0x2KzdQTID7uP5IdIEZ9OGjrfrJuqK5ciY1SanikJNN-FGEUPkbSXhwhaNLckbLuvfhU6xGGVVu10uQWFTwRDjQ1TCWjtb_jk06xWuaw_X1p7TBAOJZDcg%3D%3D&sa=X&ved=2ahUKEwjK6dPhmqWNAxXaTWcHHQg9J4oQk8gLegQILBAB&ictx=1&biw=360&bih=648&dpr=2#ebo=1
gvp18qz,https://www.google.com/search?sca_esv=57c748a706401e0d&sxsrf=AHTn8zpAU78GuMVx1I2TJDrc2FFzeAODjg:1747303199281&q=nova+cosmetic+surgery+centre+reviews&uds=ABqPDvzlamiEKu0cLp-23D4us-PMZbTyJIpGc6id2xK19y9vdlKSACsb8OIC9UTArnA-r7MeK2htFbCfQsuJ6if_wGFm-x4axER5LT5PjbCFBc-yhS_9xaKjb5SIqqa01GGeVAWVvahRROD9W_22FBdVDoCZzu9_iSWg-gpTPmJVqtwDQPySwQTucu71r4ABFRujKMBv0I9Ib4Ka-tn3eGa6wDmmvtBQ6xaJy0UNK1AUOhtRZQ-WtrXGf9384DtCLdR1h3ghYs00AdYrQHXBeF4hi4c3VD9Y0xu0ciotQa4zeWy-if4PJ45etpGVmQ-atvFHQ2xBNk_H6pXgny4m_Gw5YiJPJKwCK0gabLRYBWN6DFGOcpF-8zSUZadMMNGEeuSt7X1r6ly6Mjjl47QrkifcS0KRHicA2kAGOKQaM80MSaQpIeIvc-5fzi4AYZ7oxdkmtKgrYXSsoB1I4LKTwBNC2EvqNC6CQxwDRFmTqvPdPpDr7c5QiGrYum2bfXcOR-g06hYTBlPSDLxrBaEKBl4HvyKW67BinneoQ50BJdIfajz7PvYaDFM&si=APYL9btvhO6SAb8jF9HqTZMMa7vs_teLnZaEVrJZwRKFIIKjob5NgPU5Ae8CN3NHO7pEI6-aLTEP4nUCTxHCafajcmiEen8cdhTDI18k1Qxv5sWs-WJ9wQYaa6phLlnveFQRVGauLANt9qQgZN9obMdkhBmBrNzrfg%3D%3D&sa=X&ved=2ahUKEwiHiojUm6WNAxV4m68BHTowIWUQk8gLegQIJRAB&ictx=1#ebo=1
ndg29ec,https://www.google.com/search?sca_esv=57c748a706401e0d&sxsrf=AHTn8zqb7cr_p51tym1Zj1LORZ6UxuvTXw:1747303296347&q=gowtham+clinic+tiruppur+reviews&uds=ABqPDvwKUpIZvi2TsrVjt5BUi0YR8gFHrDUcYl13O6syJdZl66eWjYsvvZrpOis2UAn9LjA_W9bml0n0cNEx4PhEJXdb4UPfc6876q0vtBnd31wi96vfuWpW2gdcYrIBNsAaTp1rbf3VT8N5HD8omrQZbM8_grlH_gVgTXWHHVv058TOwkXg8D-V56YHJIbROyxqaPFG2w6nSLz7rUcAtrSWO2oaGToGWFbnNDMAx72rXc4P_xdTLFEuKZ6prl8GAaafUFAy8QYdh_fQwYdojDiFHICfhDBUxL0VNxbIQqCNHmGWEE9XtxwNCPwpq9XoNhjq6TckRHfvqi9Lx19p4GwiP_iAfAOW4L4yhMWx455fQsqUnMJECm0&si=APYL9bs7Hg2KMLB-4tSoTdxuOx8BdRvHbByC_AuVpNyh0x2KzVHBpJdCAUhLcmMF_xsZeNxJlp68pVBQLU57jdYZyLmoM65TZVphDaK9wxXszxAJTZauwUpdLnDbLMBfKYG0qraHly1L2HponTSvmQZ1YlZXAc8DvQ%3D%3D&sa=X&ved=2ahUKEwi8r6yCnKWNAxXmk68BHWvvASEQk8gLegQIIBAB&ictx=1&stq=1&cs=0&lei=gLslaLzvFOanvr0P696HiAI#ebo=1
upr49mw,https://www.google.com/search?sca_esv=57c748a706401e0d&sxsrf=AHTn8zq6c7WSgC114kFsCA2ffHodCWAr7g:1747391795182&si=APYL9bs7Hg2KMLB-4tSoTdxuOx8BdRvHbByC_AuVpNyh0x2KzVJTxSFV5b1gMkBPklSnR1hRZUpEI8Or0hoJw_NrzdmGzPWEhhHgc4TBxrnzjNQG6_h_WnMPfAfL-krC_QKl5GRGPyug&q=Sri+Skin+Clinic+Reviews&sa=X&ved=2ahUKEwjr3fDZ5aeNAxVUfPUHHbfvH0wQ0bkNegQIJBAD&biw=1280&bih=585&dpr=1.5
iop71px,"https://www.google.com/search?sca_esv=e7d216c8941b9698&rlz=1C1VDKB_enIN1130IN1131&sxsrf=AHTn8zpc_IIiDhSA_VqE0-B0Mti7jDLIoQ:1747303709946&q=mg+skin+hair+clinic+-+dr.gowtham+%26+dr.manju+aishwarya+(skin,+hair,+laser+%26+hair+transplantation+centre)+reviews&uds=ABqPDvz7nlqCysEe48H-qeHS_DKZx7XdfLNY9eJh3KHZTJKeq7ujyHjqCjoLw96gy5eWwncKqK8sD9r5KfyuX3MOc_aMwo0DDW7AiCVkwJp6rWsHJC9NZFmYnUhnu6DQWQmhNDV5gpIVjS7YKHunkBa6vMt90fQKSkFCaz3z7Lkvo4ROjYHQCNGk_T8rVp1sJbZ5da3BFqvix4PSPEoG8LLro2ibo0xvIr9jvjM9GAHxvFwdwM_WuVnreZjUOEkVzFPL48rVDLo35VwVk94yNfvRLu1AXQiEs_89RFHs3SsUk3AEPhvhzOU5lcsiJzyd5EFMLF9g05pFfvd5WxNc7JJa-gL-uer-3jBagXGK_mPH6P0vsUvGdjyvyZkFUNl3YoGuRLf-ztP1Zaxx2hogU1mRbKJf79wPIxr9h2ZyvJMIB_Qvd_joxbLoNsls-EgkIxvR6T31YcKWyj_I1fzUwPAD87mb6et96MX05jtLqBtvj6_Cnm5v4O5xQsbTky0NjJQuZTsXzAjlx-OJcOgZa7XV9lxmKXmiziPMOXiQ2abLQYKRUIelcKE9pzzq6etiIAPdcEFHdTFVwObT04RBWDeFp6yGNYuojDr2G8s0Pe2cuufJjjOwgpfgRf5J6_UDSbF-gbgLAr8c&si=APYL9bs7Hg2KMLB-4tSoTdxuOx8BdRvHbByC_AuVpNyh0x2KzbCYRKpACNlk_JV8Ll1pKKJDE47Pw-bMbqs9-1LKMapmE6gAWDND-O_bcxTAOuXzDcmupQL5XT5LtVZ31Mrlcu5KXBE1ZLe2hXM2R40_HUz5MF8PEA2ky6c1Hry5LwD1p1AXTM473LKB_GK9PckitLkz669MgmgTVD5Xf5b-bmbH0TPPRgbamOsI9NxV8dS5hmPCmaHUs-vxVC0jlZVNkmikhAMb&sa=X&ved=2ahUKEwivwsjHnaWNAxXslK8BHVYMBHoQk8gLegQIIBAB&ictx=1&biw=360&bih=648&dpr=2"
nji94am,"https://www.google.com/search?sca_esv=e7d216c8941b9698&rlz=1C1VDKB_enIN1130IN1131&sxsrf=AHTn8zobYt4BpOJTuG_p6vFKock3NkZM4w:1747303931417&q=sanjay+rithik+baby+care+and+skin,+laser,+cosmetology+hospital+reviews&uds=ABqPDvwoOZMzlxgqMPIfCN1LgbVfOI1zFHvtmkiI_zIysC4YGDBqW-u4Oasg4WhRl_fxeXj4Je6Sb4l5im4yFfDUYnbzfNeIvWyqzdimVhWf9QcRODIrv97j7TO-pGV1YtfaSqadgqa8L3sZF4tka6a8QGxq6BfGOIMcwWaOwSo5nDoXeQJgmJI-gRdx20bwt8B2Bk8uORVWP_9LUHvqzrWvrgoNKV_nrCmA6r8cFcm08i8vHn7QjPJykwyY43tJ4159bHOMbO-4Mz_ZmovbDvs0_DNPqeHpuGJIJXZUb0r6ZiHuyHOLkh_S2zqTsyESDw81EjHLEtbpRbJqYdz3f8fyG9lxyHhSgOvEzll6PtTsm2Q80-FZMjJ4NSTMyRd2gZR9L0MbKOAUYHxr-y4Cg8pK83znWHx2Z5lbYdJdq3UA1RLABSFLfEiL7xdiluojZ5EdLPedEA2H&si=APYL9bvoDGWmsM6h2lfKzIb8LfQg_oNQyUOQgna9TyfQHAoqUnWfRcRO3lRMjD_RRyMc4gJS2amWfzfadPM3-ZtHklxXfgnAi198nxIyngDarN3d3BVVo8of186KabMmB8dtqKwCYnpintBZfn5Z4jfpyqTPZR1d1CE4Sc67YF-3yIFWrfc_JN-SBvJKvnyJ6cpxDixroGpa&sa=X&ved=2ahUKEwiHjpaxnqWNAxULcPUHHYJAAKYQk8gLegQIIBAB&ictx=1#ebo=1"
mnn85zj,https://www.google.com/search?sca_esv=ffe7acc5946abd35&rlz=1C1VDKB_enIN1147IN1147&biw=1280&bih=585&sxsrf=AHTn8zqYLyPe64el_WdvLxGi48qDFseMCw:1747392427155&si=APYL9bs7Hg2KMLB-4tSoTdxuOx8BdRvHbByC_AuVpNyh0x2KzZi968H-_LIBHPp5wdIoNALwWl2oDBgiytbId7qAFkKbK3EIhQjAmurfLRxd2vrODL3kQe0QrJTKV8LY-P7BkAdOe37EqSUvX3YmhMlU_kp5qmdytjG0TURJKLctambYkj9-2oU%3D&q=Dr+Sudhakar+Skin+and+Hair+Clinic+Reviews&sa=X&ved=2ahUKEwigoJ2H6KeNAxXpiK8BHSI_MW4Q0bkNegQIHxAE&cshid=1747392511813000
fec37rc,https://www.google.com/search?sca_esv=e7d216c8941b9698&rlz=1C1VDKB_enIN1130IN1131&cs=0&sxsrf=AHTn8zrQMP8kBITkd8uUFybt9Yf_mrI51w:1747392631698&si=APYL9bs7Hg2KMLB-4tSoTdxuOx8BdRvHbByC_AuVpNyh0x2Kzd8hh_kILDdC_yzX-SY460Spp6wcLbkbxWnX-ZfuBPEbyS4T9i9T4bD4VihWkBYg7phS1Mx_adProVDd32GW6hFJkIFZecLoS-eRBIpQ_efbyXb2HyyvON2jg5mNdw5Yu94h3rkhVBnH3XT0MyQEWFQbLBshHlaBUGkg9ANr1CYVo6ryewZJ5RqCeFx6-WxFRbS2J4TiVP6PUgV2CuqOYD5tDQnZqx-Fff4MIjGIcS_lzP8FFQ%3D%3D&q=FJ+Speciality+Clinic+%7C+Ortho+Doctor+In+Trichy+%7C+Skin+Doctor+in+Trichy+%7C+Dermatologist+Doctor+%7C+Hair+%26+Nail+Treatment+Trichy+Reviews&sa=X&ved=2ahUKEwj7x-Ho6KeNAxX9b_UHHbVdCtAQ0bkNegQIMxAE&cshid=1747392632213616&biw=1280&bih=585&dpr=1.5
urc79fp,https://www.google.com/search?sca_esv=e7d216c8941b9698&rlz=1C1VDKB_enIN1130IN1131&cs=0&sxsrf=AHTn8zqkAjh9J-9S6Ys3Ounlq6KuQISHGQ:1747392696441&si=APYL9bs7Hg2KMLB-4tSoTdxuOx8BdRvHbByC_AuVpNyh0x2KzX6WrmdfLB4VGTX0Wt0z9EjGEq4V9pFg_t0SPePsA7-O_DRAcP9mFKF8D8BYZoRzA5QtRzO5k9qPd51jARG2fFM0idSSkVszig5Cfhqk91U-pwv3fQ%3D%3D&q=Ramnad+Skin+Care+Reviews&sa=X&ved=2ahUKEwjskNGH6aeNAxUfiK8BHZRNATsQ0bkNegQIHxAD&biw=1280&bih=585&dpr=1.5
pza52ry,https://www.google.com/search?sca_esv=57c748a706401e0d&cs=0&sxsrf=AHTn8zqO2ooYqUjLh2AbQPGJFXGtW9vcRg:1747392903068&si=APYL9bs7Hg2KMLB-4tSoTdxuOx8BdRvHbByC_AuVpNyh0x2KzbOA3LxoyeV7v-hb9pBncLryXh_rTUaH0sLB8GeQcxBIYJiXAVVrxv8yLoRiSnon9kg2-JgvV0OkjG4bilW8DZVXxdT7&q=RR+SKIN+CLINIC+Reviews&sa=X&ved=2ahUKEwi725Tq6aeNAxWETWwGHbq3J2AQ0bkNegQIHxAD&biw=1280&bih=585&dpr=1.5
ruz06tf,https://www.google.com/search?sca_esv=57c748a706401e0d&sxsrf=AHTn8zroErnPR0FNngqu0GBVs-SlE-kjeQ:1747393303456&si=APYL9bs7Hg2KMLB-4tSoTdxuOx8BdRvHbByC_AuVpNyh0x2KzSAGR54YvL1TwamFppgN1Z6dibhsIpbnDZ1RTUoXj0gmwnCtzwiW_j7khW7IEvQF9OZFpA2vy5pz5qxjY-ALIa6IU0k2RMZ2NfhOiAP_ac5rwlNIrQ%3D%3D&q=AKJ+Skin+and+Laser+Centre+Reviews&sa=X&ved=2ahUKEwj2t4qp66eNAxVeTWwGHUUpKvUQ0bkNegQIIxAE&biw=1280&bih=585&dpr=1.5
fxb06ck,https://www.google.com/search?sca_esv=39afd09c775c4fa0&sxsrf=AHTn8zrqSGzt7Wti95Id64Yc_3Y-T9HbaQ:1747393397857&si=APYL9bs7Hg2KMLB-4tSoTdxuOx8BdRvHbByC_AuVpNyh0x2KzWxfWIISg8zhVEU3MH7iJGwD90YvtGWhHEpjIA0_zzFl7-TCWyAuEYkf4ze7LJFoDPv5uRqNm0vBE8wIQi81ka7AuQaBhqM21CK3TE9SRivwPrg_mKXVSHOAjzgFRldjfhbdEQkVk0B5yyt-xqLSsKepKZMK&q=Sai+clinic+Sankarankovil+%7C+Best+Dermatologist+in+Sankarankoil+Reviews&sa=X&ved=2ahUKEwjdmYzW66eNAxVKXmwGHUboFhQQ0bkNegQIJhAD&cshid=1747393400345198&biw=1280&bih=585&dpr=1.5
twp51ty,https://www.google.co.in/search?sca_esv=5a5a3411688c7191&sxsrf=AHTn8zq81DmMsx0DvQHSlhNQxV304gRaUg:1747304315708&q=dr+nishant+rao+reviews&uds=ABqPDvzlM5eCYMuV7GG2i96s2hnX_jTnO06hdHaqSYFid7Jmhau0CRJsKPWZfj1hxnJqab9beCn_AhwxwsIzsIT2nkEPG1CkqzkzHpFMcHEPdu8nd4BjetkAc8kaBttL7ObWQwJHTHflOs7OGBymavWymrp8vFy523bgrr-CycFcsIAuS0HjcCaU79cRGkrdH2Mrjakc8fNyMz_kqO8kjLi4zd-sYUQDh7vv4aODi6ExWq4NF189LIFzuIc3p4s-F5vJyW8zNr15uF73qBvCbWGm7DGIWTdvDHURWk8RZ_8FWf2vgF4yM2g6r7P6k0uJHkqY2-0MNnmfqml0qQUUdh-PzHVS1HRLwRNV4scJsMbRrwdVNcKXhAmXdvXcSE5BN9bo1meN-posEOoozQF0HwrYTHAIC1YqVzYgp7sBF1lua5zoUARB9UL9_YjoT6t8Sqr5jq_ePKZa6A_7ykCs0SLzPt7Eypj0HsmT0ir0UtoPDvuDhyHCV0AW7m9EcuWmzMeXfCc_CoCU8tgI749UAMMXvmbhmNFTXA&si=APYL9bs7Hg2KMLB-4tSoTdxuOx8BdRvHbByC_AuVpNyh0x2KzeGdbvtwDckua11RhKgXgPAPZws6bpb6yyW0mSHuFKj9v_dHv8c_KjHiwdLu3NSucPohDSNtDC2jJL4nB0sEhRh2B-cQ&sa=X&ved=2ahUKEwi7p7Xon6WNAxXczTgGHRwgAdwQk8gLegQIJBAB&ictx=1
wkx35rj,https://www.google.co.in/search?sca_esv=5a5a3411688c7191&sxsrf=AHTn8zr-FTJhD9hss6humgG254E1vSNVmA:1747304625136&q=dr+nisha+chaturvedi+reviews&uds=ABqPDvzG_n85T3rfytI4I9S83c76_LNzI3pkVHevXEVPH5oAOiuSG3lEky2GpOx0iC8guv3qxfbMU89W6cCcx-vCt8nT3PMfDzA2qPAnFcWSJhT9K1uebcsCfhYlJQJ2dXtANuOQ_WYwktw8BxZ_341gIL_F6Cv66MtKUvFzWXvGtqAa8AkD0oaOhUzQzAraObu-Q4aJZMIXsqc4_D8OVlcWnlwaIjPEgw3ctRfPafqqmVsdXWyT-mNzfMzkinURQnJzbrvoXqPR9pujv-Gghi0uHltk3jz_0-TFYD_ftvjL98nNGr0lXqLaZAL1CsDYqRKIn6AepRReDQls-Xq3xeG-dIiT3k32Qw&si=APYL9bs7Hg2KMLB-4tSoTdxuOx8BdRvHbByC_AuVpNyh0x2Kzch6oDQVvptWXWXoNdMPQIjsfVBvrJ8FGDyoEQmcu3Vd2hnwqqcd0FkcstBxC25fDU8KKmbLPfHgdGDTkQngXY3PDFg6FPsyYBNZjhbWgdNOxeMNGw%3D%3D&sa=X&ved=2ahUKEwjZn_v7oKWNAxX0zzgGHek6M8AQk8gLegQIHRAB&ictx=1#ebo=1
eqq64uy,https://www.google.co.in/search?sca_esv=5a5a3411688c7191&sxsrf=AHTn8zpjHNBws-UDP0lCQux6IUtRaupRIQ:1747304686509&q=kiran%27s+clinic+reviews&uds=ABqPDvxVJXd2VA-hCL8gX-W8OCPENvSg552FtjUgL1XOGcVz4Jc7YP89m77FRF49Ce57wXrjgySiP1h_oaf7HpfW7Edc4YQ09tHNfLAnG5rSMtN7lkTmuRofmHTIe92t89ElfF3EIeX_tc5EE4_IdaFS-UZ74duatxDqEvqKVHR6B_TwEt2W4owGGI6JJFADOXx0RTJHopejL7y2iDL-yUD_CFPEuFyXjHy86C-Ljkti1Jkx-BjCSPRXXwPLPrE0ys3Ex3eFBC1_ssrcNK2aXeCbILHA08NiazantfOQ4xQiSrD7caNhMylJdzZsyk03tQg7aV3IT-4zXHrdygWJ0k-NVQc86ZKv-RZEd22g8nd9b8CCEHAowsNxw3twiFK6DV_mL1DYrcSZ9K0l5IMgiT1vcCMNySb90f1rdB1QArJosYS1RGmEzpZ9F3LCrL1fpxL7M5Naz7vko_7sssQ3rlR6XtQqpZmIizWS9jZG9p_bZqHqQv0igQ67-DZWuKG3FHku61BJyrZf1qEcNpCz-UDmZlktKuLd0qDXZFnYmd83sxNr5n9QFNY&si=APYL9bs7Hg2KMLB-4tSoTdxuOx8BdRvHbByC_AuVpNyh0x2KzeCf9nwokBRBfJ2gfFwI1EX3wRDgcEiHHXO1B0Y6e6cHu7qncyWU-B_3yWroUDgabzsj1FOiSAmS9TF-AvyMQAwv7f5j&sa=X&ved=2ahUKEwiCo52ZoaWNAxVK2TgGHfjbF9EQk8gLegQIJBAB&ictx=1#ebo=1
xpe32ga,https://www.google.co.in/search?sca_esv=5a5a3411688c7191&sxsrf=AHTn8zpuT2s71x4kKmoYPyata7-UAJTD4w:1747304759965&q=auro+skin+clinic+reviews&uds=ABqPDvwru3iBABBih7Di6zO94Cn3g5_5ReMVERfFVT2xlgZ4KXL_kpGNhMQz3Og8lSdPu49xUHueghMamt7ADxm5nQjH_1vPEXSmDdqGDFfAfcQ6ZFxi0CL4sJtYqKk_LsHnvNJdgIA57RYRHRo6aT_NO5Qre2afgUO7x663_YMSIofs6FYNnmtdb5grBVcg0KzxtnlBXZCPppSMLto_H3XwEOHO5Z59bVXFStOBkrrgqKScPzz4SQ66NisxARyoOLLyLqZxaWBWt0njfzsShHLz5btVRoxFHqIdtMVLxATLbJ9LhYA6ZjM-B5l2K47GNYGQha4DWPUMTYRnsc8zxHaXw3j5LY3vHtOUTYn35hr3Mg1F9Ae0vGf16ogYkRUO01UssdOM24xg_JzOMjcxXS7Nd0DNnn8rPEs7NP328hP4zhdD28zw9_LWAu_62HqQ9zEVhlodnrk3A5_JUWupjMuLZXBcqLp-tEAKCZEKeeN7ouRwG1fh6UGN_CmpkJyZJbYlgnL4y6Q3ovvr-NgfBxFKuIkD2pFtrPB15MNmmMlwgM8I55Oh7bY&si=APYL9bs7Hg2KMLB-4tSoTdxuOx8BdRvHbByC_AuVpNyh0x2KzQYng4yN6jBHHJ5nzX2VQkC6EcL12Cjz3Wv900KNtgI7cCNf84Grj6JFg7RZxf66t6mYXW4JDZwHmUY_9WhV4Qtm5zxzi51jbhIQJE3w_8pewGTpOA%3D%3D&sa=X&ved=2ahUKEwjS0KC8oaWNAxVHxjgGHVvxHMgQk8gLegQIJhAB&ictx=1#ebo=1
yby97oi,https://www.google.co.in/search?sca_esv=5a5a3411688c7191&sxsrf=AHTn8zq5z2PfEOdMd-NFVF2-Y9C7iXiPRA:1747304821846&q=skin+n+sculpt+reviews&uds=ABqPDvzemNdQYO4Sly7tJbN2Zrs9eL-d3lYsExX0DxWpHDCUtXMHoEUAD1i4cwDxbCbHEa6KQOGk33jnN9vRtKSOTZKVShpbvrCGU3SVecaQ2KqJGzJswOmldiJy1Th3Yh5QR4LelTyQd8im8dsW_hdj7ovI5YjoPqBY_dJvvXz_TLKGY9q_K3m2vyGO2mefMf1xqlO7bLNUlioSoNFNCZp3K-3w-jQ-slpEXTGaBZO_TQHlE8hUgypo0dLlHRq4dvGi-2FW-IilesM3DZQcnqtov2EUWtzufRPaYHeDrSi1HG1rIdOwRZkcOELHz8UIxN7beRpU_MrxbJ-zKg3K83u7BYmJo3lQNs-jeb5xoLowWAY4O6AEgaZBKcHyknkbJ9HpUORsXKUebN2nDbNRu7AmPYSHNJXY099kWRMoiZn__MJ6jmpBKoSWFS3xBndEA0dVG-SDCsUpb8y8MMKzp1NtUUvBDXTNI9hZ7OwCMpS8hOHaYaUlA145PIvKNFoyyp2d62eepVy30ztGKNkuaWa4yQVRx2k8NaF5LJnvs3ZvuXVvZJRx3PI&si=APYL9bs7Hg2KMLB-4tSoTdxuOx8BdRvHbByC_AuVpNyh0x2KzXjXWbj2Sc9AgvQAonVa3lhCZ3Fycr3mJ2pqVO8VsPpONrqDYuLORoJrWkfvhhfjQ_hum1mYVcnT8Fwv6NS5x9MWY_Ji&sa=X&ved=2ahUKEwjHyOHZoaWNAxUlzzgGHT0MNrMQk8gLegQIJRAB&ictx=1&biw=360&bih=648&dpr=2#ebo=1
szl05yd,https://www.google.com/search?sca_esv=0619bf7b847f9363&rlz=1C1RXQR_enIN974IN974&sxsrf=AE3TifOEQW7rafAXqdyKCtFYkIWOHV782Q:1750297876553&si=AMgyJEtREmoPL4P1I5IDCfuA8gybfVI2d5Uj7QMwYCZHKDZ-ExhIrsb04BzriZiWwuvpviifDqCnRkPfRWPuedc9ap2pEB4GSL8vqi-e85WM0Jis_1gRVe2w8p883uCaYR_PgPHowxi01zkWTPGIEZOjtRxkOfH6LFj8C4zN4wlWVAswY7CL62k%3D&q=Eleve+Skin+Clinic+%28Dr.+Ashwini+Modi%29+Reviews&sa=X&ved=2ahUKEwjUobvZr_yNAxU8wjgGHYCwNdMQ0bkNegQIHBAE&cshid=1750297885900481&biw=1575&bih=759&dpr=1.22
xnz79ho,https://www.google.co.in/search?sca_esv=5a5a3411688c7191&sxsrf=AHTn8zqzJZ3ACjvPnzn8PPhDZfSjp0umWQ:1747304914449&q=tender+skin+malad+reviews&uds=ABqPDvwCfTiVZnVTPRZPVuPOXiBGEJPTENn8IXHZhPG0aDN48AGRGMoY3QKJ-aw7cbh9XBX2CH7mjM2DBwBxyJsrKPhtLxOngxPfHWGw_HsBxl-jc_95K25SKmd1XHEMbTAxqQ2sFlCuAffUiurELzb_b3mxjugcFkiZg-tUcIqdkPWh7Wm95EpKILXWfK2yZHhqljiDNZ05OzHQozL09EjmNkdIoTh5ikMLB-F2Uwg-R8Os9ITfERMBrc94dZ6ZeSuWyxv4bfa8IqxeeCWueRzBfUVx5YbEzt4GDpzhNEwbJSDIPgrXkwriuxZ9uZmWirLb4mLfum2RYECZ9zgURfmUWMcg63DBDlCitMSU5vMWqMBtDrjFyCERA38b3HrtlcZudwPe8jWlH_mlBc36BO7G45yfeerR7eAcl1T5L5V8dYnZKgFKGHY6fBAVWaDXq5sQfYDv9Z0lQH84ve5w0hHcRsh7MNcDYQ&si=APYL9bvoDGWmsM6h2lfKzIb8LfQg_oNQyUOQgna9TyfQHAoqUhQS2FwUtG4k4k1wIXhXhBsImFdOYwu91708RlgbyMEjL6RKX0igywZFEOaokV8zhYeJiJ_saLJI-RCsxU_jEriK81Z-bC_ErjwrFM4r8ETZdAUy6g%3D%3D&sa=X&ved=2ahUKEwiG0fWFoqWNAxXvXGwGHZmsNJYQk8gLegQIJRAB&ictx=1&stq=1&cs=0#ebo=2
uvz21fq,https://www.google.co.in/search?sca_esv=5a5a3411688c7191&sxsrf=AHTn8zrypEIJZlGMpwCs-9Ixat90CTronQ:1747304965510&q=dr+sudhir+shetty%27s+clinic+reviews&uds=ABqPDvyUhFxz1wFCJKKhHIrIluNa6fqEvrFBmJe1-pg3MI4QXYwHqx9WkrIVNxaaxB5aBert6wDQwcrxIB-R7zshkxTibmxOjI_F9mkqACdSwl1QnBq1taTieARVWo4zPkdHsfj1b5hhK4QyN-7LJbWCNKMbJSZ6Cdk-Hl31R080OjIpcsV8CXpWu-ArGWIRyXzhfhGFMUkNAOkwzLkjin3fvSOO7L6WRHPzikUVUxmUzeZ_wnVa-GQPfcXTKulblqjHMY3EsCGVUZp_0_U_tOUiFMMGE1XRsgiMvO-P4ozAclERR1O4BzMGf09Jo9hKzmF3UbLVuMen2c0EW0k_8HBSPTik_yMnooi3Iw9MoFFHcvR7tFMO6yOqz_Y1WwZmAqAujB2zg2GamDmmwhEzbTIJ4yccS_Gwag&si=APYL9bs7Hg2KMLB-4tSoTdxuOx8BdRvHbByC_AuVpNyh0x2KzVkpF5mo9roccmcrmpr154zSAhPHpJ9cvqq7igevklbKkD8wPTwaKy3T4x6_8Ojt7sGKQgVMAw75o9ZPv5gjkrVVi8TphTPzQn8em5hDfY1MYphvTQ%3D%3D&sa=X&ved=2ahUKEwigjKKeoqWNAxW7TmwGHQgFKOwQk8gLegQIIRAB&ictx=1&stq=1&cs=0#ebo=1
uup90cm,https://www.google.co.in/search?sca_esv=5a5a3411688c7191&sxsrf=AHTn8zpp-2GPTU3K0ZZRNB1aeC5fQIZTCA:1747305107604&q=dr+jimi+doshi+reviews&uds=ABqPDvzIcdt7gueNsV-vWZIhcQa4A7FyBLAmWNpxqTMYWQy_QhLTIAQyveQuG60HjQpSqMQ9G1I-VqdlNqklb79vl0x1ixHv34PjNmz9v-CKOX6bPamyM4SgqCGuSIm2frQfCMV7GeUs3BttKEAwYFyd8IJ3gwZ3Iz_1LG5BHu_JtbSsk3YY6nKzM-bSJSLZyyj-Kj-_dE8O2_rmNsrFyJI8g392ulVuxfnvayw7bYxUjFT-aQC-uSjG9oFMfDlsbyBDCX58uadPPuLTT7IL4Qu2qfcoqXtDYBQKAM0qVBty_fWEl7EUWyAiyxBXS6FqwNC7Egbtyh5ADUklLfr9X7NBPVott9ssPQ08QhGdakRsab2kWqy6y6FbCPc3C_s7fqKCH1zxeM55dWsoM6y6dbbKWD8knqGTu4sUsKiaOx7SHq8Q9eOXobuKb1B0PoXLKdW7iSGWDFo2&si=APYL9bvoDGWmsM6h2lfKzIb8LfQg_oNQyUOQgna9TyfQHAoqUgygLbVNe4k4yOQRAbsZYcQ0hYBpPuAwh_0DDB1XG4y6QpQ9x6SsVmuUPJoyUICgGXhLw8aOHoDpK8ZM8J5KZhiXx3un&sa=X&ved=2ahUKEwiA84LioqWNAxXTamwGHRIlLnEQk8gLegQIJhAB&ictx=1&biw=360&bih=648&dpr=2#ebo=1
yif32rw,https://www.google.co.in/search?sca_esv=5a5a3411688c7191&sxsrf=AHTn8zoNvvVyCtXJEHPOTWwZSTbs83tR_g:1747305173141&q=dr+tahiliani%27s+clinic+reviews&uds=ABqPDvyHSFxoBfM6R6WqTVP35sdcajn9VIeDaBwxiX3wy763iOMd4q-Ciabo7Wgh3VsXSjlQQ8MnSNYXqb3qa2Cnab4a4m0GCL6O4PTt35qFpwpxqJDhMcQXxoWLQjQ1CrPjsfSg9oIUSH6PrAypYn0vdyDFTrbPvNzZJDqzxmYdR0Yjvo7WO90PaFvfQPIl71DZFQ55c9IzFx5ft8itmi8YTz1saCh_1h3PO3AVVPUCIT5WZrWJQxOl26uWfaIYr67juygpclAOEgl6pZvIZUKf4wj8kecMmAGUJU0KJO7zN2Lfhb6lj7MRp2wVkTj8XubA7JqOZ-PfWmwE0VURBLu0PSeoEG16a4HS-rDLXE87xCufjSEnAqdUMHE4iVimMFHGGFEsmkOB&si=APYL9btvhO6SAb8jF9HqTZMMa7vs_teLnZaEVrJZwRKFIIKjobuWRkfMNiRVk6WRweEZ69EYfpzbiAF7Rupwb7FLVFowqtWsLr2UI2Uif8sH2Ehaz4UVhQ9XLuux5uaLv2JfDTxv4wkMwA_OiScufIxakwwCioqW0Q%3D%3D&sa=X&ved=2ahUKEwjK9qKBo6WNAxWwUWcHHeX8LOoQk8gLegQIHRAB&ictx=1#ebo=1
akw55vs,"https://www.google.co.in/search?sca_esv=5a5a3411688c7191&sxsrf=AHTn8zo5l1RiwaIZihojxZ4NYvbG0ta2IQ:1747305257315&q=reflection+-+skin,+hair,+nail,+laser+and+dermatosurgery+centre+reviews&uds=ABqPDvyPihQtbUAb2KspXkjOBZpCKf8BoChlsgsKznCqXbd6Sst25KoHI34LSHKccpH1JQ__HqRJRKdFCQxJVS1FSucp5KE2yiJn-ZYXClTHfV9-RwHvbt9Z0V3HX1Q3Wn06emTAcaNgA93awmkn7LAEvYPBocXsc7A3ELe1mtEJANmm8AN935ezsbU_McbBmDpaNWBuoA2X6RawuiXHFhOQBeFHZC1r4pZ8LMCGiExZVONgoitq5A0eckWh5tHcqvbe42hrPCZnI47RJCz10UhrsgvZQMp3Abfe8nCK4xwY5OnGXD-Cr9sBo1gVcaaID72Ayr8GU7J3BWvF7ag3RsXY9-mjOM1cT7zQ1JPt2z70w_8ggZtdBlZqZ_aKJ4VQGS80BTNVGs3t88vi1NTQJ5eu4bHQaen0ZRa_TNJtpHNbPOf3Gi6Wm7N4TxybyPoJCS_hITuvmsGlpIKHC6dNO-3Vb0zbiz5YUn2z60OQixksFTUdkn1ZfVnNLcplu8Ajq4AI_d5Km5f7ZKZIaxxx6nr-EnUaUHBlYw&si=APYL9btvhO6SAb8jF9HqTZMMa7vs_teLnZaEVrJZwRKFIIKjoRUWzxOciO1ISskd0fmRpWeEHMrW2H1_-eIM1PNshJ27KMqMFWV39wUqEKqmKmm2rRKe1M765Pz5XmUzjK_dkTbJsXrK2a4vIMC2598OnSdk8DyikQlC0KHvGBquVCHOaX_Z-RcaDdLbiVIzclApU-MSofAY&sa=X&ved=2ahUKEwjEu7Spo6WNAxU2R2wGHYZdOKsQk8gLegQIJBAB&ictx=1&biw=360&bih=648&dpr=2#ebo=1"
swq77xy,https://www.google.co.in/search?sca_esv=5a5a3411688c7191&sxsrf=AHTn8zq3wzErdcF3ikTAq-S_4zV_FQ_MTA:1747305327499&q=sparsh+skin+%26+dental+care+(dr.+teltumde)+reviews&uds=ABqPDvyd88ujHpX2sQVXo5X13noxESqsNsAHsVqzJEwdxOoygonaEI2p707Suh2Kj-FKGB4v7DhH_sJL-TGIesmlDvP9gZp0fzaOfFZuOb6P181CoUJArnHWJlRLlllbcs8k8veHaaBwLrgBWLJJk53kRLRq-tzwNzfeaJOMRkZaA6Ec-7ZnrmB2rOiXTzmDwJaTsmVFeIY2FfWMKehm0fLPKIPlWXQnKn6ZgdFWmstBCNH0dHFDsq5dVBQMVxXfN3UlKd4SjtOUuX_3rDQwI-JG99IOknIpIH2l4cDsikmODsPUMCSOM12lC5BgqNDeOgfrhO9x29wsvn52UVzGn_Mkwr0iHnEbG-536mvl3M7n4v0Vt53oTaA5Q22BANG3DTEJN91GWb44erf4KnXwq233iV2W9aQfS9L1K1hkP13ChWrmhr3K_cPCmeYExGZs1Xx4sP1XMEY3U2cgUxJMjfem-fzxsUrE3nHwxf-hw1rJGCxPJ3WZ_MROlv7JhTbe1pfgB5FGYNk9&si=APYL9bs7Hg2KMLB-4tSoTdxuOx8BdRvHbByC_AuVpNyh0x2KzYIcslWyyIsQDZiq2nzE07-GA1b_BJaOvzswS4-IAnXMSd8Li_X4b_TRaeVY2GhGzcBSymJUTum901IMaDpHLKKCwhbz55Z8YrsVSQQ44CgaaRR0PgAxdm6xj5heYCxXfYV4VMU%3D&sa=X&ved=2ahUKEwjLk_DKo6WNAxVoS2wGHcSQK2IQk8gLegQIIxAB&ictx=1&biw=360&bih=648&dpr=2#ebo=1
zgm33mf,https://www.google.com/search?sca_esv=e7d216c8941b9698&rlz=1C1VDKB_enIN1130IN1131&sxsrf=AHTn8zr1GxWwZm_qHB55mid1LUl9kgtgbQ:1747305388645&q=the+skin+and+lungs+clinic+%EF%BD%9C+dermatologist+and+pulmonologist+in+mira+bhayandar+reviews&uds=ABqPDvy-MCAKTrBo4boaRMknfMYSzEOVcH5viTgL5t9Z-2Zt84WdKdvteWOleShKa9kCtU_BAPYotFcYuLGm7ahji9JVqOXxpsYOQ5vSVeDSnDn2XnEwK-DqOVUNEbDwGfL2WrVJIp4pRi8J4Jga1D_fskwiWFnfJE2TVKjoJwR6R0smIZeFPLfHAOKiNJPfD42kuZdcKrOrDBGwphcy8m46YEp-rSBXroHVcotO-z485TE-vOChdTXYgaqNp7HdQiWgVm3gh214a1uAGpAolw110DiF9HpZQG7xGm1u6MvoqQJolEFmH5B4LU4s6PXFihXl8GM1Ge3lvOv5F6yOjOmNoaRe0rT1I6yFW6KBSxFVgMv42cmj-X0VpiMLEPcfih6ncfCrCQ9w0rP48n-3YPmISE_dyTuFOCnQvdjwsEybPeqiZSjoAq2cPyY3cB2pALAo0k9VR4DlQeF8N-pOryev334VuvWSVy7lvRAX0Fna9K6nLvd7Rqhex6sGiSGlVNuexIQAdmTmIBVYigapE2cQkmrUHWKKDKYbvZ4vt5Qh5gKrtFXhHe-WRaELBe_096L_mmOMnz6DIsIKVfpjyhBAMp8oWsqZUNHMO2fb-hb1PIjTDDfWGhg&si=APYL9bs7Hg2KMLB-4tSoTdxuOx8BdRvHbByC_AuVpNyh0x2Kzb6TxY0Kd5fj6H-bN9NDTk78qZUyM8ANZBVTHGVmdoNytONLsNzPG7G-Z_9Ja7oIOsHgA6nLPdLahNHtjA1X0FZnk0hZzcJtwWDyjRcRmv3q1pCgu8eCfaJMOf2XXNgKXblP8n0wgtE6pcwDZeRqs8IELj0zSl_2FBfTkmdpv6XPVWpxsA%3D%3D&sa=X&ved=2ahUKEwj5noToo6WNAxUBVmwGHSecKhIQk8gLegQIIRAB&ictx=1#ebo=1
qse19gu,https://www.google.co.in/search?sca_esv=5a5a3411688c7191&sxsrf=AHTn8zo3eoZNt8cJnPF847RnHKDPWCdLGw:1747305426857&q=dr+ajay+kedia+reviews&uds=ABqPDvwefdiPXZpuXH-tqapfbJRFbFEXBrZJ6nXPyHskigfZm-eVkRN4c3CzLq-6hDh2MKUFjmj8DGuhYzZXK_ZfP3ESdkwcak46f-Ht8SrK3TIFmVdVZthrRkItpoK9-7HfQVvNRLPv3HQMkx1bf_NvQkUYJ68r-Kpj-hn-wtjjrDWd48Juy_48VcGfr-OMYiT81pcq8hjuue4I8n-jA0A5u1sXV3La0tTd63-adh1m8GHgIvWNAYxPTz5mRjOTxpXfqNApM0LjO4vpmtmMTnBUPTPearn5vbffTzwrm17j-r-gtNR6jrgzyfP36BBYoUuloBRMJhfkPI5xZiAXZ5UsobGuMQ55nV2kWvrD4kHoWQP2F-pvvM8iSa5D5QOxpyn1MQTNDpIW&si=APYL9bs7Hg2KMLB-4tSoTdxuOx8BdRvHbByC_AuVpNyh0x2KzRFQOcVbNgL4SYT_YJgiCgujJlB5Nf_X6IHQum_roBTTV8_MakYWqgXCeidoPsI3KrEZb96janSW_2HOBmOer3RrYNdh&sa=X&ved=2ahUKEwjVwKD6o6WNAxUfSGwGHekTGzEQk8gLegQIIRAB&ictx=1#ebo=1
ssx40cb,https://www.google.co.in/search?sca_esv=5a5a3411688c7191&sxsrf=AHTn8zrdqEKjPjoijaRimntyj42UyhDwFg:1747305472805&q=dr+rhea+shetty+reviews&uds=ABqPDvzlM5eCYMuV7GG2i96s2hnX56S6zS4xzkZ-i1mF79yXoi_fzSe9zjKCOQB9woINXJ_osL-8mZK9mB_PqsH_-5SowWpwhpSNiUHjYwxikia3OuVDAhGEqis2zinOeKDBL08-p_b-j3sxoQVtFZ7DQkK7pqD8ado49MLaVFTY-qF7xacNLQLG0a570db_uvTz_NMeQLi7JrgqtruGqMJlXIXOZVEtbOVOONtkq-iQ50Y06CeyHWW_SbGlccY8aJjT3Fgbn29njZ3J3lc0qkj5tUiKhWxKFhuavMOotbehgxi53m71JdK0-xi_yCw-cGke1V-fPn3Jk5EcoPp5XAEuXkn3dHUFd15KwKLp64fpLZskM2xW3VTolLEaJCWtGQ2N_VEETvt1vuKb1D7VzuyDgpIMcjJIrfyUIzomxdXCsjXgWOPhHmwipOltTFDGu2CnsUBa0RMhg7jy9ede1SMYOARa7xQvdhmQ30fSjbxFJPORXh_xB-8WmKXxayevsAgzGDKuAQW_GXM5fXyJdVNl0vMqIoWuTw&si=APYL9bs7Hg2KMLB-4tSoTdxuOx8BdRvHbByC_AuVpNyh0x2KzRa63RFx3aWCexwcTr1cZkfpQ861nSuMV0jlBQ-7FYEqSNy0MDxigbKD430Xg9ZGqKO90Cio2LNNbMq88Mxf1BRg-J8V&sa=X&ved=2ahUKEwjC-JSQpKWNAxV7z6ACHbAxFEMQk8gLegQIIxAB&ictx=1#ebo=1
isx09yg,https://www.google.co.in/search?sca_esv=5a5a3411688c7191&sxsrf=AE3TifPz3mtGHMmpiOcVOk2fQknm2zuHGQ:1748256731179&si=AMgyJEtREmoPL4P1I5IDCfuA8gybfVI2d5Uj7QMwYCZHKDZ-E74NWLNd4js6_5cSz2wqnK0jUjA-zHpo6MWGmaCNZyVz2hoHD_pdSbeyG4OQRwYVJb-boPwrUl3856wteTujT2_IGHzeTlW4fSCFheDtfKiIJcCbzA%3D%3D&q=ELIIXIR+SKIN+%26+HAIR+CLINIC+Reviews&sa=X&ved=2ahUKEwiAuMDr-8CNAxW6aPUHHVhCOHQQ0bkNegQILxAE&biw=1280&bih=585&dpr=1.5
nqm40jj,https://www.google.co.in/search?sca_esv=5a5a3411688c7191&sxsrf=AHTn8zpIVcjX071DcreDI7fV0jkr86Vjvg:1747305784312&q=dr.+ajay+nimbalkar+reviews&uds=ABqPDvydLAXAbIk-hNaYUoahhP8P_3Md7bHmHB_ZYtIxKGlvAGAdh-imLn4MsxUZ6ePTQPWHdBODzMApDQX4o6R6-u4fblu_URHNxXvMx1SF9nYcxUe2Jo243AD-NA6LJKMrk2xInHDE8rXLkV3tACyie_fXkP7k95bzheCBW5mrhanAP9lu_gGDCbAsvbzlT9fSybJu0QjcP5DvCbBXHv-WjCrFnHG3wSziHY1u4M7KHO57G_oo98LZA0VIfiTsVKBm6I34SdPvXolMZXw88ldla0QA7bvM1C-LLmZ_PNsmNzHYl1cvenEHLOBvknelJgca6a3CP_7FjsYf3kPAmpD3lyRGdRMZi-7YP8P-ycw4sfV3KU8fCcES0pDAKgIDMWrOUQrTFP2hCwwa9YuMPLPPzQLeXatQcCy23HRpabLT9mZm9olaOgqrVcpNQc4UR9i8VEC_Jev7idMYbJaGhdft3eJ8YJrg4w&si=APYL9bs7Hg2KMLB-4tSoTdxuOx8BdRvHbByC_AuVpNyh0x2KzbtdgOhEafnjtQ-Dki0GfjS9Db_XS-rETDh4_od6VPoKQypgtf7r2qaXVVdyw7JWiIsVKTtJx2FC9nwujiO-wdVNPT5HGQAC_933H_Gw05us5yfuvw%3D%3D&sa=X&ved=2ahUKEwjV7NmkpaWNAxWtxDgGHf2mBuQQk8gLegQIIxAB&ictx=1&biw=360&bih=648&dpr=2#ebo=1
cne25er,https://www.google.com/search?rlz=1C1VDKB_enIN1147IN1147&sca_esv=858f709184f236a4&cs=1&sxsrf=AE3TifNnB3xFQ4VVfUK7Rm8YqUwV9JsSsg:1750299103303&si=AMgyJEuzsz2NflaaWzrzdpjxXXRaJ2hfdMsbe_mSWso6src8swHNmD9H6g1_Su9k5m-BCrcEKHfWv7TY6ytfZtTx7SogZ7FaBgWJxK0z71GMZs7ttdjL4cQ-tMDDNMZ-7VRyEEWG1-vMYgcKKW9cpvRieLHE74qrgw%3D%3D&q=Dr.+Bindu+Sthalekar+Reviews&sa=X&ved=2ahUKEwjHiraitPyNAxV54TgGHYQsAFIQ0bkNegQIHhAE&biw=1575&bih=759&dpr=1.22
wrl67hr,https://www.google.co.in/search?sca_esv=5a5a3411688c7191&sxsrf=AHTn8zpkF247HrhR5PJsxT4fu_2SlIB5Dw:1747305877893&q=dr+pramila+kanchan+aswani+reviews&uds=ABqPDvyUhFxz1wFCJKKhHIrIluNaGUpNKy3t8vD-PguTfc3sDwgtJ0OprjMzkeWS99MpV67rp4CHogTaiwR-EOtO1cWlrrkOKfolWQKJZOq_b2FwINAxaDWocMIdG2ESM_hYB3f01Su1Ae4xRPkWdy05w5RV_D551xVDggl9klWIwaguykqvZohpDZEzq9ZJ8Ga1QlsFlZ1dUI5dMIsAxE_V5Wn7D2P9tC5lhCRUPCPKS3pq21vfuX82lf6Wk6gQgDkKBpbkFwFPQCtLMlKaAv-vn_jYmQ0SBeZwsjyNSxVLQMsoJ1ZaYP9u-He4c-BG3FQCUB3UrCIexrCfGK_z1yLTOdImLpy8m1OpJvBlp0i5d-xrr6W4LrO0us7kkj29x3bZ26xJdB2GiqE6_3V8VVzgdxcIBm3YcQ&si=APYL9bs7Hg2KMLB-4tSoTdxuOx8BdRvHbByC_AuVpNyh0x2Kzcpsi1-UjGrTBkGImWxTeLkws9oYgnvhiAOUCWMPWSO5vBJusJZGN2xTrIbC11F1q4POJepDigtDw_tjn6Zm5z-YQN4LTwKVmB0nMpZuOxwT0ft8zQ%3D%3D&sa=X&ved=2ahUKEwjqx6nRpaWNAxVP1zgGHStAKDoQk8gLegQIIhAB&ictx=1#ebo=1
nbc99nf,https://www.google.co.in/search?sca_esv=5a5a3411688c7191&sxsrf=AHTn8zpcM-fHjkrShar0iWOE9U_5d98BAQ:1747305933765&q=dr+vandana+punjabi+reviews&uds=ABqPDvwru3iBABBih7Di6zO94Cn3QoyfMStcWbkshP_dQqnhzy57H0bWtXJDZYhQSHfS21lriLXdPJxE41NPej7nod9VFc4x7TAjYLDPIvBk9iv5GQRvha0W2aFbhwsMxUqfAcngDNZlaCZcsQcHkMuijEPn378g-p8jXFEltsViYNXol9H6lMpXNl3DgECGWyPvIK0gmBH-oW7MtuviyFzB390Eqg9OFsWyyWsyatE2aHWhsg0manK3sdmUyTruqUjyTgTDbtS4t9SXJrIuUaR9fsn2nFYUMnW8uFFEOeAhTZ5-xxHN_xyqY8qZB4MS2JSdanSQE9hwSoK0OKZdJlulKUEY-5ADH_gpTslMt2nCxubYKwAZEdoqN0IenhkgY8uaMuUE4IXqzWGlCc5pVa7WoXghRbfO4K6bNzaliMqDtCfmtgkP_zKQeMpcBk1OnIgQDVbIPmavTr-vx5-QUAf4HtxSnPc7mrfL398kam6NBye7WHyvjRCclJl4A55xfLpn1OwOfQvY9OmVSW4RPt7H7Ets1QZ_jQ&si=APYL9bs7Hg2KMLB-4tSoTdxuOx8BdRvHbByC_AuVpNyh0x2KzUsmHlPyFg3WHEeHEJ_g6UBVSee7uCFjBHmnWHrvbyF0BWg2vZHw_65ZjItgfT5dBSb4AZwS_Q9g9ps0aQxEiwu2Cqoxok6a0h-4RyFqIi69swaouw%3D%3D&sa=X&ved=2ahUKEwjKz_vrpaWNAxWmzzgGHV7wBr0Qk8gLegQIIhAB&ictx=1#ebo=1
hyu09qu,https://www.google.com/search?client=ms-android-samsung-ss&sca_esv=ea28a01ba0d65b63&biw=384&bih=728&sxsrf=AHTn8zr9HL7HDDNNxw7H66HI5oxrOMzInQ:1747306358474&q=dr.+sujata+clinic+reviews&uds=ABqPDvzzT9qqoOgclHtp3D8AlKKfv-F2RPirxVStRqjKcJt7FjCJQTEp-oSuT1cy-S7q3TZdTo7J1VTMN649HDIrPvCNhq0G44c53z5YRif4AbcgZ1QUJj_GRIpbP9tQQO_uFhJKlwwACzhvtMbqJ4i2ZPhV0CXy0EPFWCWiw_zrrFCsy9im1X-aVv-e863SqfyfTliYwE4TDXmaS3XZzzHjD1qLWLCR8otV5t4MifkPyLbX7lnObDF0GuAPJqOSBmHQbhzR9zfWS6q5f0u1xzscJnPo2m0ZyhZsQmyNjo5jtUfEVs53fEM65e-Qk2xlSMPTdmyXxKR5&si=APYL9bs7Hg2KMLB-4tSoTdxuOx8BdRvHbByC_AuVpNyh0x2Kzfdw9xQvQH7OFtUVyTw1hdT1SLCl5f3QajRst0exlZIpyJbB5alUG4ytM6OqWohQNnAD5Sr3c6bwtB0qUnYgtZBYzW2OVbJro2-CEh1zngDurAv49g%3D%3D&sa=X&ved=2ahUKEwi72L22p6WNAxWLT2wGHTCBMoIQk8gLegQIIBAB&ictx=1
oxg65az,https://www.google.com/search?client=ms-android-samsung-ss&sca_esv=ea28a01ba0d65b63&sxsrf=AHTn8zr7d0ohsb_nL-znZgEtwU9zH5r5Mw:1747306405946&q=amaryllis+skincare+clinic+reviews&uds=ABqPDvz0bTh5LMsjJxZQ-V7HdHS6CBW6PprHel5nc3Cnajz1ID8QlnTEybTGq5LODJ5jWxuZRTr0L89_sX4TaNbgT1OHv4qK0Ff8ua2wJavuvwmrVvqbX8QK7bvfbsOGO-rrh5ny7P2YoXmV0a1ZkIF32AGpWg1nCpO1mTMPpiH65NOVlMgmbHmwSgDana150ALdycWuba5oFVW49LFBGH5Uf6K_uND3woYrS5GP75BDrAGowFCYqri0dqWrn2PjY86e9O8P-3HtZD_FKnOuEbuaMA7afqrCYNZYe5TKEUoP0QXZoMcFZRSpYIiYCvZesiTt2vXlr2ElX8WK1Ae8qOzNn8pp4MwgPWwEVdN3LdbvWZKz3JYTjFB74pe-bXlpe4z-GjBgWKzgLeLPLOOPHk-F0noDnalLiEpcc4V2fEqiqEtDFJn8sDHc188yk0tJVz9aAjDJxLGoEgTb-VI_kPCTSDK7dVBXALMDhnUAYceWMb9amP5JzZWJDCcxtbDoZTJZigwsD0Gk&si=APYL9bs7Hg2KMLB-4tSoTdxuOx8BdRvHbByC_AuVpNyh0x2KzWg3DPV0KSnircOGlkUD_d0HWrETDCJ-AHqMS_H3Vz-oD9eDdjpFYhT9-DCuEBnhCs1yRGw1WKOOOHVA8e2PMPqdRLwKcDCzfSbE0DGcxcJh9HiF1A%3D%3D&sa=X&ved=2ahUKEwiAsI_Np6WNAxX_cGwGHXO3GzIQk8gLegQIIxAB&ictx=1&biw=360&bih=648&dpr=2#ebo=1
pbh71zd,https://www.google.com/search?client=ms-android-samsung-ss&sca_esv=ea28a01ba0d65b63&biw=384&bih=728&sxsrf=AHTn8zqWbNYXsw8M7_5WcGqntPbhutqTig:1747306443197&q=bombay+leprosy+project+reviews&uds=ABqPDvyFdFkXwZ43okEi0ktbjjg4zGt-OHwlGE8mgH_YarPYqLvVSkfps9T64f2YLX6YzzAR1LHiMCe2uDopcr79alIDdvacsfqu8A136aFxOpwx-Yw-Mm9Lze23UuuXyf0non3L7P7qjUb57ZQ5SobJ9HhHuBki-WL4rhliwqPItUkUbAieEZIWae5_KUfqbAVgpdbhGh9y62287B2coyhYpKar1wMZxAPUr4W2yyorI5iT5eYeoMkSPdy2BFY2zfd3jNqo8tFhXW4Horsb4eX7vpPBjgPNqfgm_tpLxjLx7p4AYZlAipdIZVUKDqDKi8LLFoKzXwEqCPCLLiDQoa8PURX44xzHJU6qSbwSHIQOeFMEvktWHBo&si=APYL9bs7Hg2KMLB-4tSoTdxuOx8BdRvHbByC_AuVpNyh0x2KzcUtAc3U-q6-Fg3iqK4WLkbiICSqIIAkDQVGP4tjDYtfy3i-RKFfkf6NHFsnba8iVWvUoHHCl7r91euHcNLL9nqUIlhQbdM9IEgnn6biGqKJUi7oeA%3D%3D&sa=X&ved=2ahUKEwi6gfHep6WNAxVXU2wGHY4iJEEQk8gLegQIJRAB&ictx=1#ebo=2
zal49bg,"https://www.google.com/search?client=ms-android-samsung-ss&sca_esv=ea28a01ba0d65b63&sxsrf=AHTn8zpIHpTv4Zs15bkoH8nLGVcfJvLpuQ:1747396205490&si=APYL9bs7Hg2KMLB-4tSoTdxuOx8BdRvHbByC_AuVpNyh0x2KzdMv3LhUmNbHkeSx0m_HbQJsAqdq9DM4W0GclIJZaAPG8tqRv8-ejbmFzUx3_JDKillST3eFhyJru8d49pQ6QTEqMAXuQB82IZmS09krUsLwPwlOkNhz2lZrOMxlHWnEl6lFRADf9WRG4xjRpqf9sBBm2cjtYO6rCPUWnId1mr_h7YOehoDNrImoUh6RSREnVKBIK_CTxOrZxHaXPdi_8XWhiVu4&q=Dr.+Priyanka+S.+Jain+-+Best+Dermatologist+in+Sion%7C+Specialist+in+Acne+,+Acne+Scars,+Hair+PRP+treatments+Reviews&sa=X&ved=2ahUKEwjTyPCQ9qeNAxVCQ2cHHa0GN7cQ0bkNegQIJhAE&biw=1280&bih=585&dpr=1.5"
jmj56jb,https://www.google.com/search?client=ms-android-samsung-ss&sca_esv=ea28a01ba0d65b63&biw=384&bih=728&sxsrf=AHTn8zq15i5jazcZFPUNUUhUOxLeFhp_nQ:1747306490332&q=dr+prajakta+patil+reviews&uds=ABqPDvwgSl4SfNO5YVoCizKhu6HC9-dZNG7GWy0MbhRj3oVX1Dn_pb1stCSx0xZUG1HlShaEOwYy9vKC_Cfgm73KLEkCuVDNHKr7R-STwXjgsiU_d6r4toUG-5ybRXvEuIrk97HD9fbZP9fACejFkSmi9K1DGESxrXBECs5WOBHTghqY78J3BME5D1wqc7TuaE6eiK2q-AC8sLHAzi6fGZky_iMnCTH74zmSUr68owxLe4Ph4008AcmFW9d6invdjepQSTdVaihkoFRkJnhru6JJffFAdk8tN-sG0yqJ4zNCbro4xSzeX92EICrcFKZD6G_XQ2VYayICacSK6t7f1cQ4YKrcbCG-LovZeI-kLthKIyHF6QfirDw&si=APYL9bs7Hg2KMLB-4tSoTdxuOx8BdRvHbByC_AuVpNyh0x2KzZBx78-4ipumBz_MIS1TEx8ifeV9j2SoiAgpJKWdg8kdj_aZrsx2JeegXK0I-00RN-ZqXWOq00ujyUeKxIQYFTlj3EQGrxeri4ByaB7LCMhuIXXdXw%3D%3D&sa=X&ved=2ahUKEwjk6K31p6WNAxWPSWwGHSmgKO8Qk8gLegQIIhAB&ictx=1#ebo=1
sxm44tr,https://www.google.com/search?client=ms-android-samsung-ss&sca_esv=ea28a01ba0d65b63&biw=384&bih=728&sxsrf=AHTn8zosetAwyWt0077fLr5XAvqDmzJ6TQ:1747306545172&q=dr+pravin+banodkar+reviews&uds=ABqPDvy-9pA-373qTS4Qlhdg8THFw000O09O6Vm9JyqQZ036eV97hwrLA5ipjoJixj4FII1J3UavhNdGQ2Y8VZPNYt6l4kQviJdut3ZONjuSYJjckj5Ub_KiWax0Q7rCtGbxoWWzSd3mgR8T9v1RE9Blyb3yTLTKnpSDTBolDb_fpXF2ghcd5VrUBl3UaPuZwNrThV5blIfXjubq0VFtY_dyCB_NiiO6i5gQC4XE5ePByd5XgFD2vduZFJjrIonl-k73IUxlKb0YbKZUsAf0tNHmUX8nT_KNaTisMFsoroj6eW8tbSWEDT7EEE5LY8icwKmAdL-Dks7LNEynBflGIfjfJUnmEiVVkQhRIg9QThetgsWf5UX_7f8tqOKbADJ8cK0L95V8ni81Z4rAjbRJytF3mrdCVMEj-r0zHii2emhzE5hcqxkotS5iNmjeN4rz_lgIGQa59l1DL9gnFC__Fl_zrnU5dfY-uSG5eMxj-5c4QZlhTT96FgA&si=APYL9bs7Hg2KMLB-4tSoTdxuOx8BdRvHbByC_AuVpNyh0x2KzZ0IQe1gy040ROgPpO_kq4C3DMqPYEyZEPItyjP7yE2J1sgWHswOMAEaymvF6tpLTQsnmoTpUEeFEouESfnPbupjD9FxPA_1SIFEfSXSbUAlt7dmGQ%3D%3D&sa=X&ved=2ahUKEwjvhMGPqKWNAxWFR2wGHWk5It8Qk8gLegQIIhAB&ictx=1#ebo=1
awl60jy,https://www.google.com/search?client=ms-android-samsung-ss&sca_esv=ea28a01ba0d65b63&biw=384&bih=728&sxsrf=AHTn8zq-ECyl3yf3mrnh67QeZ0C71m3EGQ:1747306580332&q=dr+girish+modak+gitanjali+clinic+mumbai+reviews&uds=ABqPDvxadfj6nSRb39u8achsJc6-Nsvn02RlZWgfU8mn9LC_-rW1IkMi-LwygU2ohu9tJSsmV3Up40kRGEV1UVghyuTlV0F61YP9Nz-rddc9YprJH-Ir-IBwEcaTp4hRbpcl0xx8QI7fbrRzvBJLjuxFMnveJi2GzGcvutHzVaSZcaBLo7UCqobMRtoQtySswcN6O-v4sf0OqBRAmSVo1rsZDzxDUvqkkPQLpJoTV-EHQJCMhDxzxDqhl_wl1pdutskH0tI0TV0ZBSbG17kyIJT6dPfG7V2IJg19TNzbUgqjV1vfv8E7YvkQhubthIRxGnNuXhd89GRPyDyHjOfRdp9bzFnKWCkjFYMK9ut4kszrD9VWFvI_AGOnxrO4y0_niRe9IJw-GeLpT7Q162LeyQGG7lFwJQFByA&si=APYL9bs7Hg2KMLB-4tSoTdxuOx8BdRvHbByC_AuVpNyh0x2KzdowCL6YfBp9Gcv5omdUfmFzqwQ7JdncsOVRq7B9soNi_VkdognxWoMB-ZK41Wtp3TVW_21enr5olI9qx1ifu5E-UgpVhpXbrWZQn3be4LTxW8ZPbPU0xwVfzhBeQwzTZXkCDSs%3D&sa=X&ved=2ahUKEwiz_qKgqKWNAxXUUGcHHTwvIJIQk8gLegQIIBAB&ictx=1#ebo=2
vyv31ci,https://www.google.com/search?client=ms-android-samsung-ss&sca_esv=ea28a01ba0d65b63&biw=384&bih=728&sxsrf=AHTn8zoMVwPlwOPHNqoB8XxeMn-ffkI_nA:1747306613943&q=skin+town+clinic+reviews&uds=ABqPDvwyMoHIvr6-iQBKAuRGekur275j33iUv9NSs8sXxfv3KzfdP7PFigfBDP55K7jfz-Cl-Xz09KxEwto5YMyR7A-d6r-Ay4EMJ8PXrDdMe1XhW0CaXvv3f3zxkZ9oylbbhNQmVDdUSzNYsBGr4erqkqI4K339LfZEL3kZQk_CyH_NX9GyhcMzHxPu0fSBaMfC3JjPDAV4Rv8M2mIRFDH84H0FtXAItOor7UR80df7HxPPhv_M2cUhr7FOO7Fhbvj2o9fBHLEZ-WPVXC3SYe5BuL1bKZzYWqXCwlM7Lskc11jPfGRvpHJulMH36QuZWD_Mm57rPM6LXLZ2fd4NDs9kdcJ5VWBKD8Juy2vA853n7Ji67NpspdUhryAvmWxmMOzjJjapTXVtyyi31LssA7q0XABRBjHaNar7rHoDwCJ8LxFLrszruFbUHW1DHtMdyzD4P6z0mFK_UmEQeiuLSwDwUdUulKCJ7xzdrRxzYodNERbdCHZW0G8&si=APYL9bs7Hg2KMLB-4tSoTdxuOx8BdRvHbByC_AuVpNyh0x2KzZ1H-glNIscQg1aozB0c7MpX5qGv4AMJ47qaXJnaCKzjtrKGR5QodY3SwmCy8mgPBDJLyN8xLeeNIoSBROOfGQ9NAbFtjOoy3AX-WJO7q_KFGiHhxA%3D%3D&sa=X&ved=2ahUKEwitsaawqKWNAxWHXmwGHbzpGuAQk8gLegQIJBAB&ictx=1#ebo=2
jya66sj,https://www.google.com/search?client=ms-android-samsung-ss&sca_esv=ea28a01ba0d65b63&biw=384&bih=728&sxsrf=AHTn8zq1MUfC-VGqc4d7YEFjaepX9CksTQ:1747306648572&q=dr+gayatri+pagare+reviews&uds=ABqPDvw4gtaQERHTJODYj7GrQfkdYW3ijWo6bHfb_oNIAIQ6HMJ7AU6rpKJ9JIJxXCSWxppQ1Tz4_Ge6qSiFsWPIDXfyWQdRIxFAubkq68RQ8oun4r4wnS7ee1VbtF5ff6BcHOm7ZMmNr2d95vOZDwONONh3YsCJUn-ZNw59wHYOPSEp_wuguvah4SBiypZ7I4lOFonVaTxEUpkIR55T51Izi2sQW8IwnBJMfCoKxc-alnCj_ngw4fwI2aDbr6l3GWhMg7V_ABtxgSXWGNsG3uDDabpr2vou2aL8qfSjfFm2EMpbaplEGJecMTtJN7qvtao5JLyOrhV5yumFKKZsEvS3H70_xtSm2LAVROMa4fYSdJ6cGjAxxQ-zNQWxtRyT624JB4ceYjOLZexb2Q6B950exQPEGtKuWyWVZm1FZiqnzlhO87xPXS0&si=APYL9bs7Hg2KMLB-4tSoTdxuOx8BdRvHbByC_AuVpNyh0x2KzZ-QgbBcaX9cAB9rDftG7RWPnQi5brw35Y95XWeHWC8Up_ncHlxf37rtr0vXphsDX3JJH6-BiNaKTyzx_V1b9ZFTIE52Vm2blGNgwG_PjgwGLtSAEQ%3D%3D&sa=X&ved=2ahUKEwiVg-jAqKWNAxUfRmwGHapHFSoQk8gLegQIIxAB&ictx=1#ebo=1
lzo29ed,https://www.google.com/search?client=ms-android-samsung-ss&sca_esv=ea28a01ba0d65b63&biw=384&bih=728&sxsrf=AHTn8zqnme_C7-kaNo-1aa6dmJxTOvgp-Q:1747306706776&q=advance+skin+health+clinic+reviews&uds=ABqPDvzHXXuoZnqyRWp35aV6PNgA4PVVxWIUh8iP4mOW1f3QKas98dnOyHA5yjKtaDbnGNCpW6rnmKrtPK-nMT1vjyYu09pulpfcr5U0K5jM0Eb_McY7MUNq8sopYeWk66OHYSezOrZVyTsfsvx3yrse4rLaa4dYnmaWIUu2P0xOGBSflpl7vUDHZgIoze-U24koFyW6Ms68Arecb_97E20TlWiSuvO8ZeQhYccJQEVEt5PvpjnaxxJRfhUNX1U9nd2ITtEie3Vuf6azab_qJ99hBlEdtzDHB-RlzUr5_6kWwcKOkxRv7npwvZb7zLvODGH_wZ94JxnOKCbX75MOzQ0jgWNe9PMoBrtq9PKQHI_YN1XF1SCHXZE5wUrznId2_xKXabdc8jDU-qZczVDKfT8a1bjCVq2ZPVyiwWVjel-OLubRByC2P5mXZXTYxHhUT7ZAe7nG_bJtC5Hk31Th3qrlDaYFAi7vZg&si=APYL9bs7Hg2KMLB-4tSoTdxuOx8BdRvHbByC_AuVpNyh0x2KzYrxx8nutUblOsNDU3A8k6U8UIQy61FfhWTdC_opMSTdTsMVepnyfgYueoG1_16uMTZJH83GBctxNnyqcgSMzC7bPB_Jqs7lWfFjGa-4I6vVkNrdpA%3D%3D&sa=X&ved=2ahUKEwj3xsjcqKWNAxWjQPUHHftZFlsQk8gLegQIIhAB&ictx=1
hlh87id,https://www.google.com/search?sca_esv=8cb62c52412f1e47&sxsrf=AE3TifNTsZ39xSRk0U5Jr7QDngBnBXWMuw:1750314682877&si=AMgyJEtREmoPL4P1I5IDCfuA8gybfVI2d5Uj7QMwYCZHKDZ-E5LLRVM1eKxvkUm_GMNwVdgqTzuZx6br_t4mkvV5_Yqsj3xE0vJoBhsTK75sXPkWmMxc2z9Q4Sv1gRRathIUnzOEDJSQelKIRvEC0LBlHYhS1IaOcQ%3D%3D&q=Dr+Maithili+Kamat+Reviews&sa=X&ved=2ahUKEwjb76un7vyNAxVQ-DgGHVFrE9IQ0bkNegQIJxAD&biw=1536&bih=730&dpr=1.25
fpr53dq,https://www.google.com/search?sca_esv=0619bf7b847f9363&rlz=1C1CHZN_enIN1087IN1087&cs=1&sxsrf=AE3TifN7f9SYe8XbWQJ6EQ0ofnhAGmE4vw:1750300220335&si=AMgyJEtREmoPL4P1I5IDCfuA8gybfVI2d5Uj7QMwYCZHKDZ-Ex-gifXBjCKIVdUPf7AywX6gOcQANuZLi8vSztwwRZzR7sPdbl8I4lJpa6VidwHZdLm_yEiDkjYWwck7j4WYU7QlVKA-UtwResZSpABMRHGVU4z97Q%3D%3D&q=Dr.+Kiran+Katkar%27s+Dermis+Reviews&sa=X&ved=2ahUKEwisqIi3uPyNAxVeTmwGHSuiBDAQ0bkNegQIIRAE&biw=1575&bih=759&dpr=1.22
vnr13dl,https://www.google.com/search?client=ms-android-samsung-ss&sca_esv=ea28a01ba0d65b63&sxsrf=AHTn8zruBbB9a8XiidTQfhkHBX5knCHUhA:1747306874756&q=dr+preeti+savardekar+reviews&uds=ABqPDvxSWzUDZQtq7TSUYoXwLfX2Azr4WcRsMKL7HD7B-USGRlRQ8PaVZCv-Y-tlc99_9d86LuQqicuYpwKDlH34-oKJt8gHLFqCx7PdX8apQ8OJpxHkqBnKcpyqUi05V3ezz6s50lqkUsOY-z1kuJsTOhTvmhp5eOkoulHp06kpXxGPwQjiD1J1WtHdqtQJcBU6XlQNoJgxdPY_xwerN9mGm41vIzeJDbC5DRaCr4CoBE3dy1ixJEvWzcNJMOQeA5KoQgQh1LM8Q7lS2WkSniTh1mxj8M3sng&si=APYL9bs7Hg2KMLB-4tSoTdxuOx8BdRvHbByC_AuVpNyh0x2KzbeKyIFL_wlhIUsOxSb-zPKHDhPf5sAdWmjDrp7HNvoK4Tr1SjN_osUDedcQsUMrmCo-aHmg8FWgoqYXhix047EmtQEXkngPH6ySyhTc-ICn2P-kVg%3D%3D&sa=X&ved=2ahUKEwiHo9WsqaWNAxUHQ2cHHYtUOgoQk8gLegQIHxAB&ictx=1&biw=360&bih=648&dpr=2#ebo=1
zgk53tk,https://www.google.com/search?client=ms-android-samsung-ss&sca_esv=ea28a01ba0d65b63&biw=384&bih=728&sxsrf=AHTn8zqDHi7jW86AJbyzIWEnjgeOfZ20OA:1747306932226&q=dr+rekha+sheth+reviews&uds=ABqPDvwufL-tE33vWfP1xdPhVdYn63AJGEg2Sm1UVgpbV_z7oJWDRkNQ2-4jrNtiJT6xPBIq5uCuiNb_ATGH-64vMWr8xsMZfqTw51ZpfbEeu_REdXdFxz5H6p3O53zZt3HRZ40YLTABCuHFTwlxhI8Fl9rLWzmj6IXUZXzFOIMMUMRwoXBELRLNLNkfEBC-F61ctYsLht8L_U3HyCQSFsCBINvZSIBzjB4ZvKa_UI0BNmjmLNrWsEGEOmNWeKVg2Bv-VUahvPbRTaeODhDPwG9uDRTYDdjp_Eeacd97I19AOevlRN7WjVGMp9CeHI0OQddYT2Xtt8z2nT2_eDAPl75YkUG0YOx3XdwfsA8bd5ue_bt_M-IIOBNWu_7o8VeW2GGQl1nbc5Dil5xP6jPLUay-KpLZ677vaxXnchyRd4mc0UhlBvM-j_IrgUFHWy_KlcI8hTGL9KdMObEQyvcEqW5B11jH-T6KEg&si=APYL9btvhO6SAb8jF9HqTZMMa7vs_teLnZaEVrJZwRKFIIKjoYllWaBHUziFTB1b4BzIFdo7mvLWzL1DOvwwQIUBZHoIdPxMso5SUZz7jAuUhbRSg0-wV2CEIoXktc41B14vCMb_nV7c&sa=X&ved=2ahUKEwiY-IjIqaWNAxXnV2wGHY1uJt4Qk8gLegQIJRAB&ictx=1&stq=1&cs=0&lei=tMklaJjODeevseMPjd2Z8Q0#ebo=1
xcl12ff,https://www.google.com/search?client=ms-android-samsung-ss&sca_esv=ea28a01ba0d65b63&biw=384&bih=728&sxsrf=AHTn8zr07pDT1EJvp9fz1JHBc8--hYsdkw:1747306973786&q=skin+and+you+clinic+reviews&uds=ABqPDvwBT904ER3KnntW4y669PgfsCavHJys3xFv1DPxotjRIIzTN2tOSF7XNhAbdryXSGwETnoCazma7AwX1oW56qauRT3ff2ZhtafBY2em3Nkus2aSVZblNiD9C_VFxwFCHUjh1UMJFsqwihSPLAuDE7cbEMeB7lBcxF_drJPotz-ybtU232B9FuOD0eh_El0h1EK2v9Kkq7_vCqIkqNmWjpxvBUAFOPnAdZYhlSDOg5U-eokvR12lXkjx8U1qT-Wq-fSLWgKmgJHa6dbEHykGcENuMXseZVAXRSHUNZcTO845fhn6C5G5vdPSxEE0vXDgXSqVNoHpiSkV_rHE6OM5JQ1J3yiPW70WPGcbnKdSdFsNCp2rVqRYcZFPSsQrNlGbNcFumYukwnl_jcwEp31DdWSWziaGe8Fhj3MhWDpu6pR5Jc7pzBn3pEhGPvv-wT7ofH0Yne2r&si=APYL9bs7Hg2KMLB-4tSoTdxuOx8BdRvHbByC_AuVpNyh0x2KzR9JNiOd4Nx7HvYwwwZR6XfhNTmm-gw_oNIaNeKCa01Z-Ls_Qih_S-inqewWgVaCzAjvjpfEBanyzdsNKjQXmFUT6AMCxEuhj4Ya9hu6uv8MWgNn1A%3D%3D&sa=X&ved=2ahUKEwjZzvHbqaWNAxUAR2wGHbZfBzwQk8gLegQIJBAB&ictx=1#ebo=1
wav34qe,https://www.google.com/search?client=ms-android-samsung-ss&sca_esv=ea28a01ba0d65b63&biw=384&bih=728&sxsrf=AHTn8zqC17fpuVwILDOObzPDlkYHzmB7IA:1747307024272&q=genese+clinic+reviews&uds=ABqPDvz1Z-nZdhWyGcVjyoEqHoKj4i47vcZRA0yvDMG3nn58notWOyFPCrSOoS0o-9-BDjFPXqrF5Y8KCIrm7K2sVBX8ynC46gHl9ejj9nNu3yBvTrAeQlF-i5B4G7GW7rr8o9C_UyT2nt8hgR8wlxcH6Imuy8uRZgPrm1_Fj23QQgBtXS0T5vF6HMBjbpb2X12cc8DNAR8nk1Ctrfzp3zGFaaHJoZACnN8oxj4N5ZqmMmyWLAfaeKheISAhKalO2cIx44ZAPzTgmIY9acAwwyC6Z9xG6Zs_28FC6IZy4QiYPyF17mIUPAm--yjvDXKVpIenAHvzCJdypNQenvPZciCynTS1do5Ovg&si=APYL9bs7Hg2KMLB-4tSoTdxuOx8BdRvHbByC_AuVpNyh0x2KzRo_ZQSDS83EBz3zdcmuNAyE4KseAjv5H0zAwlShUMq6elDZKa-lklyduKtTlXPg7tn_zY9YVN-Xl_wf9nVZWXpXoXVu&sa=X&ved=2ahUKEwjX9vrzqaWNAxUTXGwGHSH4Jm8Qk8gLegQIHxAB&ictx=1#ebo=1
yli74ld,https://www.google.com/search?client=ms-android-samsung-ss&sca_esv=ea28a01ba0d65b63&biw=384&bih=728&sxsrf=AHTn8zqFYPmaHqD4M8MI8rJGL-OFGjqmDQ:1747219239991&q=zarah+clinic+reviews&uds=ABqPDvwCsvM0GmtWKdeqdcT5xubTwY-hC0fWX4yuWo13vKYd4OZCFZ28oLfb1ny7Ok1nz_VxM6BptsO1vhbx6Lkqd3N3KOsZtcn9BED6G3fQ91AmqSGOqTIedlzccPJw4RhfNedQR1AAtxMQEsFFYpNza6ayhpjjXcgiEcWPVpVy6Re_4JCrXJigp-TD_OkcV64KS8GvSdi1oJszfodNk0b-ffYtkGmj3rX7fx6fRKDiYGFqM2ZyN8I6_v4cOp_TNmvxHhM8pw4xeNnANswmDPHX90SXdC_Q_RmUvzAK7GWbeBO9tCBCBBbmZaLzAp5TxkqRbwvfYDSyrDuZxs8aH1JpfpVAwDThRA&si=APYL9bs7Hg2KMLB-4tSoTdxuOx8BdRvHbByC_AuVpNyh0x2KzTlGkf7a07OqMDeV4XG6T-f81-a6XUOGV3xdrVWzHHc3MF82tEafD6mmYiLcafQPM2TPLjPsJPnQzziIwTrunEkqoIac&sa=X&ved=2ahUKEwiQ1ZPx4qKNAxUCUGcHHd8EOooQk8gLegQIHxAB&ictx=1#ebo=1
egv52rc,https://www.google.com/search?client=ms-android-samsung-ss&sca_esv=ea28a01ba0d65b63&biw=1366&bih=607&sxsrf=AHTn8zryyhOjshtmkgP5tK9Quu1Oo_Eemg:1747202090963&q=dr+hemen+shah+reviews&uds=ABqPDvwefdiPXZpuXH-tqapfbJRFyyvqSmTAYWHbKMy9HrTx3wvuj6-nq4_lyVkgX1V0xwEgKqInRmJNqvJGhOWhzPK0psuyt7nnG96vTZ_80s35LBh3Z_KURwIhIKm1Mq82Tc7UXyvWZX0VAQD8oUyLxz0ycuX5Ml_nTauNeRkqZwOsHIEX7-QqihEliTfXFwld5Ao3i9DriSLoDvcEvsrBqScgBXxbU1jZRnZazSarjvX8XAFIeGH_7ZQyBNp5ZCL2--_VIJBaNvi0xwo9gWvYwfcGx-rFUMx2ztvrdAIc5AHlCEegw9iZejA0jZcM4FbU64jg2nkki0pcxL1yhzEFcR8CuxCFl0t8GMv_D7825-2EPisF3SmGRFWEk-nTpf0FkX9J1T6z&si=APYL9bs7Hg2KMLB-4tSoTdxuOx8BdRvHbByC_AuVpNyh0x2KzbjaGGrILBEIVpAsGhCM9uIWrvZsWFayvrukOnQyDds6GyxcnYAdmehsLXKzEnaF20hOoX5K0iIiuBcSlPKjvr_6reWg&sa=X&ved=2ahUKEwi34u3_oqKNAxX7XmwGHXIOPWAQk8gLegQIIBAB&ictx=1#ebo=1
veo54uy,https://www.google.com/search?client=ms-android-samsung-ss&sca_esv=ea28a01ba0d65b63&sxsrf=AHTn8zo9L44D31cilz56-t3sp4og3oMuqQ:1747202162933&q=believe+health+and+skin+clinic+reviews&uds=ABqPDvz2EfJJNsWAAvfTeksqc3rlu95Z0y1fzT5tG0CtHyhAf4NZNHfPFGTOLuzSd4Vzyw8mjFYQPHZCI7ABGo3F2ckQJGYjSXoB9c37S6j-6CnjJ4KDMpvsWgDmlYcGVpQeiFEByTb6Qzu2ETSBAX_so2t1G10uPb9fK4sFnWfuJxUJhidhGAcM3I-c_wLMd8ogvziLsjDp8thxzZZo3TCdDGlhLZza12oBLCFBwntF5F3fDu1BfKkBtziL-vBo5NTwbLw4ssFv4-npBpPH5-ekvAtggf9LcwYzTR2GVB0dxjrambuUzrellpypsjXDyTwMjerZtWyDRUmAtRAvhNI9eN0Nyy37kRNTP8N9KmXieJbKHjVlVAFiRqCTx606PKW1qQh8cFQD6QymCSkkmOS5v27FAEPWdU-q3vJOerCcqRJQjJtzVLNWHmrbm1Yzhmzhwp2un2nFpnml7sgS6vPo3P027e_3YgDyQCluGJGvlgX5-8POF503z9twpgdQ6P_NFvfzik3kjwSvaYS66M-vc1vOF4JUQM-EDpPB34VCAJ3hnCIw0Gw&si=APYL9bs7Hg2KMLB-4tSoTdxuOx8BdRvHbByC_AuVpNyh0x2KzeYgY06rL9FmBF3WseqgqjDq8Mxw5oEcu9S2oxYsqz_RoilamjYj5qf_5VkIyvGqJFcOn64CZRNBjJHWdBuhwNgYfSph79cqqo2jOK1olSNRZ-UttA%3D%3D&sa=X&ved=2ahUKEwiVzpaio6KNAxWLd2wGHbzPGHoQk8gLegQIIxAB&ictx=1&biw=360&bih=648&dpr=2#ebo=1
glh82ob,https://www.google.com/search?client=ms-android-samsung-ss&sca_esv=ea28a01ba0d65b63&biw=1366&bih=607&sxsrf=AHTn8zrwLu2ZNHtiBBomFS0aazQC2cyEQA:1747202247780&q=someshwar+skin+clinic+reviews&uds=ABqPDvzZx9FahazAyumoKQJFjE83WEopn9O7ZIpHDnkm5dmJv-Bnt3CM-LtkIL4rpG1DhHkTwoVNgr7kqerHBQwf0O18-KAF0qcLMV38tdEeB8rv2HazIdAvJsn2Oh4vLZm2Po8JbBLOJD1Rub6ubYmUbfDTkba88--hg7EKrn1M1Qn64bv16-o5FxnTjY-GYU14bjCX6qCEnUsOSx9WZ4L7bsLelqISwO3ImrCzm4vzoM4XpIWIebUzZBuRVEsrNv_pUU8yuQ1CO-gvuBmU9ffGxMpqQ5ubq5e_AgLku33dP5zjBRVHi-uPPokOkzUzNPeArJrZBxqCOn-bstPzz_fOIMuTpa1bwX74VCGzSyoyJeApygMfzXjbJFI8gj-M8DoM4ehVtQpLGj9YHW65Nqi5F4-e2ydsYg&si=APYL9bs7Hg2KMLB-4tSoTdxuOx8BdRvHbByC_AuVpNyh0x2KzTq7lJLnrLPxKlueOfELpRSuBZwTN9njZvBBD_HWaPkuBYmMZt0gfAhcVaxGaV2U5XyqeWdcZfKrVCq4BOvD2OXP5ZJMvsa9my9_Z3SS83RoBZkjRA%3D%3D&sa=X&ved=2ahUKEwi5u9HKo6KNAxXBd2wGHWxlJV0Qk8gLegQIHxAB&ictx=1&stq=1&cs=0&lei=xzAkaPm7L8HvseMP7MqV6QU#ebo=1
bzf92kz,https://www.google.com/search?sca_esv=2666264f46ac7bd6&rlz=1C1CHZN_enIN1087IN1087&sxsrf=AHTn8zq-TR0pIROmwmwF9NsIlVQcYQ0YXQ:1747202333548&q=dr+varsha%27s+aura+skin+clinic+reviews&uds=ABqPDvwuMAhTTp09hjoPLysRJTdXilbIVNbd2NC8xqq70rwtV-xjo0gJDob0xpJkv1wRA0xuZLi5L5hXnPJAOwLo6wZos19XbGNo15nGS_INbRBE0Jbnaz-12cPBF8v2VH794U5xyjUNehNww5WePk7ZSvY30ZkEm7DGSQKqbPgaphmtQjOFdDHR96bi0BIZL5RqyFIckvI0QkEM0wP68kq8dosF8Il22puEHj5WKLs0gEnDFDDci8qXlDY4d0qv8P3swx_9DKkMFPJP47Xec1NjIa27GTUKpl6rcA6jO3PEfiJWc3_G5GcwoA7Qr9y0fAo3xlLKoJFyc0nX5xS9YFswCzggT7O84oS8ZXz71J2NEcLvuB78tpJURGvPrqy7rPIIgv0HU-Nr1qiY5zWy_YEYN4OWKhaWQoZ5BK4CTf4xFU44jfdsGD1qv02-lGKP2sDLY7CVrTwl-gAJ-e9y2llmJ0suvQuk6FuhRLhpRap3wpKlfho6NXAzFPut_fRvFyqNwDG7APTHOQz_nRN5QuFhboR9PdouXFeCUfgQv-usJN1OhaKqpe8&si=APYL9bs7Hg2KMLB-4tSoTdxuOx8BdRvHbByC_AuVpNyh0x2KzTIwpss4lMVAYexO-qJrdx84ugm1aAbd2024oiO4SajZpcbQ9kcUf4i9D6q6zn7eDU-7gJ-CeDcv0E-BO5VzgGat4E57cUly815qcCyfs9dzmI2Esw%3D%3D&sa=X&ved=2ahUKEwiDqMTzo6KNAxVxR2wGHaHBEnUQk8gLegQIIhAB&ictx=1&stq=1&cs=0&lei=HTEkaMOlIfGOseMPoYPLqAc#ebo=1
otc47pg,https://www.google.com/search?client=ms-android-samsung-ss&sca_esv=ea28a01ba0d65b63&sxsrf=AHTn8zr6YNOE7sH7ugIHx3gjft5kMtI7gQ:1747202515692&q=skinova+reviews&uds=ABqPDvzr9VxXx0w5rgMUvKbpFNoaXALqIKKOjsotSoeP_x7GvRRk1FE4w31IHlDKhOUG4ij5JX3e77BZrPYRcbI04_ClLESQudQdwQzIgmtpaTs30AoLRNw51ff1oL5RFW0OxErX8SHdOZdLN62ALMjITLtOyNgchktp9N38XpcGLUu6qSbYd8-j4iHaQhh4C6eKtCX_svZeHEaxo_JgI-w5gbmQN3Rs2f9B8WvhGtB7-H-gGj29WYA6XPy4_HyArWOvVvOY4BlixSuim-WAVe2rYQ96F-cdaKER7S4cQxBs63cjbm_ZIX5F99bP1q7dyIDfOL4FFJLadiE5JwsAEqBTjECvEp_LWAf4dM5Xi1qWe9YIBdC-jqecMlIE8I1QuxtNmRQUWqFx8sULAhlIH9YBU2b585e3bBtleiTEDyOd0aea9-nwNUMtl4I6NxgEJoeZW4pLV9HLKduE2ZP0etmEgltihhm4bBpr8lH7p4s36Fr3-BZmnGWqn2OukijmndDaV1GheWk7zMtzh3mjrm4YOeJGTJgzQPSC4GC6VkSxwjJpsBh-07Y&si=APYL9bs7Hg2KMLB-4tSoTdxuOx8BdRvHbByC_AuVpNyh0x2KzRbBKao0IjxCN2FL6xNZhlGNp2jSbCQ9ytJbM1BO31E0Wr_m0ab-Cnm6ZCn2_C6-YjVsmLO5-Rrw6NsrKuIo581Z0FqV&sa=X&ved=2ahUKEwi3urHKpKKNAxVVSmwGHWaOEicQk8gLegQIJRAB&ictx=1&biw=360&bih=648&dpr=2#ebo=1
hwq75ns,https://www.google.com/search?sca_esv=2666264f46ac7bd6&rlz=1C1CHZN_enIN1087IN1087&sxsrf=AHTn8zrwyELj5Du3hbOsf41UHenQiBoKxg:1747202684154&q=dr+vishakha+mhatre+reviews&uds=ABqPDvwru3iBABBih7Di6zO94Cn3x5xM84ug6XB7rmEvZwuQ-PniiUB-FTyhAr49HmLjsrtF1xu3vzNwQeqSo4oVHOKw5L7_yniYhTq2UU5q3qGPxqLgU2PndLAlrRaZxqWE-H_8_Xua0FnuYOG7MH3VK6aJF_iTaQcGAOhG8JK9PSkoLNUW9LLd-j5Qf-JIbbrJ4ukHchRpBJy-s5U_1lp5rvcNxCQUSbETRWVywTcEW9WEwVXtOMen8x4vojmD7Riw_MwoIY1w5mQzjRKEjmnQFKxM6nMFpg6eiLz7O222eOaBNZL5ftWbH7YK2dlzmT1K637-Vb8lOBq5NZ86eZgVba7SC826cciQUK6ObLYq_jxDYbEug9AnfvKIjNx5kUga9cI8W5c7MHxpGC57TAPPKb98szO4qf9-RKVeE15rEsAWhMHEjbTGI97dzHWMWZLvpSOCofC5cSzmGiQVipvrb1MVLV419x99_oUkz9jLhpYuZgmgcY8RYXRw3QA3Kfd0zOzprt1_-4XkWmLeEbuRERExWLzKxcb62ugj_5Ipoh2bW2ycB1g&si=APYL9bs7Hg2KMLB-4tSoTdxuOx8BdRvHbByC_AuVpNyh0x2KzcLQKIZBySpakKdozBJQJ_y_4TlxykuipAo87Bet4rAWD0WeGebweieOODQad8kp5hn0kdPEa2_FKbWnBk6A_AOGCOA2C-PZlqRO4rmCY69GthCV4A%3D%3D&sa=X&ved=2ahUKEwiuwtuapaKNAxX1S3ADHea-JboQk8gLegQIJhAB&ictx=1#ebo=1
mhb95th,https://www.google.com/search?sca_esv=2666264f46ac7bd6&rlz=1C1CHZN_enIN1087IN1087&sxsrf=AHTn8zoE49x_NCtkoaYVvZvSbPuPXpbF7Q:1747202780058&q=dr+pranit+farande+reviews&uds=ABqPDvy2oiqO6xZHcwsJo1yWq3paIumOQYK7Vq8jiynQDzcWLe5eP8ZDwAPXsB9JES8N0WdgprjEt9W2DSKbHgvvrVqr5teDgicheVDpvIIPwlIE05lJ-y7BuhfvE36Q1rM5h5r4uYkaV206QeEqeVv2aHr6fcif2JkDtxiadIgPfiVyV-1Ds4v4pLS_9GdkLoqeBwGjVhF7G9DlWSyWKfmZolECvaSpUT1i6NzTI6bcji6JxO8xRSm4HZAxfYEQEuOwbBugRwGRKVlm5UGmRKbqxRLrYRvsqJxPZLOx90CpxXwMqcQuCEZapJIybi94w3rF7ZX0o0GmtN6yvIIBBn4U9tj4C2g8PXooiimHoCZ2uxa8DOdiquMSLSFuBEelXMDpp0ZlqC8p&si=APYL9bs7Hg2KMLB-4tSoTdxuOx8BdRvHbByC_AuVpNyh0x2KzXX6k6kUweSuVWFl0EcrkMOt7DEqb43k_HJBhRDJzY2iE9a0CP_Xd409EHcODeIPcQm0AOPzPxBap6sA9GEFqtsKVRfOGWDUh14SJcBch6G1yITcWQ%3D%3D&sa=X&ved=2ahUKEwig_LjIpaKNAxU4WGwGHeUeJgMQk8gLegQIIhAB&ictx=1&biw=360&bih=663&dpr=2#ebo=1
bam07bk,https://www.google.com/search?client=ms-android-vivo-terr1-rso2&sca_esv=e5d69723eb1b552b&hl=en-US&cs=0&sxsrf=AHTn8zqzKELo8OgI4PZ6jQqhP9rwyoloRg:1747203102922&q=aestheticx+skin+and+cosmetology+clinic+mumbai+reviews&uds=ABqPDvzLP3SRlPiC40tU3RKSDRjl1PFkT57-_W68WKIqxr4erdxnZ3aiehpY2XD7NBKQSYeW-uwV-J94izF6orLiNu7OgkdBCN37xwpzVKh9k3YHZBr8TSVViUvHBb9jmcyEK8NQp80Ezjzp03EVnqQS9kIhvPTy0kneW0uohHDk3B--d5HIGcimdjtFOIvPYHr-nrEgMMROKCvv5iRUnNQHkbNDUPqShURbQjk4cpSzDaeB9Joel5QSEloJJYvPOdigMbRMNVAWPn8HFGhM6zCjYuwNyqJ_67I9M0Vx6KQ9YMvVM9jEW2d0K_9Z-TERfgCMyLlHn6w0xs0xsga1fA3Ej51FRIAyHMzlCreYEr7uDJvfEqYDNa9OKRucYUVbwYBTkOFdDzHlG7QFjNbaSmwmZWU6uPKeW3i04stpYOfCKiP-30Cv2fI&si=APYL9bs7Hg2KMLB-4tSoTdxuOx8BdRvHbByC_AuVpNyh0x2KzUeahBni3vxfAXkFmicQqX3JDrPjR4h3gsBvz67vGJkAymNDtlEgdsoV3MCm2scDKTAD8O09Y1Pz5b2fkCWNGSWBFsf7mNkKMlkNmswa02vSRBsKnS98dGRnDkJFuuljEeIhHqY%3D&sa=X&ved=2ahUKEwihlLPipqKNAxX1TWcHHRplOzkQk8gLegQIIxAB&ictx=1&biw=360&bih=663&dpr=2#ebo=1
joz97ez,https://www.google.com/search?client=ms-android-vivo-terr1-rso2&sca_esv=e5d69723eb1b552b&hl=en-US&cs=0&sxsrf=AHTn8zqzVekiyl1p-_8SNHG-JJeXgUuL_Q:1747203202942&q=suvin+skin+and+hair+clinic+reviews&uds=ABqPDvwe2-QNOTIVaTMQniZRbyGtYaw4g6ngQ72Vwo2yBbBin5yJq42wCfwH6Zs7yD0m0_kDXqPeMFTeGSnqoFtXx7LSIVzh5Ott28ZjLq7Y2pLTc-St7sOfho2DtUSKvu0bydyl9_jQJ9I1zsk3uUJKxS_COTFKka93ReOiTB2dA7dwy1J5ZOiDKeIIf8HfaYI8CtAubZuXlTN0tYAg0uq7359Lfg8K5dCvTwrCMJiv7OcsqnzY98Ar60HzEjN00kVb-U9qUupDkSvgamFzHIABKBAjvzBPanE3Bn-zb4cDLk6sdpRXsjKmICiTBDXOt99uZ14RjFNl0onKSrrZ8-1nMzBD0J0hh81to-mJiDx7RzkMuYBCFtzkJoxWwKIcdle2zvnpnI9y9fHQgiWBg2XyLabTNTMTjS-wbJrKiVTYfKV49CA6HLDf0VCZixixo55KsrjnWX26Msr8hiQ2s7gILVaUCaeF2N0A_239x1HrVtc1GlWgyWEhQo9B-E8ydEwDHaVYRth5aBVvCVd49j99fQRY1gybKKJydgbKbpF8YHGQsX9VjzPaslNDL8RV7pH7sBrz2d084p7HXV0j8ua0nyBvyz4x5Q&si=APYL9bs7Hg2KMLB-4tSoTdxuOx8BdRvHbByC_AuVpNyh0x2Kzau8H5xaxiFEJoLetjJ79iO2jOAod5R6ucHWuPb631IgA4rDCpGuyNYLxACrKL6u83lZC9rRbPD38lueBzVWJnRvX1Atwb8iIB4uPiuub2YwunJkMw%3D%3D&sa=X&ved=2ahUKEwj98YuSp6KNAxU8cfUHHdHPDzwQk8gLegQIJhAB&ictx=1&biw=360&bih=663&dpr=2#ebo=1
kkv09vt,https://www.google.com/search?client=ms-android-vivo-terr1-rso2&sca_esv=9cd1ea0063f7ab85&hl=en-US&cs=0&sxsrf=AHTn8zq_VH5-l5LGgE89_Sf2wA9K9ZT6eQ:1747203436289&q=dr+vrushali+salve+reviews&uds=ABqPDvxVJXd2VA-hCL8gX-W8OCPE4m6rs-VmeHXoGQNyfgEutCuiqc5jaojmKNohtp2DegVnajXWrKaGKyYHAb6seX7PvswvqWIhP-djgKYMx5q079djkwKSFoG3WFOS2m27qrgzCRnRnvuVs3CCN-BwaSa4Yq12CCXJPQfaJeEsAqc-vQzjjA6mYNt3G74HT_TiOKG-ku11fAjkxqIkN7OuhMSb4iT-R5EjKnKBovd94hQ-ZcUPFJr9fBaW8ww9vrLdpF2eS3nIDUyHf4VI2iEE-XilaxZgC-FkUUEu2OKRxekzN7GpIF-Yo1Yd4a6ESaidGKEtgQ47NFgtMgB9kX1K7p7J6BLgIpxR07UmkCUN_C-XioDZI3CO_aZ3Y_dhTHMstJdlywPqttUBpzUocP7MO5mX36X6siVRl9jYOsF5VBbhOsQ8w6jA54P3SgIK4vSRn5WWVidHSXvpQpj4WC1RyY_z99ZVHINfjx-NKaLBfW_zJszyIfoYo7dkz0F-l4SP2a87LwDWcgwtmRIdP2PsC_wFRwlU9g&si=APYL9bs7Hg2KMLB-4tSoTdxuOx8BdRvHbByC_AuVpNyh0x2KzW4hh4Wy1STpORFYrqedTjjOc0R8_LDpcQX7FUec7h3VCwqzROvJC1Sm4Pqtuyz1CKsDCPycjFE2bnYYFLYi9DauyENxZDv1Hw_QyERI7-pgXqpMtw%3D%3D&sa=X&ved=2ahUKEwipnq6BqKKNAxUInq8BHfGkGQsQk8gLegQIIhAB&ictx=1&biw=360&bih=663&dpr=2#ebo=1
bwd08yg,https://www.google.com/search?client=ms-android-vivo-terr1-rso2&sca_esv=9cd1ea0063f7ab85&hl=en-US&cs=0&sxsrf=AHTn8zoVM94WtZXQCrByK6vPqZvaVrTojg:1747203558490&q=dr.+wahena%27s+skin+clinic+thane+reviews&uds=ABqPDvwuMAhTTp09hjoPLysRJTdXs_Jo4DqZ9dhSjc_UOndEIylRmaIiq0qX6rGPsoCdluO5nFX-IoqLhh4oWSS7Yn4ZPuro_3S2HUSUHOL4sBrWjtqVC-hIxcT1XhaZoVl_L8WTMp4MNQzg8lr7phWNSDu2sntSZr6SPQpesKULD5nKdFPq1bOE_Bs21HjTJc3IkfFsXGKhy7vsLIW3vUKgvX_zsgsNl2mmHkFflNISy_q2klK42vzbwE9G2JOFvuAw4WcUg71qjZHx1B3haJBSvTapa4vh5PV2KwtSmVst83794IeIYe7N-4uoyVBKc7m0M0rTJaykGRNht7urMfISbR92p921oeWj3i4Vq9ztR6ZI_JYeKFhtwQjaDRp0ERoBnBrWJA4U0gWTXeslTcudJgqvahzluYPZqEFB4X4RtVVEfYLYaXaRGWa794DRemMdSB6QJWHSDMkygTRtR73MCCNoAxuacRjcEGsN3E571lA827LwuGp9Y1PqGHVde-glbLc9otrpaxSageRh5myKWMR9fvDaG6k1Y0412_1GEayPwD7Tdi8&si=APYL9bs7Hg2KMLB-4tSoTdxuOx8BdRvHbByC_AuVpNyh0x2KzT1zI5loNjs9anka-XovMPmpS99FP4JfHDuVdGNkag4aRm3UkSW-uK_JnrEnwzHixi9o2v4ZagYYDd2nZtipJj7ExCjJG13wIQw-TaHRIZW9aX1-KA%3D%3D&sa=X&ved=2ahUKEwjz3tC7qKKNAxXJhq8BHUcgPIQQk8gLegQIJRAB&ictx=1&biw=360&bih=663&dpr=2#ebo=1
ros40xf,https://www.google.com/search?client=ms-android-vivo-terr1-rso2&sca_esv=9cd1ea0063f7ab85&hl=en-US&cs=0&sxsrf=AHTn8zrq5EQpa5_u2rY06bRc4vpA8PRJtw:1747203660683&q=vandita+hede+reviews&uds=ABqPDvxiz3gy1c-HCMUBPLuZtypHIrC68O3Q1syOwh2bCuZ28TPwXANzPujT03Wk_Wxjxm-TMtJyxGJOn_6qCGu-vD8S-Eli4JIqBPd7mODd_ZfQ19AmIGbFvLQ4VdlTbflXuS5icrx6V2mAh9HOFJ5krNjrrUnGdotLM-Dwvkzdssc-6yJaakvLIrEZXD54ZAn660GhxW98jBVWYU3YxgOPeZtIK62feg_DQ2jwQnbs_BBsRE6eLvEPx1EIeBnwc8LTk90ZLFDLt-Ufh3-KkFbtqIH1F2g-B35Zjfkgr1NsQmN-dos5Lz9Yahmk9JcYZ_0XNM9f9lwUZTBiDnaE07CFg0IoDVi0sxzxs76IF_KKGCMnQKftFcRpHR5EXrButyPYwemhRoDjwVQ5OR1w3s1f4oCCPe1DNjqHYGEB2EOJaF67eZu2F-bMerYQF9jrhxW88TH6Zr5MMfXqscZIzAseVHHeKOLBLLn5x_iTGVtzn2VgbWFvsq9p6RBZiXfPoxCGXHlWmHsByHjnWrVYMhkiTqNsOsxxLg&si=APYL9bs7Hg2KMLB-4tSoTdxuOx8BdRvHbByC_AuVpNyh0x2KzcyceQ31QBM_bGx8mFrnoxApGuDCXwbLVNOwyp1x4S7MckE3z1BA-2Ix71aauHXLawOpBu1MQRNN-AOTOvAqxuUwraqb&sa=X&ved=2ahUKEwjwkq7sqKKNAxW1ha8BHalAKWYQk8gLegQIJRAB&ictx=1&biw=360&bih=663&dpr=2#ebo=1
puo36wx,https://www.google.com/search?client=ms-android-vivo-terr1-rso2&sca_esv=9cd1ea0063f7ab85&hl=en-US&cs=0&sxsrf=AHTn8zp_ZW9MkfDPMKZkwTpokbLJwa9npw:1747203778137&q=dr+rutuja+ahuja+reviews&uds=ABqPDvy-9pA-373qTS4Qlhdg8THFY1Z4hkeTomFCIy-lcCSCfyTwp7h84peBD3QCJTmJ5MqvmzGcnA2x5JalYm8e3SmXOqkQ2V0ORHVhMwbwungN3u_MBolDdVPHUrwwu_cAtdHdv4kg5YY8hpBEWJhJdyXEH8tgijNdR_hbOspqDfKaWnSTpZAuKIt_EIOuuNqSWP6J21ZLLw6_ubYDSNYb17Ti8Ef0-R_z6FaCJAfh7Zvb9_E_kiOvhzMcoZNCjylZLDwaSGjZxiVXtjaamCmcNfdbRH-iU3S_pi0-YQHdcqVFuDIUJ9JpRk4ZbbFN9U9u4fdazFLJY088zwR8uPwogGJ6YX_6ys0PLCMqA7_ey5hOgKJ5Z378aFGHWKn_KmFGUjUGEsQP_Vld8BA8P-_4-sueDBY37fVnRcTJWsEHnWoTUkpVv3jXhwkPsasZPMWOZMoYWfNJeAfl8_s2J-pNqP_z7rBjLg7EYNvCEamrWLZjVuEwvhHYo8g39hVo-0Vj9nxHEkCDsZNCO24C07_QcHzLxX0fQw&si=APYL9bs7Hg2KMLB-4tSoTdxuOx8BdRvHbByC_AuVpNyh0x2KzV6G2O62HypSZZOFdGZdnqdZAyRkiSktHToCT_zdLWaTEOGA_JfhVRRBpPZGNjp9ozNwW3rLw5FmV9xj2V08-PQB5HUF&sa=X&ved=2ahUKEwic-a6kqaKNAxVYbfUHHUTmFiYQk8gLegQIIxAB&ictx=1#ebo=1
wgw79dj,https://www.google.com/search?client=ms-android-vivo-terr1-rso2&sca_esv=9cd1ea0063f7ab85&hl=en-US&cs=0&sxsrf=AHTn8zpgmkQHw4VeXl-n4MjTzw9SWS0KTA:1747203849673&q=dr.reshma%27s+aesthetic+clinic+ambernath+reviews&uds=ABqPDvyU4PclDrjNkd3dGiJpMiSWlmrK7epPkb60kPTtWzYDRS6xf1vRe4k0oEebBpgT_-Cbk2vvLEtK8SMga0F_Fxq8kMyNc9J4pDi741wPtYEMFrUDLyv5lZR53gNh7nbWMWYz02b4OvUJSMQmO86KJDoHxB5AiLmVGQoHX6SlN9F66mH953zVYvL0whyn2_HYpYTpN9tystosEScSFscbl1iwH0vt4q3MnayvBM1-mZ2ZeuWpxGwZeLvRCu82ng9m9hn8IWivAJt_-5ZuilLlKq9IC0oF9SpL2-rZEWmdJKoceo2k4AWfCq6g9kNX_9r4961ygkhE-FrOGTNTGUIJB4cPojeV0JcgeKEvR0tCqCRW-MHThVoaC7bXp91iY5xRzV8cY7WGWjrajP9g-ICe-IYal9QGyJ78LfNVyOT_qv8Gp9tU2AY&si=APYL9bs7Hg2KMLB-4tSoTdxuOx8BdRvHbByC_AuVpNyh0x2Kzb5NpzKOtnsrEuON6T7-eC9TB9XJXDh2nSrPZ4J6hBecI5CXk_WDA-W-RXTI4tX4wI57GwTnwwziYfxfM6sx0MKZEl0S8LCw60y07kZ7UcgsZXRxxlGSW8am9pTLtPtV3FIqJMU%3D&sa=X&ved=2ahUKEwjynb3GqaKNAxWFjq8BHXY6GxwQk8gLegQIHxAB&ictx=1#ebo=1
mec55tc,https://www.google.com/search?client=ms-android-vivo-terr1-rso2&sca_esv=9cd1ea0063f7ab85&hl=en-US&cs=0&sxsrf=AHTn8zoD96MFhGEesVYaP30px4uGl_zIOQ:1747203923160&q=dr.+lalit+chandwani+reviews&uds=ABqPDvw20YKL_5_TM0qVuigRcgt1IGUTL71zb4pMcmLU6LeSQIZv9h-gYZ6xkoRLoPgvIh8CNkmcmQbygouf0hGzCSkdSEvBTMLUtIQRBtZ_cuai5v_GGBDCeBc4FSpJukK7wEg4HxqjaA0Es8xSGsEQK2R8AiYyJGqLKOU8lDbWPOU-H2mHneMQpNE6hhvtym0WRyqGqCH6kGIFyn_oupy3AM87CcsVN_EwtxsO-xmzFIcnU9_086zhGVbm6WNFxkRYqokGJg3d7lG1keEpX0TkfUPC3ADcjxakTlFYKASiWs7ccBTI_9rzjK99fo20fDseEv8Eyn9VAbAXxbknz5Cp-2wI-ZqW-4ftzfRGvwkIPAMCiagvvlRpYFNuCvzsUXw7k_wTPp8p&si=APYL9bs7Hg2KMLB-4tSoTdxuOx8BdRvHbByC_AuVpNyh0x2KzVc-UYUZWDr8Ac3P57RgoEz27irMhHLNL3nheqNO877yspFqdpQX-t7NK8RrayMVc-HbdiVkl22AONqtuWfUn2yIvrUKDigDsSzHIH_QT6rsuJTrZA%3D%3D&sa=X&ved=2ahUKEwiav8LpqaKNAxWQmK8BHZ2WJSkQk8gLegQIIBAB&ictx=1#ebo=1
hei72tu,https://www.google.com/search?client=ms-android-vivo-terr1-rso2&sca_esv=9cd1ea0063f7ab85&hl=en-US&cs=0&sxsrf=AHTn8zodSJLjdTYRB5jUdfL4xAcx82xsqg:1747203999882&q=dr.+sanjay+jadhav+skin+clinic+reviews&uds=ABqPDvzGP77R7-n3CTCnETWGmxYhk9p38NnTy7la3DRuKCOI-kgVkGWQrzL4ZBHXpUgvvj3aeAPTC4YqgYdJTJR-lZuov3HC67TptyN_eG5nJCz-sEfu2SkABosyqdIRjJRZiKzozIgPnNio5gUV-WMVSxX5KUmlE-EumCNDzaPNKPmLjhOybfNfzcMmzCiCoFLYYsgwW_HnI0dxjiLtXvr7FeYJPSvbpiaGFBwmBBLQxVJM0VSPV7b8G53fwXnIA4HEb-PMa9YuUkhXKRwVIYT_hLwyjhNVOu35zzxPvFnP6mGWPo2_dnUgSQKknqpW-W-29X1kZtGHFrnZknlgKQxvBsy6OfwlhvISSeDPdXVh9OsdVY04v8tXaJNOtfCuzMdIQFhvTEjb6ksmkH3to1z-EnrZ6AByXA&si=APYL9bs7Hg2KMLB-4tSoTdxuOx8BdRvHbByC_AuVpNyh0x2KzWgo1sbH6h8ORLqLb8y-1IcOpDSqECCGI22Ozn6F2LQmeNKKwJsZOh380HiA8Dd7Ul1bA801xApFWGhVCrmTXmVClP-5RTphNDJGAGykyeBD6eK6rg%3D%3D&sa=X&ved=2ahUKEwiImY2OqqKNAxXtja8BHXSMLsoQk8gLegQIHxAB&ictx=1&biw=360&bih=663&dpr=2#ebo=1
yzr42ac,https://www.google.com/search?client=ms-android-vivo-terr1-rso2&sca_esv=9cd1ea0063f7ab85&hl=en-US&cs=0&sxsrf=AHTn8zr5UhcCqmUSevQg-jIf0zBS6yXj_w:1747204095116&q=dr.+sonia%27s+clinic+reviews&uds=ABqPDvzLb9ymOD8IxwEw9slKAGNk2_RK1ilfLffjg_BguP_CW1584diy1vAbDh045TfdxmBOH8k_Cyvmofmwb7g1e5djrny0CpZg-HwlsKV14msNWqBxS95Jab6D3mW-esDQsqyeTAP8FH2cJp6vJz_yS9SfnnDroTyPQlmHBeSCpvYbOMPJ8obJxKlOaiiMmPJVajH3rprayBUQVfbPKdcZACxSrfx2PQKO9Z-f1WNayicGXPTvqp-hGXzWEtmaJSt-X89-jpJhXBjKQSbjpHrCOSwpPKz9aIg4VveyIZQlgpbg68ZTxoET2-lTYatXX_1Rb7-AEdQ_OG-DA0rNIxmOXoPL61EMJjZRGJovquDNkbTpX55t4CbzaYv4EQ9dXXf-zIejvK64yK4D9QInZ4Z5Xd-usflBBceYqDP5m-vO4ttQza87RW1rtS8e5fz7dLWwgTOdBeVuWCcRoyHtr12Xp8gqWMHQbw&si=APYL9bs7Hg2KMLB-4tSoTdxuOx8BdRvHbByC_AuVpNyh0x2KzRzXi1WTT1f5eDr1bacsnERFsT06xQog_IJUJypHXMu1jkoPR7wj8IW7eHPmn7-io3nLIGBJlNe0fT1HJ9gGWCJLCOkzXJYUQY6Za78xWMcsxbidSw%3D%3D&sa=X&ved=2ahUKEwiP88G7qqKNAxUHRWcHHcdvFQEQk8gLegQIIRAB&ictx=1&biw=360&bih=663&dpr=2#ebo=1
xuu01mq,https://www.google.com/search?sca_esv=f3357a1008beab26&cs=0&sxsrf=AHTn8zohpAhUnWsiQ_KdQtN9hk0pTtlDwQ:1747204137038&q=dr.+sunil+tolat+reviews&uds=ABqPDvzLAuN_z7omrOtiJVCtoPFm-20M-umjyVpwSjMvCnpmu-ef22SCq8MhDV_4rCHJw5RQC4EJ2eKWxP41cSZuYmBxHh6ilMSyiSpkWg-2Ih3LZFoeUFfJNDZTR3ccjlieUpmzizRFtMJtLJUqlEnJMevaS4eHLdJ7Oa24vhxsopkz2ZdEWvcZQBX3S9JTpNnmrGa-lOlWfx-GFqYHIcwlhH7yX9JUxHxI2ycr7nACJHw_LZkzh4KlNvLVSb2aqcrEulmYMJzAwOo5CpyOzhXbByjyuWrLOhRBHzdzWEGVCnbZfHlCuz51_3iKC4LHZ1GoU5Wh8Fr7UylF-adVEyhVAmBIp66__SEoK2grpM2w9Jg02Y1Ac8VpYmX9TR3Y4E7B1fFvs2ML&si=APYL9bs7Hg2KMLB-4tSoTdxuOx8BdRvHbByC_AuVpNyh0x2Kzb2HsZBhXwEeRnY14pNH-y7cnkfSJVYqyoIkYhfL2dPF3IO5VCSFGyZZZNuOHrb2dQBunIvt7MJm5VzguLXk9-5I1PpA&sa=X&ved=2ahUKEwjCy8DPqqKNAxXnS2cHHaTJMnwQk8gLegQIIRAB&ictx=1&biw=360&bih=663&dpr=2#ebo=1
jsy52qx,https://www.google.com/search?sca_esv=f3357a1008beab26&cs=0&sxsrf=AHTn8zovGjY2UfoFwMl3JTFqI1vMlgA3aA:1747204220329&q=kelkar+skin+clinic+reviews&uds=ABqPDvy2oiqO6xZHcwsJo1yWq3pa9ZNR4qX94XkAI2OTrRfLaTWwUp2oKiqX7JlXakbAGuiehXufJaGwJCX7LDSwaMZGFq5FBlVGL7hHdvAKu83FvqzqASwzd6NpDom89WDQaPw6SKgTyC79Dqk6prZZBuAwI99cAJTEVWzDS5qHOPnTOXjbjsp0txcAHsK71NFHN8MvF2e3h78jcYvRn11SzkNi0MSB_jcwMUEIAVMQFa18sStuK9FHCM73H90DvuDMfi7CCjUwkIP721DbaZOAvPK9YnLpiMTuv9WgnK10KtvNiijbwCjVeu8UhkbZOgc1hdo1sx-QmWM_QGK0SL9FqLwN7KTFZUwItfdyzOHIEUIpBeXC4Gxaf6A7ojbbnVAi-PAoZtCU&si=APYL9btvhO6SAb8jF9HqTZMMa7vs_teLnZaEVrJZwRKFIIKjoTrKRGHFPejzFfM-pnlkYEHcc3oUsy8fIVKOPeHrsebZtxEgU0GWiWw-Py1pLJW56TqP1DOpPSxNDYCt6-2q6lT33cB-S7GG_aiSDeL-QwDzMrO4Aw%3D%3D&sa=X&ved=2ahUKEwinpZz3qqKNAxVPR2wGHZzmNbAQk8gLegQIIBAB&ictx=1&biw=360&bih=663&dpr=2#ebo=1
dyx63xc,https://www.google.com/search?sca_esv=f3357a1008beab26&sxsrf=AHTn8zqQ0sPCObMUn7sNa3q0JCDZew7TRg:1747204270448&q=pratibimb+skin+and+hair+clinic+reviews&uds=ABqPDvzRUf-ycNT70kol8SiG3dCWTvtZF4ag0UVUM8LUHpCjm2VYBoqFXWrYDMMbPSPR8tcQu32_kgVeG09Pgcm-JDQRasPUppLCViTlbmgT2E5D7UoVOm_5O3nCB-kzFW615A9M6m4cjT4RYcKPNysu-deyCVvBAqeX7-sLWn7sX_JICiSkxzA4eAUv2k_k_e3mJ3bBXmgTRZDXW9Hm8mL_vcqEnXK94LlHr5IXOLnwWEb20VV-v7v4vvpfa1cYJeosE57qXW7iE5rBoaRcDUWQYU8FLLPtzHOEgres3-IMZIdvvDDpIh5l4hDNIuL6HM8HgsGvysH_QPZrZUVPAIDGm8_JLa5cOuCVKgq6SJWQoTP2duwA5bJt-hTfQR841H8awvE3fMpsHO39pUnvQgK3rUlyuSciBYzc-ANZsXtBIC2MlFYJoF9CzrvoME91NVJyPlVx9tMDeKfP8sLuirQO9rLt6qwXxlHZpn8_kt8dfqgM7eE5Zkf8woSP66aJrFyqvpaPrm5-xznGyL5k0nJgJDCuqqgYj24RajkmZdkjnFoKIb2y5V3PRSe6Q2bEc18j9VNkVgaBl86RSrX-ON3iNLXV6AjPWA&si=APYL9bs7Hg2KMLB-4tSoTdxuOx8BdRvHbByC_AuVpNyh0x2KzXRPyiR9M9cmwGTtQjI7rL7DzHCpltbPll3X3rcqUnySXiQZdpfuImduJA7DX5NilD2VCffmbeeftvQ9QCttoz4xpIkY1NfAqwq0utAjMdqpI8OkkA%3D%3D&sa=X&ved=2ahUKEwiPqI-Pq6KNAxUqcGwGHa5BGmIQk8gLegQIJBAB&ictx=1&biw=360&bih=663&dpr=2#ebo=1
ggy53kc,https://www.google.com/search?sca_esv=8cb62c52412f1e47&sxsrf=AE3TifOsAVTVOP0XSnm98omXAM4ggJLPrg:1750314396195&si=AMgyJEtREmoPL4P1I5IDCfuA8gybfVI2d5Uj7QMwYCZHKDZ-EyloM3FPfiVIfMuPTO7qd8uHtyH4CSBR4enWXCSkwlGdCBRvocid7CkIDl4xWsQe_RXlOySjlcucvQuwzsFly3K5z8Gk9rXr5YUkyrb1o6VE8-tPJT62xR9zfhRi5dIpdRnjFs7bscD_bOTZzb7I-8UuOX6bErF7n7nwmgMvITvmL6q9CQ%3D%3D&q=Dr.+Shikha%27s+Skin+Hair+Laser+Clinic+%7C+Dermatologist+in+Shivajinagar+Reviews&sa=X&ved=2ahUKEwilk9Ke7fyNAxVy1DgGHXVmOvQQ0bkNegQINxAE&biw=1280&bih=551&dpr=1.5
ddy83gf,"https://www.google.com/search?sca_esv=f3357a1008beab26&sxsrf=AHTn8zq9AtR3i3F7LggRB7PRHuyeg_DwVQ:1747204481647&q=sahawas+skin,+hair+%26+laser+clinic+reviews&uds=ABqPDvzJR6Ua1Q8eK0gQ17WvZHHHMwxFm8G7XejtC1YeO8YDcDTojWHMkTK0fohEiXvQifMtYewnGCuhoQyMK6izACCjl4g9mOPWuNODt2B3BulBt2ZWuRK781CNG51kbzrvbzy6qlQDHy8kFJkgx6FYo_7_BR0VDQP-zKaOPy4-k6B_BcAyCO8XdMLHrTbtViOmGPW4kY5pDps7HsBE1rSbnobE_tCQYv-dsppTn0hxoQQN2Ge9LQA55hR9wOSei9niletYkwJ9J9gCfNqTnssW62DxCnZyCNZDDU_V9TrjbIL5qeib-ePOACvzLAxS3kpLDwVAw0XcBC9UIVY177E1edgx4ZG-eyCH7Lr2lKHs6mfZA0dftRFiT9gvb6eTLn-uOZDhq8surZiYPYM8IjwSFYIvVv1hRGPjrV3HnWEMdmPwba0iH23srH7xSDXOjFiN0T-sN59-VU3FG_M27nB3gNvPUvUIDh7OnhUKrPgjVD81vJzf-eeBGLObi3USqUY-VuZdAB-qKTQcC0vOT6rLtMp9kUmP_SyljqFwIIWyUT1HX7pOLLpKCvxwiRt9u8vYJAbW14wuhLW0te2Iwbh6OTUhvDhNRw&si=APYL9bs7Hg2KMLB-4tSoTdxuOx8BdRvHbByC_AuVpNyh0x2KzS6sTLsU2-rIVEF62o2rOoREZ_Ki7bWupZ17RmHAtgUZos1p5ub1fiUaWlMkiCeGwax6Q6qkE872-mpLYfA-T3pWQ9zacmfZGZaZ1PAdA-irdY8WXmVAh69-OIaermD00I9ZkR8%3D&sa=X&ved=2ahUKEwj46Onzq6KNAxXtjK8BHWHLIY4Qk8gLegQIJRAB&ictx=1&biw=360&bih=663&dpr=2#ebo=1"
jvw77qv,https://www.google.com/search?sca_esv=f3357a1008beab26&sxsrf=AHTn8zpvyCLtHNc1JGJX_xdJ3nRswF19vA:1747204536317&q=dr.+makarand+ghaisas+reviews&uds=ABqPDvw20YKL_5_TM0qVuigRcgt1jBPD0XnUHqGHWRhSA4-rtaHtW-_577aY0LlwaQfMylXnOcEUWv-kh54UQmeLzcYUIBfJ1fwgly1LEFTS4jH2BI35GIqZIWbef0a_qvGJsZy_-2tdq9hkrLpgfhxgs7UB0-KlodizpgGny-OHzjliQnu5ok19-5vCcuJyKLQlSVClQIz668Mksip831k92RrOVPC1RXUR2bSCUc5q9MKN5VdchshoIn_MLEuk8fbRtvOKgGq8VnUFFIBarPkI40SJh55OvGR_q4yVjS37JRKy8kf-uVziFGK0h6kB7CSEKeryOSYpJYP6SCvFNJlbt88gTD2ft-wCea6wB4gXYAWKauZfK3JL5Cmsjlc8ofQoni0Cb-eG&si=APYL9btvhO6SAb8jF9HqTZMMa7vs_teLnZaEVrJZwRKFIIKjoVYTSTbDgq99rs2dhTG20mCC2WmMo-lmSGrzRE2cBI1W-PpOSaUFoiZAmyqu6k58CeReOGENCGQCp0kEcxWkkJX1jXH4hO8ImsbBR8LkB2lD8W-Kug%3D%3D&sa=X&ved=2ahUKEwj7zPKNrKKNAxVyjK8BHSfmKRoQk8gLegQIHxAB&ictx=1&biw=360&bih=663&dpr=2#ebo=1
gml67ja,https://www.google.com/search?sca_esv=f3357a1008beab26&sxsrf=AHTn8zpcY_9LZ__ma_NkLoyiBOhxnR1UPg:1747204578666&q=dhadphale+nursing+home+dr+dhanashree+bhide+pune+reviews&uds=ABqPDvwGOt4NJ0InS9ubjgH9TYCspEo26gW72q4dhev3WYYeF01UhawUyKOBborPOL0y1KxqHRrzBKcYyKzQwLYa8umg4wIspw3XJ_MpRdb2NpkbgfGiweX0DH9UnImn-72U_CyVtcT0iNEyzMK8mzYJx5taIvlFu1nl37X1dIwQq7VmRhkVd0FWgk17gpaV2xjpnDrSXhETGhyJDSPLUtHwIX_E5pIURvrfJGLnoTbIIVnM5wIKfupMheufV3810EDRl7LDPerodASw09vVW2mimgHdhnTxJPnnAielEe9n1xjnA8Dp-LmDMb1yUpoDutO23h1f-_ETira58RER67OmY3W0TIy7M_kuqPbrtklyxlo-W45sOZnyeXGzN2UesXPgi8N2WBT_&si=APYL9bs7Hg2KMLB-4tSoTdxuOx8BdRvHbByC_AuVpNyh0x2KzV6xOv4sPbD3r1aVbJmpfDXbHzeN-PeZBk8Ex3ytMzax0iGCahDWu9PF-gMSjv9AG36dfuUMXMJr9ibI_xPdvWrkRn8RBVCwJKBiFdoL7vHeZrC8UJn5abWElhG9KUGo0xJ7lms%3D&sa=X&ved=2ahUKEwjut4uirKKNAxWRkq8BHa7xLJoQk8gLegQIHxAB&ictx=1&biw=360&bih=663&dpr=2#ebo=1
kkg65ij,https://www.google.com/search?sca_esv=f3357a1008beab26&sxsrf=AHTn8zrpkkHUK_YnjxrZKIFad-qFC4zJCw:1747204620084&q=dr+tannu+skin+clinic+reviews&uds=ABqPDvylT6E8-9io-rpUEQLseOvgQFUFzrpru82Ue1fWNlYA0lMheztgdlti58Wm5_yAObttTW3PUwTyej5V0a4_-EasPFYPLzKorWwI0Zb3tcSYPqR9IKFBjkdVhI4Dc_ibkN72qmCHzIjmZ4NdpLV42lzAuDVIGeuR3-pf5kq86cDYKlHmoH-eTzCCb2HzQ-miJRf3Rp7SFNKoOE1vEBFtVr4iBJ5wXO36d-CEIhjtYjCj2CH1mPNznII13geN3R8mBEjj2YC1e0Wp4z_L6Q63bIy4hrP-DE0wW78JUSI97L9xjI4e6O0UI0ZITAmIzN0m-ZEG6TORzo4-dGG3y0WI4rkVurvMGifThMMA9NVtAuBfY4F7ShAIQ1a-Fdzb7I5W1YiLiddElBtsINGH9gLv9tUuiN7TycDT2vzgVO4K0aGWaIJxuv_UQtAyfnfAZvq7Yy9Km4CS9hyFaqyKMWE3TV7Vs-wYED0dMxaAk77rotroqeeFxTzzwP0EvDqj2v4yFVR3glWVu8odO9pEzvbyTSt17kWXvUH5I_GMx2PrH3tkOtkD8XHiGcYG26OmFW5BG6uLdnnFD5pe8O9GsiHEh93Ygtv_oUN_XXHDTzOfNimthSmkhJ0kUs3b2bvwCGLh5Z-ogoWJ&si=APYL9btvhO6SAb8jF9HqTZMMa7vs_teLnZaEVrJZwRKFIIKjoQySkpZr7qugx9JgmOaK42Lu11xxs8REjTvwL8u5KDPR71OwtSm1lJAkYFl7c7Gqa4RcvZyiVT4f2YoMjiucXhN738CyOkjof3dlLnDnTW4O8rSVBw%3D%3D&sa=X&ved=2ahUKEwjWsOu1rKKNAxWwm68BHeDvDHEQk8gLegQIJRAB&ictx=1#ebo=2
hyj02fa,https://www.google.com/search?sca_esv=f3357a1008beab26&biw=1600&bih=739&sxsrf=AHTn8zpUJWXB4esaETv59gZJWLr74dGgwg:1747204674260&q=dudhbhate+dr+(mrs)+anagha+reviews&uds=ABqPDvzlamiEKu0cLp-23D4us-PMPfMvVmUUnIV7EnqsGHQZDc4S9P-PiydNp-0_D6VJzMyjeFKu5NlmddG3camHkB_iLEhdoMt083XtZpcs9FrCJ5VlhYsj9J4bPmyFmApWXMJyRdez0nP6-nB1iN1_hclR_m7HOiTFCZqoyxVj3gyJWF3JNRAQoVEi4uXLxR9otLSlsMYDDr2guEKmoP2Z9MKm0qMRfKZTuvkUWMZ_ftEmdSY2cE38oX-CZ63z9SiGqA2o3rcLqMCALNEiw8RC_U2Q5dG66DH8TBaym-mg47NUt_6DVgMTl_HItIn57YXRP8TUheF_Po1rsY1dnmxRisLyBNwcOWImW1ms576qnlOaULT5_UUohMkfUucLBaXiU2rSOVl4bMz8qJC89kHjpmgx6sUSPnx7iYOrq-B6Ubii_gARmfMNuohJWU2yYzN2MHAObvn_elGCuB036DamGYslyjWwKX4uY6_0eyYUFILSuTuwQrHww73VJViI27Re7OzCYhONw0dxL6M1bqOgnrfp5ZtXp6F8wN1b52sEHPTHUex9yR8&si=APYL9btvhO6SAb8jF9HqTZMMa7vs_teLnZaEVrJZwRKFIIKjoWzbfPqQkj2qT_ytKPEvs_qfbFbN9PcWGBYjijiQdCJDKzYmqnLa2m2dBQQXLM8LBVK_NmB_aDkr_vKPxGhR3_N4MRgL0IhmzTyRieONzzU-9Pkr0g%3D%3D&sa=X&ved=2ahUKEwjQ89XPrKKNAxWoamwGHXNVMPAQk8gLegQIJBAB&ictx=1#ebo=1
ymf97bi,"https://www.google.com/search?client=ms-android-oneplus-terr1-rso3&sca_esv=7ef50a9e6277aa59&hl=en-GB&cs=0&sxsrf=AHTn8zq5zESTWwcs-hfYz1w2iDrA3BOj2A:1747204722974&q=dr.+urvi%27s+skin,+hair+%26+laser+clinic+reviews&uds=ABqPDvz2EfJJNsWAAvfTeksqc3rlUkK3qIUjP8kJIkFj8A5Tw_UD_yUeYIvMkaUJGeKJwCSiGavdn7tP19l04-iaL2zfm-uhCcmjQJOIBPkEtN95B8IlHEz6imCyMBJci9NoEwPufx5JIWWWG6v_WYvK4lTxh1Tgi5CmjZhIMJNJ--IFLbALYM-tJPSIf2XKOb1sZuko-GnoeFjn6dtAa_0erfmyHA9TC3PZomCG82EdIGS9kT3yaNL9gHLyqjRdjHJ6IPe7FwP1HKqtr02TfrvSJze_2tleHGFQqhAGWB2Z0r_GMThVs1UvO5--ejYqbtuCOckrssz7rbCEpBE91207jaa_qExifHIl95NvdLHl1HcMBvMlNGA54-Ovfj3W-4_CBcwx4KNFKxFL9iIO_kRsYZ4yuWvIFzi3SDa6HBef0lDdgBGNtADoLNvrTpj3b9-kPP2j_IlnZpGM2wLMdBL16jKrJ8W0oLyUORegfh-eUtDt3wQSwAgf9sN72OUDzLPxLkK-m4jEH4F4pzHYXtVymu3KaJibnbQMmnvwn9L9MqWyv4LC3VheSi-bEIql9FB2o5x6DQmN&si=APYL9bs7Hg2KMLB-4tSoTdxuOx8BdRvHbByC_AuVpNyh0x2KzXl5dGF6GV4oVyTWUMWoiiZaXjysuDMhQr-Dq59wOtTXSWNrkx8Pu40K0auQXjxGQIwNLvCl2Z-PF5zaPIU8X5nI9xXsYVypSBkM1r3jYaO1NXMxWomzs-hqAIgT45_JcR7Kvew%3D&sa=X&ved=2ahUKEwjXnPPmrKKNAxXsT2cHHQRaJiIQk8gLegQIJBAB&ictx=1&biw=360&bih=663&dpr=2#ebo=1"
ofg88hr,https://www.google.com/search?client=ms-android-oneplus-terr1-rso3&sca_esv=50305bf398918de1&hl=en-GB&cs=0&sxsrf=AHTn8zr09kQzXp7mY_LQSMdrjaDfw2spxg:1747204782733&q=skinexperts+clinic+pune+reviews&uds=ABqPDvzRNQ-lI9GSwTxnJv8-wCo_O9zUvPhzbF5aYFd-IWAvYKgFMFUjRoojg69rthSEPZpmlqhIBqkQer3R7UcOm1CxZgkGeXqtbfg3kfX98qT9-QTKB16bQcVlQWoCoMl_xho7QPizt3FtBGitKUdqxQlHD1uskpckLURUdQNbusizNqaoDRvwtPNLl7hdXthkEJafFNE2uzikk3pM_mOkXXBN_qZYfKJrOAeSO82NdoxFKcoP1XeMYMIH_TddAC59xQYGo15lJke7wkg7zA0ZpBsor6H72e98GSf-L0htbZ6U1LwI_IImwCh5F-dA1JH2s9D_s4_Oe6qb3GBSvSQKUi_flrAk17lMsATKlAyHVZ-kXZGhQ9GnGerlv7UwtiKnwIiUKIKAM-L0_iE0grQsdAD_ITcwAF6_AB8t7OP0Yb2P_3klNzZoMKJqdF6ttFcABcjScsesJPprUvYciiC9wbIWolt21GgZuMAh008j2Ixt3RkIYnc&si=APYL9bs7Hg2KMLB-4tSoTdxuOx8BdRvHbByC_AuVpNyh0x2KzaT1EwnrVuTrUT_dNc0KHKCaDZD4teppPgteQx_kxupGPLdarZ6oWYq2HFtW7-ZkWeTMnOEkhv39QveI1NVN4AzIBbDocutrHJ-Oo12V1CRQVaB96A%3D%3D&sa=X&ved=2ahUKEwjg0bKDraKNAxWsR2wGHSUqI6oQk8gLegQIJhAB&ictx=1#ebo=1
xqy72lq,https://www.google.com/search?client=ms-android-oneplus-terr1-rso3&sca_esv=7ef50a9e6277aa59&hl=en-GB&sxsrf=AHTn8zrdqCHm-Uo9y75Kmi_YcWQEXokOuQ:1747204820310&q=dr.+manjusha+patil+%7C+mbbs+ddv+%7C+dermatologist+in+keshav+nagar+pune+reviews&uds=ABqPDvwR-UKW3fW8Fh1X4UKFx5j95ZS3TLxHyqr3aAslxE2L6dF1qYCw1PuRXg_7j_8HSQvy4kqPNQ0_ITJDemA7KqorDmUaZ311pIkUrLIfjrxI-TkB7o38pdzOtaw3nim9dlLEHZhGP3b6ruy-yWSXjdiqPlpM3yd8qsgDQq9hVLTKJVSLVbSjxQpHSfQ4YhoMcLIrIu3CYSoPoeBk5ispy5L4FYPs744NnQyN46b44MbhwS3F4wL4NIeoCDZTgwa54UOq2OEvBLiNVXDXbKx7DG6P0J_LIxy1aXeWR5QOE49rJMUOmvS_tLJw6EKFshKMTy0sdMjYLYLDozs-kUvzwOMfiAonpFAUCXRgLof45cCtCqAwHLXKV4b36kzmKuVEcTDtnSS-43eC3-yWpWfcvqwhS2lmf3DKtQJoq-j1m5lU7qgr1o2bNzkHZjHenhYCx6cI5BahhYvjdov9WfSixf0c47scfQ&si=APYL9bs7Hg2KMLB-4tSoTdxuOx8BdRvHbByC_AuVpNyh0x2KzfFfYSKAD9NF0UR__UPg9aASCDixelNXvSQp5Baq8bXj5RduUOHpDM8BQrg8CIYsgLSjmSa-UxBn83ck_r3ofzcZ6s0g-2NZZuZlgC1Tcl7c7atqlL-xJA1ka4CwNI-bo_IbzDbz37LQTtKBHPvCUiNw-m9okBgkePlIIKJ8svTq14U6aw%3D%3D&sa=X&ved=2ahUKEwiamKiVraKNAxXvUGcHHaYcAGEQk8gLegQIIhAB&ictx=1&stq=1&cs=0&lei=1DokaJreEu-hnesPprmAiAY#ebo=2
qhr04rz,https://www.google.com/search?client=ms-android-oneplus-terr1-rso3&sca_esv=7ef50a9e6277aa59&hl=en-GB&cs=0&sxsrf=AHTn8zoZMIkY9ZG8Tp6g5IN8poHjE_sLlQ:1747204943280&q=dr+shweta+mehta%27s+skin+care+clinic+reviews&uds=ABqPDvz2EfJJNsWAAvfTeksqc3rli-QvVQ30WzSveq9V3Rurz5w_hJzJsBNYI1k0z5wpTpvkhot-5Lo1QpUQpy-Vca046yAgjKWEVnwyFSyRlYxucJxpXxLYWpKJouA_S32wxYDEmgHQofhspEQ6hEOvulFCtrR_b4jBFFb_1b3e1iFsa43HE39V5LOuBxmVJbFbLgmafrSACRoR2A-LLOY3s01cdlAW1fv9qajh1A1NoPHbllHpTkBbKOJdoQiOVLcSmMSFxDE272HveSTJT2QO3dhJmZFqYfERKhCL28jpkGkGl2LErd6RYeJW96-gXMOBp8AYPXMHGMtfpIGyNraQRR0e93QmtDv8VrFYIoJ-LP8D08lhtkE9pxGM5rofHMz6O_Ff7fS553dcRnK0rUeOvJ-mQlU4984-bZ7BUgY-zjimKQkbLIXpPqkKYico6LhV8diirmRoY-I5Rfhqpui35fK3dqwncagafuuUjnC0r0qWsP--wAPlOE7dmlpQ1f-RR-oNBpWTehREx51c3py93POH8BX8hOPOllOvPM2GwR8Y5OQ27P8&si=APYL9bs7Hg2KMLB-4tSoTdxuOx8BdRvHbByC_AuVpNyh0x2KzfNy1EcOm30ZL328c3QnQcbDnXTx_dAgaWFXU5KWriun9MaqrVe4Kgz5wehv0L_Li7eU1Artoy2ABj-68KWiMhRqeepv3c6-v0yf1tviSOQ4X86CVsyr3aLv3x73-n629WRdYLY%3D&sa=X&ved=2ahUKEwjI2fnPraKNAxUGe2wGHfgHKIoQk8gLegQIJhAB&ictx=1&biw=360&bih=663&dpr=2#ebo=1
zsj86dm,https://www.google.com/search?sca_esv=8cb62c52412f1e47&sxsrf=AE3TifO2kBDV-W7kN1Mngvj4sKiLt_vmyw:1750315113951&si=AMgyJEtREmoPL4P1I5IDCfuA8gybfVI2d5Uj7QMwYCZHKDZ-E-q1_yqlggznhYnZGI-_R0TjwsyNBdDzmlLh-gbje7NgTwAiJfzeBsBlg3MavyuSkFpXdrJe2Lr7qQrpeHjNTyw-OIdryHc4fi_UklOJOZF8_sXczp6GycDvABVSAdaOaL05iQg%3D&q=Cuticure+Skin+And+Aesthetic+Clinic+Reviews&sa=X&ved=2ahUKEwinvvL07_yNAxWMi2MGHZFSLrMQ0bkNegQILhAD&biw=1280&bih=551&dpr=1.5
lfb59by,https://www.google.com/search?client=ms-android-oneplus-terr1-rso3&sca_esv=7ef50a9e6277aa59&hl=en-GB&cs=0&sxsrf=AHTn8zp87oVGe7ETzaDI2FQjativ3vrjZw:1747205144424&q=dr+(lt+col)+gautam+singh+mbbs+%26+md+(afmc+pune)+%7C+gk%27s+%7C+skin+specialist+%7C+nibm+%7C+undri+corinthian+reviews&uds=ABqPDvyVR21cZwKFQP_1gmL3t-H09OjtUH9PFtwSNqiH-Es5FQau_8A91N9YKpyxChobrvocWIMJrOQmFW3P3AK1jF1a9u1mQ2rWDzvKQDZGGVYxW_hAEsniq_m6mZsng8_shdOAuHX6QehFu3_Qt9CrvCkguS_-97x6z0Dm5aD_VfuQrCCPGwdGKcLGxUKdZO2hzvHxGm8ipZfleDl7Mxb77FRkOvtdbWx_VDgo1EmcrIgyxlIcLIwqbaABZYTDPHAZzwZsfuvy94zP5Fi4O5FJeHoDqgsfd6yhOgYIo-dtrF77pR1OxVbXKyf6I94l5XZI-F4S9HSF2A4o-pFlovIGznKgGNrEkMAnB5fjynDGjx9LPwyUL8aOSmhItDPJKM5HFU4LSwwIOHQCBQOyfdW8mDqr0LKYiJ-_eic42ISb1dKWtPODzwFNUwMDUcFtVJ1VDSiQi3TZ3sZJ-do0tlGM_H-27kHmK7JJRJi6G40Taz97-sywVGfhcrE2FuGFNQYFyE-y7aZl&si=APYL9bs7Hg2KMLB-4tSoTdxuOx8BdRvHbByC_AuVpNyh0x2KzWczQARVV1ujWGaW0TDqb2UyM8gmeteOGzRGFWPyRxGIbKPSy6NmrfUbpvF1LKhy3R1hgcqHRqBriZ4YWhfcytKYgLZlwh86IG0edD7HiIAH-1z5p1o4sXWc80MYLeWuSnQtVdt38No4ZO27U6y1Z9tU0WLcd26qVVArsvZbp_mQeBd4rJ25wMhHtDJTXOhcY5iCWYWk-ydZSySpNpIaW2vC9n_H&sa=X&ved=2ahUKEwjouu6vrqKNAxXYbGwGHUFfI_AQk8gLegQIIBAB&ictx=1#ebo=1
lrc12fy,https://www.google.com/search?sca_esv=896bc82726dbc1e3&hl=en-GB&gl=in&biw=355&bih=681&sxsrf=AHTn8zrO-xiZfR1BuoYRvvlsn9mtd7g5AA:1747205404400&q=dermaplast+aesthetic+clinic+%7C+best+dermatologist+in+kharadi+%7C+skin+specialist+in+kharadi+pune+reviews&uds=ABqPDvz4nCUw_UfXB3qAYXOJSvhLrZRxM2HBsFe0-9mmb1s73hbQfhjxUF0SEN31Dya6lGlvkfImeB-Jz20GxzCMfXTZrn5J8skjAsyQ8IGrO1ntKCM0ZBhsTrIotyh35zcyWK4erBKQZQZqO7lNGPyrVBLKq10Bn3uMrHI3p1g2DAi_YlloGrS6xN9lRsC6NflE7edg30B3aRaNyyTSr6bPPfvN6ClVZo-jFmPL4Ar7BlkB1giaJWU1RfKGiT8kG1Lpk6YO5IsdsEcsl4TpDiqoasFycCtdyWMaiC3fPE5eUFpSqoX3R7XFx8posYbxlHjXTenSSVRwc10kU4VPhGlAzIF268cdnKzxpHQ6cudMzs_2U2UUW9OIBDdsHSZobUGGCjPzP5zcnz3qDAP0Tcf0qYRjuRyvk1Ulc9MC_pzWOi8XiLT_Gr21OhXAwZuoJMA7ddP1lFUYXpOnJ5lPnykEPGsghEglDEuWSP17OyPJsdcVMDwiT6WDKfW9xyhwrBlh_plVSr1Vta42g4xxNC8Vi9fLj7H-Xs_UdPm_N-7giKbTvg8wKSM&si=APYL9bs7Hg2KMLB-4tSoTdxuOx8BdRvHbByC_AuVpNyh0x2Kzcv9icSrRkLJwy_47hU8tWgwZCpa_KnuHwso2AwmCjtyPT6DCiaJr51pdOoxcZsnyxjifhK45_ea60iFf7zvqvzcawV1Kr4jMZ_0u5ZKMk023aXqa2cKkLZnb9msDalvzfwBVkHknNCalCPLYPLLFsvHzyXD-30bEgq9uSpF_du7Xx-vdHMcqvJewxWPbtkXfKEcHsE%3D&sa=X&ved=2ahUKEwi4mOqrr6KNAxXeS2wGHacXHPgQk8gLegQIIxAB&ictx=1#ebo=1
ewj41bf,https://www.google.com/search?client=ms-android-oneplus-terr1-rso3&sca_esv=7ef50a9e6277aa59&hl=en-GB&cs=0&sxsrf=AHTn8zrNQs-FkRMLMI3BdU8bHzKmhb8bcQ:1747205476801&q=dr+rangoli+jirwankar+reviews&uds=ABqPDvx5V76iH8bhTAriTfncUxnTQueGO7LY08jieRxy4WwA_jlayWnVx9QQewNUEgAQAIsRxpeoWnDkHj_uIiy12d9kuYA7fHXw8gB57j7n1aiBkcQuT9s7lO-IYrIL6VM_mgptFXBVc5BfrBFiSCT-WtNmEi6puL4jHvyJh98YY6YtSOWnc7b0Rjcdj1_WWAZSzpw2bQgMzGTbowAJr4BoGn6I9pe5j3yZt_8VKY2v8wOdKbNq5WItnn_4fems1w6yLqg7uFNWywtostEGuYlWvwWcOeIJ18coKMBONPpVHNf6n6CW2Q402wVHUir4LV3iM8-gA_4ErdyjnZUnO7J7tyvBi9Kk8wDsJZTbV1tUdmHNv_1eDrKJF5osyk9-hrk45171szM3IHAPl8ngY-ZUf00NFhsJ8o5yLxlzB_HPYHHe17SlT9mbKKgMgG-WL3xoVDtE2MVVx5j4QzMvYoq5NEM3kqqgtZzayGX-FUxRGHeTngoek3GyjF1lrJ4wNlMNuWhLvWgaI_ZI0szNs2J-KvZW18aQDq8m_F0JzGDMeh8Pg8vw74Gl9RAt8H-IUqGjftqGWwTZ&si=APYL9bs7Hg2KMLB-4tSoTdxuOx8BdRvHbByC_AuVpNyh0x2KzWgQLj0ITSlIOUD28mOov0lFdmhOSFJtPFELGm88pvaQiZ3sgkz39RnyqsLrLzCqOVtaWJCsNVi_8V9Axe81XSJ1deOA0o50ci0Mht9SBdypc2yUaw%3D%3D&sa=X&ved=2ahUKEwiJnK3Or6KNAxVOcGwGHXMcBG8Qk8gLegQIJhAB&ictx=1&biw=360&bih=663&dpr=2#ebo=1
eoi53pu,https://www.google.com/search?sca_esv=2666264f46ac7bd6&rlz=1C1CHZN_enIN1087IN1087&sxsrf=AHTn8zpo6uwfFpB0zdXX87LU7Ywg7lVFfQ:1747205530932&q=skin+focus+skin+hair+and+nail+laser+clinic+pune+reviews&uds=ABqPDvyj-jbkc7xwZbIODJSaaF_UZgOCKo3aoJqpIasC7rno0YnXlE5XR4VKt-WNeIFToIfdmP0lruMOvMAotKhUZJ7bYrLjpu7hlEIEWlmw8EhHbu4Jx1fWO-kzv5mh6HyLl4xuKF6sZ_KwoRcKFNGIFNo-67CovJ3F_E8WFW6p8xMZo5E0JCHCc2CSrgBOf5cpkxBGp-OlKYKBp7fHcmJvLUVf8KQEqxwYA7rPjsOI9o_UlKqgEH88WM75KcuBkC6vXxKLF9JAmdBq4bJMYse6ds48r5x-llE5DcVzJbosicXqcMjgXRYUMfIILVfauR4ZethMmcJbRiYGqB_XVokAm-nTnRxQTYu7fN0IgJFEFeE6esNg7LNAr3G3II5zFoI3ko3fVTawo0UAEx37RL-cv_q72pPsu6A-cdo8yHZ5dEkF_sggc4fFVPIskcOXqTSoOatEG7R6QnKcDV20Ozg4ESXcKFx5fGj8J350KFMPN6olMW4Bo3HvBf_vl4aQ0IIF4Q2GX9bsECsGlCKfQnyuX8ZBxfv1cBC1czCNuHm1uN0fEbE6qp6Xwnv_6LUMmeSqSGqMIi5KwWMJs5BvWZDqfgOIb3uNQSBiH1TxXxz8zjZLqa7VAo4&si=APYL9bs7Hg2KMLB-4tSoTdxuOx8BdRvHbByC_AuVpNyh0x2KzdQan62jsiXV31FqP3wAzHmqx2fP4T8Tj3KF5fqRDQDmNyb4-uT8k6gWHd28nwlVLmBYqSStxvsWPgM6_KPcCKME9UbLAdN5N6ixOD8apOPl6Io6rWcS2zydUyeOKNKpME-dOVQ%3D&sa=X&ved=2ahUKEwjNjJXor6KNAxVqamwGHWmdEnQQk8gLegQIGhAB&ictx=1&biw=360&bih=663&dpr=2#ebo=1
jly63ti,https://www.google.com/search?client=ms-android-oneplus-terr1-rso3&sca_esv=7ef50a9e6277aa59&hl=en-GB&cs=0&sxsrf=AHTn8zo6oDF76wWS9uaMvHNyaBem0mAzIw:1747205573593&q=dr.+palak+deshmukhs+skin+%26+hair+solutions+pune+reviews&uds=ABqPDvxJ1uorv1DnFC6RiIHd1wzIifwLKhVoTrpv1TzYk7vPGNy8DUreISx9kV8AgwlKr3Oi5gW6gR-Dtta6zrHMF1cC4I17arw1b_KM1kZB5N7i9RBGYGhI5QLag4L-fhRv2YxhamFsSHPzuPCW3tAGpTDaCKsgwBQuH-zmvzL2L66hr4AQpiYLB9FsSCPd40sOTk8cmoNiR4GCzsLqopXi8RrDRAVz9xhWG-2dfO85sQ8t2axk-TbP5PrgVWfYzxrG4ej7VPmM9pVV9Ke-RMOv7OACzXMEogcCV-lWFlGibGF5KA4FK0aIrA0qGhJd4qHzoTKrT6rmwljElF1hzmF0UYMyajMpDwgdQPvG23cXQqVW-M3Xklkpr4tU7_6VOJfekRockcwt93b01sKDG3DyLLQgDaD1nORcsFlRlJByxZ04ovYc6Lozva0hmhBJyqzN3Bov_ddXRoJN8H8WqInu052KjywDHeGUiwllHILeTJq6aQtf8lMg49JplMGzkrHGWafeSg67&si=APYL9bs7Hg2KMLB-4tSoTdxuOx8BdRvHbByC_AuVpNyh0x2KzcLwtdWrttjxdUwy1vJBTPCeMNR6TcVUSoE2PtsMCslY4rVgswvnfn4ylrSQPswqxA_rE2BMv7g2svoWiTV7BJZsppDyVJ5uq1DdYSyHMq3BB3-CdiKmKboregZoVeEFdZgT3Aw%3D&sa=X&ved=2ahUKEwiR_cD8r6KNAxW_T2wGHZWdIl8Qk8gLegQIJRAB&ictx=1&biw=360&bih=663&dpr=2#ebo=1
qfh58ls,https://www.google.com/search?client=ms-android-oneplus-terr1-rso3&sca_esv=896bc82726dbc1e3&hl=en-GB&cs=0&sxsrf=AHTn8zr1eleouxLPzJE8GU-QJF4VeR8P9A:1747205621807&q=tattvam+clinic+reviews&uds=ABqPDvzGKNyYFE1Qij9iykNkuplaXF670apMUeRTBCO_zyHv8usjDpjr9jcj2VSflkFygJCaRTkkohR3kA2Tg3hK8LTWM68moEsUwjAl2ZZpGBO2_Sf23QbA2koEQEHQa2hCFOR8L5wqw52zlCyMTFHQgiOy5GPY4rUltWaj7ZBVmWYJXbcr6-cXPdVS2DXApsbSta2kZ4rg8qelwEzMkyJgzCo5heRGYTbLCbj5XVyGFqIY81tRQfiyo7td6zL36b9qWmll5MusW-vIlBwl-zmFPEdRP-WX2rI7xb-iRNb_gRcig8jFMyO3lvsFzLlgsKYyyZo3QCwv9uiafrFaEYG-M5qMOL_Tp46UcST9IYkWPoaR1jdGZvYLjbNhArkARscrt_sS7EzH&si=APYL9bs7Hg2KMLB-4tSoTdxuOx8BdRvHbByC_AuVpNyh0x2Kzdt8g2OD7zr8ZPudsf7rf-Rb8hrO6kcKNMXFy1xCn0iA7OBnllyIc5I-VT_pCzAxn0frhKV1aWEc0SnObzEwUmhXO7iR&sa=X&ved=2ahUKEwj817-TsKKNAxWiTGwGHX5ZCSoQk8gLegQIIhAB&ictx=1&biw=360&bih=663&dpr=2#ebo=1
vcf97is,https://www.google.com/search?client=ms-android-oneplus-terr1-rso3&sca_esv=177fae3e0b1a050b&hl=en-GB&cs=0&sxsrf=AHTn8zoYNOLzVh0Uc6xJBnEa4XzwYkRrxw:1747205739366&q=shakambarri+skin+%26+hair+clinic+pune+reviews&uds=ABqPDvznwVmRZ6Uexi1wTBQKkDRovgV690zGRmeqMF18rYLQGO5GEZVmybIZyy1OBmn780c8qJ2WQ1W9l5nzzOJqn1pjfscGQf81ffAvtWYOYjY2GytGLBPbS2WDrzjsDwJCTvmaDhfAqaA3pzpEQCktVEEUbOgGuakdYu2i1Qv6_lSid4u9i67RdebkbBn_1Adh8jBUURXrzchFM7E_eEbellGbs7PtPGdZv_LF8vkIwx7psiNH-n0DEC_PHH8v9ooq8QD9KcFzAwBHSBY__znYjHFDUVmHkRmxZoQp67mIxJf_dzYkXWnzFNtSgs6YZU-FIqL4rqsClemOQMDMiNvQxPkXRwI27VdpYiQBwjMBMEveV-ot1G73F6SpdChbHNQBboNSScuVlxnwQ0GM7hy4VVkvaFycg6ZZ3vQuJKe0bYtwnc7X9WVO-oyfJCMh629Zzqcpeiw_xbIFp9EEmdlljcbR5Ym8lrthvWkTG1_Y1rlHbRXvFWsTERW_K0nqbJb8ZMT4z2U_JxucVbTSIbb9VcxL-PKlZKJywxVv2jfCj332kRObxDc&si=APYL9bs7Hg2KMLB-4tSoTdxuOx8BdRvHbByC_AuVpNyh0x2KzVCc1fJ5xf1J7TKVrmLzZLP5fLHebCov-X1UjqmiVAtVe2YLgANQnIwTMSxiiBA48Aku_UkuLC5xNuEcAB5nXRIQQA_7o8nBa7LYVKjYQaN4tX6cNRM5bT9qKbSwQXdXJ1yKIyw%3D&sa=X&ved=2ahUKEwio7MbLsKKNAxUGe2wGHfgHKIoQk8gLegQIJBAB&ictx=1#ebo=2
lqg30ns,https://www.google.com/search?client=ms-android-oneplus-terr1-rso3&sca_esv=7ef50a9e6277aa59&hl=en-GB&cs=0&sxsrf=AHTn8zp1xAak5D2S2gw4PhZ3WQXPZVmOWw:1747205826522&q=aashay+the+skin+clinic+reviews&uds=ABqPDvxSfY--o3G7Uy5K3aDZHEYqivl2wrqG5LfwCMEqclov7eXL0dLnYMvbK48cjTtKSygq3H7He955QrA-Deom42uGqt_GvhTFPXn1GIaL8-SIKLmE3sMzNdjeXj4PBSdPh5OaucbYbCoUZgEKa7O2xE2eXCUAO54ldqAEthd3IoOgtDHAC2Hvw2-tOCeqSA0qODLDF7_N5VFK_4JxeqpgdgRiwttzRyscdFFwScO-VvUso7OpcOYFHpuVJb23NPE_GwiPjSCUiGbht8XYEG4hWpoVQr93ZTJINPYSTH_AZhLb9jXk5P40o__yAy1vditvwLX2rwP27w3rKTyGq66sQjJv9G07gVe6zkzvdwLQqJdZpZtw0gG1I5xH1aUsoDS-rpx80d-gOp_sVIO87uMKX5ZfFypTLIlDdrllcJTJV0tpcYWd8gVaCNTn_EuhVVorp0Vxx4w2OR63sguc8JWCx593-q1nkg&si=APYL9bs7Hg2KMLB-4tSoTdxuOx8BdRvHbByC_AuVpNyh0x2KzdDvJmYrCn4jONL-LzxbRtO7XSpnwZbL59wTs3MgJGd3rmzyvPaQN8qc71BaQcY7E8gRqu57JYwA8DD0cdI8SZut2R8Snwf1x_IJD8oj_s2BRhFWPA%3D%3D&sa=X&ved=2ahUKEwjruY71sKKNAxWTRmwGHW2OK4AQk8gLegQIJhAB&ictx=1&biw=360&bih=663&dpr=2#ebo=1
ufq36hq,"https://www.google.com/search?client=ms-android-oneplus-terr1-rso3&sca_esv=7ef50a9e6277aa59&hl=en-GB&sxsrf=AHTn8zpzHSjgXfaNodblANtTmJ3FKeQhaQ:1747205866228&q=dr+rahul+r+patil+%7C+mbbs,+md,+dvd+%7C+laser+%7C+skin+specialist+in+kharadi+pune+reviews&uds=ABqPDvzo1u3ipG6I2PCbn5hB8G3pSJbhfy25xBn9u3YGRy006hCQ0UxjvM6CjRoLNwcjNfbMZfQFKVKGOaHGfYn_G-o4TYoYHOa4cYXXk0XLD4YUpvVanDX4716iVxXZO_ORBJQSQ12j4uych6aG-SDBhAuLTG-iERTGFlf8PotmEgEKU--8rgEddufBLuM-Cd4s86t4DUkj84Qh5fC_eUHEj08D8OH8LcJDj51jxYB1uBrV83AfkKb0C7T48vYjRrvxDfyFvrzkxWGV2ImlBsT8YoOX7RBJ78Xxrx375UPuQSsgN1UrTgwaKE_20WvrousB7l_YmnnvMwbbz2YV-fTrWn0eQTLT-LDH-OZ2i3HCJeUJcmCAN3bUXZIRkG3Tbfkh3W-mnS4RJwEAuVbRbhpfsfm_b3CXQLAHUn32uwRxpbP4t4R1ECuMYLq3JB4yboPPFup-e4ggPlvgXfMnb8wggSt9zB08Kxox8_pEfguayxvE69kc55J-JXM6weo69taIl5vp0hrnPCg_TM3EZEQ3OqQCVS_GNA&si=APYL9bs7Hg2KMLB-4tSoTdxuOx8BdRvHbByC_AuVpNyh0x2KzR6jx20Yj3yOYX8qH11tjUqX5a-AqEArcOEURiSsbWyKvIG7btbDYCG4sxqSBDppL10QUSlW1UVdkZALhVGIgR8hEt4hON8P_6Ql9U0Us43a9y51Ibtz6T47_G2NEZJMJ3OaWw4tp1CxIRrgYdyjusVjyj_MKEW7N_QipRpcxy3ep0lRkw%3D%3D&sa=X&ved=2ahUKEwjq-IWIsaKNAxW5cfUHHb4aEd8Qk8gLegQIJBAB&ictx=1&stq=1&cs=0&lei=6j4kaOrbDbnj1e8PvrXE-A0#ebo=1"
snm20gq,"https://www.google.com/search?sca_esv=4e469c944832bccb&rlz=1C1CHZN_enIN1087IN1087&sxsrf=AHTn8zouWoIsFLgMikvgewVAuqZMW9PJAQ:1747206015378&q=shradha+pimples,skin+and+laser+clinic+lonand+reviews&uds=ABqPDvzg_fIg0wh3ydDy1inMwPwLMArcAqHqjoCChDpxyvAJZQ951RKUR3dmGQ65arNR4WtdLwtzMRSHSRSxwdi96C44y6wDV2IQuxJeO1ZTaZDy7WNTqYTOtam_R5-37NQpC33-dFRnyvBxjmadRodXC7kECI8nHewZyouvuGw2ufkjCfgoxKCZFjVIYNJ1JE9EwmDw4iC0oi20Dk7pb-nN4jzzYwtJk2NVBaBTD2MNrzmcOvPYovfw7cyRn1fDdD_7saSyPdZGv6tkWiaGr48_s7uQMYPjOKRnBCkvXilUdYYjKBHsarCzuFLYGljJWvxFSm5Y7lQcWUrvXZqLyKoHSNKNKDw6SuW7bmPOjTQCbi1zUqeVlAXTvaV2rRWfin-bYescv8gm&si=APYL9bs7Hg2KMLB-4tSoTdxuOx8BdRvHbByC_AuVpNyh0x2KzTyIz3_Kzuy9rt-TbFmIOUWeP8gC5t_jcQenxQSAMQtdkjgAmXNSCOFlbEl10WfdkbZFCuOXv1sPYPZQypEz4Z3kGVxQyKSZxH52b5L28dpMjy14y7yx7c5dT-he9mwZw04rGck%3D&sa=X&ved=2ahUKEwivqpXPsaKNAxXXi68BHXXkEywQk8gLegQIGxAB&ictx=1&biw=360&bih=663&dpr=2#ebo=2"
tfv71mj,"https://www.google.com/search?client=ms-android-oneplus-terr1-rso3&sca_esv=896bc82726dbc1e3&hl=en-GB&cs=0&sxsrf=AHTn8zqXm-78RBno4KIf64U_SXd63V0_pw:1747206061803&q=ankur+skin+clinic(dr+varsha+jamale),+md+in+dermatology+karad+reviews&uds=ABqPDvzlszQSUJZhQeMnFFGqtddS4Fw_tMnNp0bDFicBcKsOdh1UGKhWEJiQUfEiFYXqj2sBvgO5sNsvHKvjqwBmNpw9Fab7Qocmlq-w1KFE44Lb0jnkP89KKjn1kkoeM8JPVwqdpQ4rXELBWQFb9iT5Le0V6s6c_Bc5cAwm8oIaJUwJthsL1Ku3SMSnLLrYstfIAk10efce5VXcntLzJC2coQHNYH1OhalQ1KSlTsKSgJsj20sR_bRWdgoRhRjjllJHmiXutm7iXlIa_9Vv_OD5zz4DUR4Y6UMAjfwn2VgjRoNufHWF0LAS__sgMrCYdtaC5-eHfEY2d-Qw35SCL2Dq1zq71P5Bo4z_CGnsjE0Cy7LjFQejStwp9csTI-I3OvXta2cYElIo-lq5R4zATU6EoNGVSKDSvQ-4Nj0zENsEGrTIe-sJ-Al-nHebr1vfMMg3nf0F0I4g&si=APYL9bs7Hg2KMLB-4tSoTdxuOx8BdRvHbByC_AuVpNyh0x2KzSGgCjqsZJTVYN99ic_jPICrBprRZrAUZBCQ6wZICsBr6bbSbTRSt_9ol6Ks0D_bzVaYAH4K-I3Xq0jRnTGLF4Q-V2LyF1dQ7akgIA2Mn0EQxfDMYrHQHH8DCUlsUGQwKmvwoL7vLHxSyzsqWz4TByjGCP04&sa=X&ved=2ahUKEwip9ablsaKNAxWimq8BHZgbC3AQk8gLegQIIhAB&ictx=1&biw=360&bih=663&dpr=2#ebo=1"
swy63lm,https://www.google.com/search?client=ms-android-oneplus-terr1-rso3&sca_esv=896bc82726dbc1e3&hl=en-GB&cs=0&biw=355&bih=681&sxsrf=AHTn8zpeS1B5KmdGbB9xah_0WjVoJrTdEg:1747206095419&q=dr+sushama+gharge+clinic+reviews&uds=ABqPDvw8hOfrMq6fHksN4NiANQ5YY0vTXbt5uKDq1Abi391h3R6p4J5Hlu8PYFsYavfWrkH_h-RQttMx59cl8RAIU_ZTZCsGf5LL_dpuEgRAcBWkoMwG3UmW3Aw4QwN5jYB-lBjrypB8Gtz2rASaCM3KPacP9HdowHgd3WuW1q35NlhF3KlVyefYRlzBBdFlntMG20Rw6fOcwl7sGivZxvzcpgkBD3x3TW5YsynyS9_q6Gep_5amWY6H1LDzTtqRIH44IEROErpIRYJ6cb-4RdeL1l5U6pzCza4pb3r31Fc8qmZYfHJZB_vcabv8jSqwuAn9T8iyT5UClEwSBMZIJDT-Sm-dfehDwdD938a9ihhRksm6bTyG-KARj6l_netFHFeXM3UMWYgVM_smH8tnSTfNWsSrwnPliw&si=APYL9bs7Hg2KMLB-4tSoTdxuOx8BdRvHbByC_AuVpNyh0x2KzbR3CAmYCTyHRrMQKr3jxMW98GSSLx217REaoES-u2NDO9UzZ37sOC-1Z97ka9wD8f2VHtNAwXYjDmtG4m5gC9lz20WnbGzmnFIVVinBVemwJMTQ8w%3D%3D&sa=X&ved=2ahUKEwj81ar1saKNAxXenK8BHTBBBV0Qk8gLegQIIRAB&ictx=1#ebo=1
rpw80sx,https://www.google.com/search?client=ms-android-oneplus-terr1-rso3&sca_esv=896bc82726dbc1e3&hl=en-GB&cs=0&biw=355&bih=681&sxsrf=AHTn8zoecUwCRfqA8n1STQ5hMSMkDlOVAg:1747206137214&q=dr.+kiran+jagtap+reviews&uds=ABqPDvxO-_MrqVUTz5RREd2TXpoW4-i7RHJYAgusOqspMboNpLHIidmnas1EaScZ615H9d58-nhGKk2MBOXxxY30qwYMltlr3CdDQ7fpiNwo0Pf9LMNGcJQJGSDPGAT4l4mSSmScCYFmA4Mt8dfxT1kW79u7FmtoxEzTmJQO8-XN9rKnJB8PLxjBiHtxB8C_spBcxYhtRfmsSp-A1jWQiSyav-KwEyrwsbKNV8L6T38y82omV0SeH1zemtN0LsKnDBm_8CRPmexRZ0YIQDynjek5ETS05JQmsr-SmXwlGa4RdjWCByv_N4zSQ5H0yzMWGUu-RYCMAh3tY53MdeQEM57X4dGKms0Ya-jQ0m8ix9cyMM1Szc8aywmCI_PIXvPeTwbTsKlFmxTR&si=APYL9bs7Hg2KMLB-4tSoTdxuOx8BdRvHbByC_AuVpNyh0x2KzTkqPFxoCp25s1uWS4JwgIe96eqLWTyCM3n0ow-iCrm5NHmdkeXfkD6iw_bpE3z1L1t75lVwlO4_PlLxzIU9cji6-6Bbfta_5GEA7oI4uyaeYSaYCg%3D%3D&sa=X&ved=2ahUKEwiPz6GJsqKNAxVOmq8BHQ56OIMQk8gLegQIIhAB&ictx=1#ebo=1
umx15fl,https://www.google.com/search?client=ms-android-oneplus-terr1-rso3&sca_esv=896bc82726dbc1e3&hl=en-GB&biw=355&bih=681&sxsrf=AHTn8zrUCRvMhGkmWeuKq-Lh-Mc8_7HQBA:1747206172253&q=dr.+mohan+patil+and+dr+rohan+skin+clinic+and+dental+clinic+satara+reviews&uds=ABqPDvz2wcTqZRofjBGVZmtjv-Ozgr6WT5TM0QNlQjah-NKaoL2VpLuV9wDytkFwSyyMBpZlL2_P8Ouz6DZ_45k4JA8IumhbpVpb-ZaoBgGUCvpRb1PbbwnfYi-pWjZTQ2p6R0msWphGzUxT8fUUZE2_dwrpiJsYD4aBLLF-lAaHJRon3wJJW1yvm7UqCStvGDez6jxCzfRRmC4pVDcZMdPNybSFbBjRSkEog28QrdAEXlRfYjddota_IPH3BF3rifdetYXA8da2RdUWXnsmT97XuWqK3IAZap3Rvc99jq7BdfbZFA2bDOK394UkTFQMoD5hbLOOzXnleQQ3FlBAEimSxLd3bJY26XVQ8eAk_v44Ia4VIEzw0WYg6W2luKRUQBgelqnIG9G0vBke-dnah8mLkJ5EeQW-GZEgsVgvbK2JhLqgPoWxhco1XAz3r2ZBMkoN9gMxRQrB&si=APYL9bs7Hg2KMLB-4tSoTdxuOx8BdRvHbByC_AuVpNyh0x2KzQ8MjIxqvKUTzEXtpfUTGuKcZWgWjXDfrMggJuH1AOu5Bukqsff71aPgbpuxl6YPbFPngdaPqjHd6DxYuuTU5CTuNIl6YZK9pFzVmOFxE_LBM_hpEKd6w02VRBaOXLxul9h7r_ptYpxtFQI_K16t1OTsU1UdZMpCNHkfPY-LxhjOyhKDqw%3D%3D&sa=X&ved=2ahUKEwi2nfyZsqKNAxUPb_UHHXO_OT0Qk8gLegQIIRAB&ictx=1&stq=1&cs=0&lei=HEAkaLafD4_e1e8P8_7m6QM#ebo=1
kxa03rg,https://www.google.com/search?client=ms-android-oneplus-terr1-rso3&sca_esv=896bc82726dbc1e3&hl=en-GB&cs=0&biw=355&bih=681&sxsrf=AHTn8zqmX49t1vT7gvPz2TEVNAbI4z5lQw:1747206267799&q=dr+mahajans+skincare+clinic+satara+reviews&uds=ABqPDvz2EfJJNsWAAvfTeksqc3rlnqbzPGMfdTCHoe7mr3Us0yPUmuput_2Qn4fGmc1_7bO-AxuRsmfvtYVvFYtGClXVcX-T1GrqRF9IwVghUsE5gaVJy-emdqgUaq5WRlcJQczqS-fhrC1W02Q2sCga-GwlaoQeuq8t4DthGMpcIr55X7hmfcKaZy3rYyvubm8CshpUBAMGQmGy_LCwl9F09_9TJSQ6pa_ZWZefNTiHe9wSs1lJ-boNLllgw-s6oqKq8NG_u18BSAUz178njiwWZMYTniwgoRaayG8Et7d1EjJNSO1-wnaBkE-YeHIFARv8oHdcXPN13AV4TBsGnslfwKh4p-kJy0hvaniW97AC86_3_vQItLBj2CqnzaSxDN3wdzcOpors2wNlul9FTGr73RbgBDi2I4apfG7C_ls4KP37c52o7M0EuSYNL8ahO6_DYpoIq0lz5i6JvkgsajOrH0reJw_EOCsGtoXPXffmNk19cmGIRS3lbllDioW2JL74HcneIgy7py74z74Qyejh-NvFkoOhcHXsmw9Ji0BLVlEBKwBfdLk&si=APYL9bs7Hg2KMLB-4tSoTdxuOx8BdRvHbByC_AuVpNyh0x2KzQDxkDwWKHoVmKzX-o45M__tPsl3e9jaZFGWnwLe7LxIvtbHa-pNWtaAtcA0wbJu-9q9X6SqcbgDfLxBpsj6dqFQMM0NQ3LHL86_I4FHYDnpd8PX4HvFCH3nxNivwl9U__iwRrU%3D&sa=X&ved=2ahUKEwiO9MPHsqKNAxXfnK8BHReKIgsQk8gLegQIJhAB&ictx=1#ebo=1
hrr82ku,https://www.google.com/search?sca_esv=896bc82726dbc1e3&hl=en-GB&gl=in&sxsrf=AHTn8zo2oC7nvWr3Vec8mR66r5gjJLi5cg:1747206342899&q=dr+bangar%27s+smile+%27o%27+skin+(skin+and+dental+clinic)+pune+reviews&uds=ABqPDvy9aWg9HyRtS74R-5TJv_X7hHet9-mXt6lTPwUnqDjWez--NmccvxdMMBfQyzpe5ms85ypyVBzwAsKPcSH_JxhSPHTVKlKYwlvXJ6z3v2VJRpKap5bpjqtoAb4kIQxa-ziUG-XJlnDL4l1Hg7auTdok_cydKdA1i4LZu_IG2sxo2A9q-rxpqc3mK537ULeo3kAUDMR58BHHA0BxJJuBKneo5V7RDpRrJg4cW-hPFSua7PTWgWYQKFsVg_DGJSYEOmtfa4aYiXXjAqZNFlA-VACUME4J2NclzsgBwbR7kNIj3yp4J0YyX-_AkXuz6bzuz8fv8H7DsHi9UJC5UiNM4H6cpswFOeaUs_PSBoyi1Ap-mH-QSyZCqV3JV44d6ysTbIqhFpNzpH0gWOn9rBhKXG3qvtap8OqDhurKnEc3nWvlaKQHgwYs44d_YsokXreGMv8AqL21rdR7w30AZv2owBdOwym7lh_flCXEuz5LhzMVbuHKM9-lShp4no7uLh2KIgYKeo6qOWDo3vKWr9pMl_SQKeuria2X6eG1mUGc8Z63k-d_6x_MGcVzeCig2tTOnZSwGgRQ&si=APYL9bs7Hg2KMLB-4tSoTdxuOx8BdRvHbByC_AuVpNyh0x2KzdsV7JEMs8IyKqOOjdPlv37vmZuquRdo97GxFtxLqtGGdRqA6Yk2Gs0RSlLIgP35g2EOYPZVTjpdQA3s1sg6UW2JWAYq_Txv025934qIUiYPmqXgCoyvKo0l8GFsnxYZDOpAt6Wpp4dri-SRYNBjqzGC9nod&sa=X&ved=2ahUKEwjdxavrsqKNAxXNoK8BHcQ2JgQQk8gLegQIJBAB&ictx=1&biw=360&bih=663&dpr=2#ebo=2
gsh05al,https://www.google.com/search?client=ms-android-oneplus-terr1-rso3&sca_esv=896bc82726dbc1e3&hl=en-GB&sxsrf=AHTn8zoJi5KIKtCwhRjvhwuNuJ9QrsLFHQ:1747206532562&q=dr.shinde+skin+clinic-+dr.+tushar+shinde+reviews&uds=ABqPDvzwujFV_JTed0fVR0URNP4mor0DouOubEf8C2SY5RzmOg9hsS-qnb-RrJ-ZKjQuihTrj-fdPY0GTHllcCDa6QGkdwdTZUuT8xe43AyRoF65ySeOm9kR7maGejcgxDVwKw4tMLr_NeUQGw_KCoe6JprAnp6lLv4YywUcSo_mWUg2EtHS8nk0MRf6Oh97PYHJ-LTSFHdejxhKaq_S10Bz8WwzjEgSs6gWIEhlpqnDDTG_KbkOL8BCP_SVuDTLYvny3lSvNT1y0A7eEctdo4IDL_rSLIKy4Qm_YLVlWzza3Ux0CauNMfabfFCMaRIEn6X7ALBCfXu3ipgZKHZpXdHCRLN0UozwbyxkCD_jkVfyxebWcDgipYV1-836FohA-DY2LxeXtiBwenMLYYFMViEnP1VoqELzkUHmBNLfQcDjCkucQuDkS98&si=APYL9bs7Hg2KMLB-4tSoTdxuOx8BdRvHbByC_AuVpNyh0x2KzTDcFYZL9_fgK4hZyTX2RW910xQambXO54_dvm8dDzkbWTm0DlT4luBlW5mmfSVmrOzP9siq6yG5BCVpCwl1jJyLSiI8wcWY9udgZI_W9ZnjfoejOMbiZNB-tgiM2rNSuHewktg%3D&sa=X&ved=2ahUKEwjJ4OPFs6KNAxUqia8BHcMKNXEQk8gLegQIIBAB&ictx=1&stq=1&cs=0&lei=hEEkaMmOIqqSvr0Pw5XUiQc#ebo=1
ewm28tx,https://www.google.com/search?sca_esv=896bc82726dbc1e3&hl=en-GB&gl=in&sxsrf=AE3TifPHlWLE_A7Bd_HOOGO8WnYBokl07A:1750246023996&si=AMgyJEtREmoPL4P1I5IDCfuA8gybfVI2d5Uj7QMwYCZHKDZ-E86p0Kdu-AdwgdPmMXU_yYPXnevXkjWoccWMUFkRdSpZpnl-sKdz0g6EeQNz1_5TK5uGqD43P8B2HmWaA4GgSeN0-MkpDggB0sDli83Veeeuv17ahcg7WALFJwgrTkUZZJpkODKbfZARqeyn9v1aixcQjwmE&q=Dr+Sarwade%27s+Gynaec+%26+Skin+Clinic+%28Pimple+Gurav%29+Reviews&sa=X&ved=2ahUKEwjUnJ7E7vqNAxWOxzgGHfUNCLwQ0bkNegQIIRAD&biw=1280&bih=551&dpr=1.5
rlf70kj,https://www.google.com/search?client=ms-android-oneplus-terr1-rso3&sca_esv=896bc82726dbc1e3&hl=en-GB&sxsrf=AHTn8zoBqp1c1qq_EYvRkPJmMxYgXaW1Ag:1747206651745&q=dr+rashmi+gujalwar+reviews&uds=ABqPDvz7_2JvUSQSOCs2Nd7SFrcfbYuN6pniDFN1SQb42qy80zOywN3MLcaQvYl98ws1p_5ibX47aSl_Nx9ozExbgLg7eLFLgJIGbFMuD_0PNgPYFgVPuv6gVK849kMVKqtrFGMlnTcmnnBB2Kj6B_by2ghqR4uWcBAAW6_LfgbdnNAsL57BfJh4m4AqVy7wiLldUYn934zRjDNKSYA0priMteM4M9BLL73qSKd8GhNKjG1Cygt8ZqAr_tU8rjISTnheksCU2a5qu9-sL5E3iAVn0ni0bk0WwpV1n7n-eKFFJTNToyuNdj4q3z6pTP1dK2ajJump_tKtKUsRmlxGRhnGWUEQJ4QY-xSCn43Id9npR41QhALWvLFkN0picY1620YrPZXYXF3Q&si=APYL9bs7Hg2KMLB-4tSoTdxuOx8BdRvHbByC_AuVpNyh0x2KzdAH9svfw95nLPg1kyfcUneUlR3eSiY2qGXtfAUF5M-pYxufhpZSxIPwMvZ5-UsWdJi_iisNn-XIhdqrBUyJugG5v9Yjt91xr6RXRr7YHANhqbR7jA%3D%3D&sa=X&ved=2ahUKEwiPiM7-s6KNAxWwm68BHeDvDHEQk8gLegQIIRAB&ictx=1&stq=1&cs=0&lei=-0EkaM-eLbC3vr0P4N-ziAc#ebo=1
jgx84op,https://www.google.com/search?client=ms-android-oneplus-terr1-rso3&sca_esv=896bc82726dbc1e3&hl=en-GB&cs=0&sxsrf=AHTn8zp8mk6bMXeSd1cCJfudzXhfmSwgSA:1747208462681&q=dr.shraddha+mane+pimpri-chinchwad+reviews&uds=ABqPDvynT4ZwSQ6c6O31Iz40MI5x3bNc3_f1hluqSyfPpXc3FlFghHX7aj5mEScUZPIcxP9NWx8aC66gnMQ_JffmO3AD_TuGEgE_8tWVKEMMmhrZxpFu4UfxuGk5zyS1YFgAUE2K1RrVu6xuErCHTj3Sh1KZJOOw_-ZtnTB8bxhMivmIL5ZT_76q1eVgbZKW4JDgFQzMap5Dm5rLSUzD1rQL8NeWLs7q2kh5eRxXTEpeZT4fdvAvyJBPRt4Cjrs0DdOV49St8yeJI9G7apzpR0OYc4MyhmCHJlPeEwEvmBB7p5bkKWW4CgpXDAVtRZZSpBo08xdilwJ7rKvsQfRyZhUozJj888zbsDRgo8vptTVkO-CREDNqFa66HteDvCFKwVQsdzXI6XNGpgAl73tydfMHkCCZgHYuf801cueOde1jYFT0uniDap8&si=APYL9bs7Hg2KMLB-4tSoTdxuOx8BdRvHbByC_AuVpNyh0x2KzWykINLCs2y-pKU10ZrR7HG5U8Sh75yPnTt97l2biyujA6ZxzyicoR1Iq_H8bKtod1Kt0AS6H2aAmVMJj1_PVnjojO11dxHrEyj9lLBoELrW5SBVelHCAssrY921PgBuqhrwWPg%3D&sa=X&ved=2ahUKEwiE7JDeuqKNAxVTVmwGHd0IEWYQk8gLegQIIhAB&ictx=1#ebo=1
nez99pf,https://www.google.com/search?client=ms-android-oneplus-terr1-rso3&sca_esv=896bc82726dbc1e3&hl=en-GB&biw=355&bih=681&sxsrf=AHTn8zqU9qaW25Isq70vYcqxD1-LJ-YBSg:1747208585519&q=health+hub+moshi+reviews&uds=ABqPDvzD15ZKSLjsjtapU-sSqaVHEeef7FvTpDNB3_8RJ8KYbJTobiBnmzkTayZ3EMHK-l-SGZHwF_pszhFMURKKOTwHp4ZnsS0hnwGIyULSIgPMjiY1K-3D815V1g0i1q4EVHCqmkBXexGnrIfchisvXmY_7EQx_2j7k9Uezj3b9gRspvm39dN2PDqJWZkGWSdnTr7Xt2FWDNS5TBPriA-FAhTP5WOKM-n0aizhhH81jf--0Xqm2LL4VhDl0C6Og8CpuOezplVDmr-3ssTsaDbjWqgiNYbYe0aCgfAWrwWAUht1AiKxRya86sFDX-xGKBKcb9auBCJ5Hp-qS3F0yfroDHjXO5je8ecMNCH6Xlre3tKyYFML-U5Kv3xBApUv9GC4JtETux1WiU6PZW2axgWBzQt_xI9YQWfoKdRcmOB_bl6bmRA36bgny3fRUivrKGSZ0LPqU6clU04E5PAqEM-1ABII7s-9sXEurpa6P8BV1H_lVWf9qDdDcVSUZOf68gAMCBJXV1gBFDmws_NnuTvNCmxOlGSTIQ&si=APYL9bs7Hg2KMLB-4tSoTdxuOx8BdRvHbByC_AuVpNyh0x2Kze5cAmq4dj8YznknhaneeP-hPvILDUePzdJoqwacofVzEImCehJXwAYJSmpXKL9-aBH5B6iEVoEYBrZIcjmDJ5YKvSXr-Q0Lkxrj0Fel58jWtEDYkg%3D%3D&sa=X&ved=2ahUKEwjyndqYu6KNAxV6S2cHHZvZCY8Qk8gLegQIIxAB&ictx=1&stq=1&cs=0&lei=iUkkaLK1H_qWnesPm7On-Ag#ebo=2
ncu53oa,https://www.google.com/search?sca_esv=acdf4b34b1441e50&sxsrf=AHTn8zoM-hmNyOhxSkiwbtK7xLCAc9WNnw:1747995991072&si=APYL9bs7Hg2KMLB-4tSoTdxuOx8BdRvHbByC_AuVpNyh0x2KzcJlE8IqsdEyy8TezQbIZx9q1TkhZHxgmTeULt1zUQ_puGuLBJrDl67RLVN4w1X_QWdM34GgAVUk-icDLtg45FzKCe2I&q=DTH+Clinic+Reviews&sa=X&ved=2ahUKEwixlffAsLmNAxUE8zgGHVtjD7cQ0bkNegQINhAE&biw=1280&bih=551&dpr=1.5
kfx68su,https://www.google.com/search?client=ms-android-oneplus-terr1-rso3&sca_esv=896bc82726dbc1e3&hl=en-GB&cs=0&biw=355&bih=681&sxsrf=AHTn8zqxZGUA-t0POn-pdY5eFo_OTbEQQw:1747214693491&q=dr.+kiran+ardad+mane+reviews&uds=ABqPDvz1WFaZjcyX6GMjJAmRiaW6-P0zIVearOgD7DVnJnk5xoj0VBHseONrga867Ii8nCHrEvKCz00Hs0o1BC58cg9BB-weP4wT46GSPzt9gn2OS8z3UFcfi4Jz3go-xszJr7vXa8sd-QJ29xg4w8NhJpBuCRF8mlTE1tT4qvB0ZarscOihD_dX8F49fJrHejc1n3L8Ur21fyt0zfYl3UnMbnpRoUI5hWhHWbrVbjaaKWz1IenaN30wcq4sP6C6WTfPTuGWvSfs8UgmC_h_t_ayL5PLnPUdUQhl_fPK_C4LrRjv1unFBZn9eRMsdYcmBV1oDfegiDU6VoiP6JM90FV9eprsFw3zo7F1L_LzqGbZ7_JnfydZcHRTU-4ACuugUJWrY0RmyFBUGpYOw_wAAzR3ranvDXYMIQXnltUuAyYYuIHkmrOvFTYoyqouOnk1tW-WhMDWuGoOUymBaMNJ2UWuP-PY9_N3t9UjgDglazudWJkqP6N0f-vWIKtWG28pEVx5GfYlSz8UK9AojFBhS4ewOoc96BTgSdpXGJiNCL2z_FnfSjMGIs1_rmpv5pJV6FAGN5J2yT5U&si=APYL9bs7Hg2KMLB-4tSoTdxuOx8BdRvHbByC_AuVpNyh0x2KzXFkGeytBWu8MIVoZPgQEqr0T0NzPYiveb-mF2XSiM6QbrysT85l9qyb2HRxkl0O8jYzVCg3iLPjLdGeBOCD7AJrMQul-trqpiXq6LGdACkPGfeGYQ%3D%3D&sa=X&ved=2ahUKEwj-n5v50aKNAxVxefUHHaCdClYQk8gLegQIJhAB&ictx=1#ebo=1
pmt50mb,"https://www.google.com/search?sca_esv=896bc82726dbc1e3&hl=en-GB&gl=in&sxsrf=AHTn8zqYr-4L9XD36QX_1_WRHGkYlb3B_w:1747216210653&q=hair+derma+hair+transplant+and+skin+laser+clinic+%7C+best+dermatologist+and+skin+specialist+in+baner,+pune+reviews&uds=ABqPDvydmt-LO990YqTthrCBOZpuVtHViZspCwOp7DH8pXpzB3wjMorG5uHvFpoKpfp6nqUtGFM76ESzgC8zyrKvOon75UdiijrFsKplkXCITVSWbSHrsCdkkgzJZOleZx1-QvcqdvAfTxsNr8t8FKKMY-Ky_kD7119Yj7kD8aQXbayC_Iih09mSMQGsY-_hcV1Bh8Miac8Ke17prw5x_2tqDeGLADDB8vUBvAYAQl_KmBKlVlc3UStEOZqCs_7I9UX76QnY_ZMOED54AHuvY_MaL8JpQBjn4cyuUJeX4sAuOm2MJ9W9GrSAAKZchtqQ4cUec_mUUkSgMp8enAQRZlX5R8mEe_lreWXDgX2E1kHbKTNYhNglqq-IxGdpOAzmEOT9Ugpr9dALc_ucpsn62VffES6qb3WwCt4qPoTblMmKt6AXGp9GxN5Ne_ebAk6i32ID82gmae74dbRsLaclHZ5zM9nwDH8UOiTwgzodydE3vKw0B90N4oEzSOU1PK8LxghnmaLBElnrKpXsoeGGdeWT9oQ1IGfEG25VCZH2J9vaEujzqsHwm_9mmkE7ZeaAnVTGsWq7US5C4Cf_d6qQRH0xhcovoeZAXfUoltYlBo7fx9uYOOk86Agb1RJ9n3TT0uz2BjunNxoG&si=APYL9bs7Hg2KMLB-4tSoTdxuOx8BdRvHbByC_AuVpNyh0x2Kze56pWmFDRFPsXoSLcURpGEnBpgCoEWRHvF51qmCfoE1Bxx2T1h0viI3i6inXzPNAy0xrjkThMUpbcgHwjbsMD60-vGSVDKOt7jB0WnEL5zaoB-CW-7tNGAx4rDpsCSLxBh-EMZxpaCbaPAeMVvvJ83xL-4AgtPK2eTj0WD7dXafmNNFUEAwM7HRxlgxmJF6SVWRLAkaPPEQQ-eAjIVxuDrFLecW&sa=X&ved=2ahUKEwjSwNPM16KNAxVOafUHHTc_AKoQk8gLegQIJRAB&ictx=1&stq=1&cs=0&lei=UmckaNLPJ87S1e8Pt_6A0Ao#ebo=1"
pjr69eo,https://www.google.com/search?client=ms-android-oneplus-rvo3&sca_esv=0370362934c86a31&hl=en-US&sxsrf=AHTn8zqDhx5jrOTMR1NuSLxrf7bjvFgGGw:1747216572787&q=muktangan+skin+%26+hair+clinic+reviews&uds=ABqPDvx69Gtk2MOAGbmbMEKqNYH5e-z6oyTwdlrvb7UEiTtzIxsH5z-FWnR6ehVyj7a77RaEwd1QksmULfjinYQOfxClSXDaB_IwPB6UgBhRh1h4I5pdVVdCmNaM9GfVopICMKyKkn_QTG6ZXvp7-UT0iT3OVzXF_62dyFdtRSAK6Gt4wrXc5cuCdUri_nC9Aws-cBqZ0y-5hCAnh_tUe11ZZpIhWiKjxFX8BDiOdakjVLm0PKF6rd20LcPBPshqSjdUf05AsSSkCCOT4tLnodetPXNxTeH7GUnqS0oGwCXdaqB5xOM5llBhi12ylKXBOWzu2WE9VhCjv8s1dA7Lm2wogyGXhoGrggIF-jjVgbvtG2uOjWY03pFh9eBAty2v7EKUQFwl-V88RnaFdUp_c2stVcJ9YtY_1HQBFFnh_hX42uj9WJK4bj5d55NPICsFpGRHIhp36u6nOvGLY6rNuDptvGE9OU9cH6XPZz0mbZ78BSN9tylatzY&si=APYL9bs7Hg2KMLB-4tSoTdxuOx8BdRvHbByC_AuVpNyh0x2KzdAWYLmDxxR-MpVsjd-PI4BEm-cSgro8G0VRwHtEPqp12vWz-n5zIY_ARLGSoVIjrTxPc2RWm4PzDHD7hr_TUlr7IEHVz4_xj_wTT2hRAXLtNwAhrA%3D%3D&sa=X&ved=2ahUKEwjHtar52KKNAxXfR2wGHbgBMoMQk8gLegQIJBAB&ictx=1&stq=1&cs=1&lei=vGgkaMfnL9-PseMPuIPImQg#ebo=1
mpz60ky,"https://www.google.com/search?client=ms-android-oneplus-rvo3&sca_esv=0370362934c86a31&hl=en-US&cs=1&sxsrf=AHTn8zqqK93FrazZWEUKjm-bHiLLpp4JmA:1747216611867&q=dr+noopur+patil%E2%80%99s+derma+lab+clinic+%5Bmd+dermatology,+venerology+%26+leprosy%5D+kolhapur+reviews&uds=ABqPDvy-MCAKTrBo4boaRMknfMYSGSo90QruBHBxSEs3J9d3OJLvO9ZaVFw9lnuoVDU39baNfB55i8DPbODasjkHMT_VFYXGrezRneEkGPb9pq8y99sx4rX7xxCSZh5AuSs17__-vj3Je6nyDPHzK1CEX6DtIByDXTuEKAljbi7u3qtMmg6THJlTeTfBFEHqEBGdXjOZ2NA9mWLb4C9_6UdmUUPR2mQ__5bjEuVBcUO1a_zZ3ssLYjockQtaA_B2L4zgMo_5pkDnR8PkJMSTN3-RdMP4bbPveOee45N04GJWict9jEclTJ0-yFBBQAeSUxPIYYbK3p7B8jZpvpyj-Rfj0-_3Fd6-v2SRUQM2mh3uEC6DZVOs2EH70w9ryZg2VtuzrH6atFds-5eGWeVBtl6Yz-9ZJL5uEyMA38UVRhgdSb4uqmf4mLuIfOHB-IQJSHC6hlFQ9j4DP_hzapxBuH4LXTl9sC0Cqx0uVfW9adhgt02fou39VgVAEOmRZryCvy0z4SLi5l7lmlpx8b-ERNHUldZDAdS0TyGaW1-swA4FVorpZwKPMe6VnhICdOl_DpiME7MRypox&si=APYL9bs7Hg2KMLB-4tSoTdxuOx8BdRvHbByC_AuVpNyh0x2KzQTsiPt63eSXVZ7DGtcq_UgQHhBq8EX7IO2MDe1tgErdPo_yov-XwsoNAWnGRgNjvTuQZ1GipbtxBv6eDpN4OrFkfFEh0Uxdc6NWdTXY_mwhgoP8ruAtXL0ZhHADuL6rJQPeTG9Rvf5joPEczk53W6EwWE9EvwHksFjzcKejdfnh7VF8uDke0vUz_RiiVs3vbJdoy4k%3D&sa=X&ved=2ahUKEwij2_uL2aKNAxUKT2cHHbHMEWMQk8gLegQIJhAB&ictx=1#ebo=1"
nkj74nj,https://www.google.com/search?client=ms-android-oneplus-rvo3&sca_esv=0370362934c86a31&hl=en-US&cs=1&sxsrf=AHTn8zp8ol2Jd7jpIEN0967yucutxx4OJA:1747216664157&q=s+tippanawar+skin+care+cosmetic+%26+research+center+sangli+reviews&uds=ABqPDvwRx3mDVRIsfzQFZUXtht8zYvf33ntEnIhg4UfrwkBgWhJo4m_bP2vtFc5SRI8NkR9zq3bs_9VvsclCQDPDKQ7hjUX_5_p63zgMlviZDUT08Myv4Q-CCqaZuasdu6uxzw0c9KsdEQjnEeTY8uaZEUQ812JUWI5oIG6EAZLI3j-l29xz3_hokdIfbid9sLtPrwD9KIXzqbnGW5i5hU-XBx2KE5U9Bbz3eesl0rG_yCq0P9FrQVJUw_BDQlPjXv5SLp0GFzWFIAjU2PS-oFJ6XfpmmAssgicnW7q6KDo5BTJwGOBNeA_YHIiTRIa-e-fVKlh3gF-DrpAvzYOesbRwppAxPawAyFCTzzVP9Lg-UKqRUlMjvqSH1WBCKUkoFF7w77gE5FZG2HvZ5YHCiCgmzXFzePGxK_vxkfgQB7L851klclCBJIhHAe2jBr7ucIgLpcNXTqjkGSCku6LyA3Axy9vsFmAKkqTWjIIXSrilg78rRuyMEkiZVLFlMJG0VFl5UrS1xJtYS94cnSapILYyIouK0HV2yw&si=APYL9bs7Hg2KMLB-4tSoTdxuOx8BdRvHbByC_AuVpNyh0x2Kzfm9SKs2SwizE9qseAptriy4Oz1w919zayxvdqOxypZ07Mw_VZPfvCoERpyOO-d2gWPA-zNmvgQjq_8hNRfKrg_AatWKMwpXd8P-cww0S4Dk-3mZUTyIR9JkgqXYTlBra2abBppG9khYa_VW9S8rkwyUYa0l&sa=X&ved=2ahUKEwjMkvOk2aKNAxWETWwGHUN1BCUQk8gLegQIIxAB&ictx=1#ebo=2
zkr89pl,https://www.google.com/search?client=ms-android-oneplus-rvo3&sca_esv=0370362934c86a31&hl=en-US&cs=1&sxsrf=AHTn8zp2d7ofO7-03xqmCyUPFxPX62Nv1Q:1747216760478&q=kulkarni+dermatology+%26+diabetology+centre+miraj+reviews&uds=ABqPDvxpTf4STPpJnPWcygt6bQVcnxhONmQb5jTV_p96RtoSUYSn_wTwbtToSb9gtIyMT9hbzCFZ_qtN1pAfTc15msmatyQPzDg89qDghDR-RVvKE9VPvP397oRfn4tz2xzoQZMLqCWs3TiT1OxfPieYo-XxR2iIr9pZsoACN3XmTwP6RjX13XDfHk1ZJrQg6WkIKVt9fkRhLHYPbfx5uEN1H6Ri_EBWFxr_SVw45ytjC-lemilNY4ox6c23xtIf_ochglYTmtLCI9htVQBtNsu2VoZMgksGRTEc-PPGzpWQVnSMAC17n6rZPr5ZTtS0FaGdvJzJiTsOh2YPc2JrYM1qI6HmlSecg9hMT0WLPLYUm19JOUEHSAq6Dsd6FZj0ftWH2x1gsol83r17uBK2iTdIWE9uunV1I-c-UGdE8rvExvtHyvq7P_RRjZ-V6ZZcTtluuBowuodRPPlV0VqTSaKgZM9iUT_hbmtPAH-M2ht6W_JqjepViSOLISSpRC_F6LsnQmr5m9uG9kPzDsJNcea5-Q56khFlDoVMwG3GCxBAehvyIG9VyiOqApUk57AOP2pKjfyG2pwy&si=APYL9bs7Hg2KMLB-4tSoTdxuOx8BdRvHbByC_AuVpNyh0x2KzWxDIingCtdPcBwrxSHLt6viMpuS1kHTi8Kzgc94X8tNKb2ljTwKn2bLt0rutI2KPntHKvVBs8P-toDdAuaiXPute2v9MY72fcBlhKyYqAI351sL2mZq8EcuQVLXSnub4rpwLmA%3D&sa=X&ved=2ahUKEwjplurS2aKNAxVXRmwGHZRrEr0Qk8gLegQIIxAB&ictx=1#ebo=2
ygl14da,https://www.google.com/search?client=ms-android-oneplus-rvo3&sca_esv=0370362934c86a31&hl=en-US&cs=1&sxsrf=AHTn8zpDS9BN13ldCHrcM3thILuarkau-A:1747217139414&q=dr.+anupama+m.+kudchadkar%27s+clinic+reviews&uds=ABqPDvwfIH3GNV1U38xA-gn1_h5afZ1uAFvGOzUBxNhQsp_CImfNIBHt1hMAM6NhYkKfef6LCpB4bSdomn_TYzI0hLS7X-hda3Rv6oPeYUHPIcJJiBqX7uwgoMZjKtBe9UMKjmBcMCkdNRaKYCzf46nkWmh-_aKimK_6t_K4CtlP9hWukdKjklW_ZAPkQ_I3c1EEacRyzdtnsRY8D6D18YaUBjy-8jHKHyVsde69Jf13KvFk4MJOu_gzNmTL-s5v0Kf2K9tFYiKjsy7GpHufmBWamsEiIuYlZyXB8vh3wE20XtRckUNhNiuF5b-Ynj6AtV7rNbh4GrJxp4dh5I6LJdE4P4NN9s2aAWJQQC7yCT-ahRzedz5VAbbUUgbipjpYC4OFqFPw5dRo_lN0ciMMJDWn-HlV0rWs-yfiXi1ksOHBLbQT4gXgRdCCWzA46f6k0WjzRP744TCVSIr0Nmbrf1P7wndz_sA3MTdQgtT8Bu3wE2Koifg0wpc&si=APYL9btvhO6SAb8jF9HqTZMMa7vs_teLnZaEVrJZwRKFIIKjoY6htP9W9VOP44u-lyXmRP2_Urnlt7t132pVKMHDEcjzqMkr6x6bP96WZWPOLNJ54hufeaY8JQxT6Gj_B8wVA8968PAVkRzZYPzBf6hqCiz26IGop5K6Cv1XWlEgJvS81-B1UeA%3D&sa=X&ved=2ahUKEwjuxcKH26KNAxUNa_UHHblpCisQk8gLegQIJRAB&ictx=1#ebo=1
eyf93bo,https://www.google.com/search?client=ms-android-oneplus-rvo3&sca_esv=0370362934c86a31&hl=en-US&cs=1&sxsrf=AHTn8zowpztbjmODifZ9fncdtIKzZSzy5w:1747217186805&q=dr.+smita+kamat%27s+clinic+santa+cruz+reviews&uds=ABqPDvwyLwNQmrGmwG1hpBUgAllWbZ2MweMHGDqd1e6yvrie0o8yAH6eJmr1SBmH-ZuCytvTglDlkqHhpmbOj7k-psVMh6MoaxdVWkfd2QkBs5QTC6R3bNUYZD9-uRVqnEmstd1x-b4u0LlYcOw-5V1bVSHy52us2kr4j59Bj0o5-39t9tEemJu5hxrq7aZz4_nPGWFnmToixKiV64I9N0wf7TwPXsMLqZVrzAC5af9HT8kXmYT20lEkYJdrCHr3ZZS9iQtmL6ZgcTXQkyVlGaDP1r2QdfzRcoUN2IH-_jcl-78W1yHVk048TOc6FG_R3fKCTIPS_gNL4fk_ayNHPlGrvlzupVjbfXmiViMc9zJnHHsdUUZdSTt6mNd5D1WsDt9DKol1jCdBOBSNYv6X5-EiUkuqbBB3p0cHS8z0n0-0LhoN-iYtmZg&si=APYL9bs7Hg2KMLB-4tSoTdxuOx8BdRvHbByC_AuVpNyh0x2KzUpyEdYBsFsw7kACvFpfd4oQkt2rawfgxa-T-qogyBLbBgPneTyG53B0ULEgMw79y4DmWH543zbMC7Rhfw8OoeJQkQBb7XTqqE3MnAcDGFU2V_FUnpjnK-JaNgYZyttazhK_1o0%3D&sa=X&ved=2ahUKEwipjo-e26KNAxViafUHHbRxPNIQk8gLegQIIhAB&ictx=1#ebo=1
wuv21al,https://www.google.com/search?client=ms-android-oneplus-rvo3&sca_esv=0370362934c86a31&hl=en-US&cs=1&sxsrf=AHTn8zqo_AxmWKuBbaXFIQqARz5jC_ZmyQ:1747217239636&q=skincare+clinic+by+dr+amritha+pai+shenoy+ponda+reviews&uds=ABqPDvwE4LBs-zsjakS4dS1oUIl6cDyzM83vGEFzrRlbdfdvYLEG9GNZBdqSIkqnDwPc997ZtWslKfx8PTwH1iAmSBcLB3RyHCHfqupiD3b7VPeu_b7lVA5-GWa03aGa8Ck8g4eqXZriRYcscTh_hkCeXUGKpa6xRHF7T36aADQeOSPt-pqu0aNcFJK0HfN2z4wSyYsJ9XjpXyWNeHbVXEjq5A4anoznD0glw7mEcsOAm7g5eLaqgs2ivmVgZvFovXlu5zmkHDlIPaL78Kgz3RT7F-bcjNAuPLwSn-RXAXARiXzCXLQiaqUHHBA9Zk2paFdPt0w-W9sMZIpz-RMCuxzFoXcrb9eiQfP2oSojEOfIBMawR4YCDgRfhcY6ChX2FqiHGrmuHoEGMTIPViSVGpWbOJw8sa2909A1PsFsDUF2gVf5Ult9YQCL4lZh9UByQsnYDkWC6WDUKPa0hMEVTkyfT-qsMNgY1x0JzGk-14jqV213qkrFRnQ&si=APYL9bs7Hg2KMLB-4tSoTdxuOx8BdRvHbByC_AuVpNyh0x2KzUtVv-VM4g_NPnFp1xbj6xDC3xwVMdMwZpI779HdhK-vHEVsrqM5w5aQzN5QVMpCdzVJNAtRmaUQuUft9T_HOalOZjwngXgda-dFrWokal0hP8UhGzBhRSgYar-H5YTulwg8EGw%3D&sa=X&ved=2ahUKEwjq1ae326KNAxULdPUHHd30NRUQk8gLegQIIxAB&ictx=1#ebo=1
wnv09vn,https://www.google.com/search?client=ms-android-oneplus-rvo3&sca_esv=0370362934c86a31&hl=en-US&cs=1&sxsrf=AHTn8zpwEW2YfRyW1QPpAhJenIFEjg4kgQ:1747217307239&q=the+skin+clinic+(+dr.+ankita+s.+prabhudesai)+reviews&uds=ABqPDvy8K4LDLWPX4ez8TlycDjoiPkzNjMgE0M1yO0wqFujCgMPq9ygjuTjUtdw7Cu3zqJAMMt5FbbZCC4PXY3a76izHWFJHkpTGeHYyTP29xCtso6ipWZdod7xEKeROfRdbtXGQYR7y2InWoizaacMQi67TgUT_iW5lueSUpRIVUH07_WSxsfk4DO3EKFAwlGDqUICHxr_ODbT08235kDGUzAbfCDrDYE25s7HaXkoeTZPcmJq5FjE5E-9dH2jXdOByk5VO_6YnVasMkcY_xtXWllxeVvWQ8-BcUgyqUdTxczqwjcSjpA7PKzB2UXmb-UXsaSr_YwS9iKZbhHuGG2Mo-lEwHnaQieQxWXtzI2XLW0EETSqW2BYvEG2OvgXbFEFGWC1-y3lg_UQ39jCrFw-DYvCTBedxA1EeQPrueokaF3auEVckuflbwiBKqrUkW9qoebXK2VSDTnKcNbujnwRtEksJ0xH1q9nVLe1bDCA70WBvuwdBEr2wnIYA52UUAMB7eotHhEuj3nKrefVbuv3czJKVyXq0U2a1YR1PTLayyijfiomoO9peJi4QQI9uRwXo9RK4Q1BI&si=APYL9bs7Hg2KMLB-4tSoTdxuOx8BdRvHbByC_AuVpNyh0x2KzUzpn3RKqc8TgocBLHTdQ5pROcz_5OMZ6HWgmxc7rmwMXpHHR3-dTbiIa4CizC2ahtyjtNvVU-vRrE2QQqzWTh7JzDrFKvKIulWjNEN5uN4jStLOqfD9kT6s1y2nfIdb8Y1eRPs%3D&sa=X&ved=2ahUKEwi_48XX26KNAxUMdfUHHf6-IgwQk8gLegQIJRAB&ictx=1#ebo=1
gbt30ov,https://www.google.com/search?client=ms-android-oneplus-rvo3&sca_esv=0370362934c86a31&hl=en-US&cs=1&sxsrf=AHTn8zrPIgUvl9RL4J34_FF-1cHC-ZO_BQ:1747217351053&q=sushrusha+nursing+home+%26+multispeciality+hospital+reviews&uds=ABqPDvwlJtBo6p5r2aNYXAi67MNfev5SA-MKgVYJD9c9t-2-KAaWgPotkF74iSNwUvRnaiBTPZswlClzZs9WBlJUwsxucheQ57ioEAyIdEcd5T6NonAl9rdpmoYWZMkaa3VHxGwmfSHqjWve9le-AVx1d4BHvtaHMuHEQNcGcwvo6jP2y-xM6EeDp19KS31X33tnZaqm2HOM2gA222DpzgVVSJwd0eBEPvOQXRUF994mAgaw1kzylMDNXn3YwMgkpSUnTNf3KX9Ip043wOEY-eFrNRrYIaJuLqubaSUg8b9iYFd2YHnqiiNK2pNTdXMQ6wXAPG9T13JoyBvyiDyWD_GA9eHZxnf8XIDfMqfGtoRFrdYh655bYCrJQSnktnYftLuDjv9ghrsOsIZ0xHn-bTWRE2DeyUH7qR80D0V1lJO3SPy8KVmdZUjnLXjkvF0tpojjKyMrumNvQoSJuglgcqtv6_Rk3tOqM0qia0nC8CZIK6TDYGFvRjsbCSad3qQa5z4iIWIVt2JE&si=APYL9bs7Hg2KMLB-4tSoTdxuOx8BdRvHbByC_AuVpNyh0x2KzQKprY0IaMurTNwkirf-yxz_NOyEjLmcxWx-4R3cELBvfrNCZ5sYqKarCTX_Rg-a7ljSpCe_gHo21c6NoAJnU-0dq8O718KlId8ImcUJFvUOseasuWYlEukEm6N4GfcZ_0BsQ3P6uWHlput8Dm4zEeylwIIL&sa=X&ved=2ahUKEwjahbjs26KNAxXahK8BHd6AD0AQk8gLegQIIxAB&ictx=1&biw=360&bih=663&dpr=2#ebo=1
gqv72kl,https://www.google.com/search?client=ms-android-oneplus-rvo3&sca_esv=0370362934c86a31&hl=en-US&cs=1&sxsrf=AHTn8zqcIXxMV6e0K_Isw_Vgjura7JtJmw:1747217398704&q=kakode%27s+skin+clinic+reviews&uds=ABqPDvycwpamQWtvPuWo1MgcVNCP7XLAoLwbVQDY-viJixcMLSRFWpuQZ_OUgDm501SVGcDulNwFOwsQ8hr8GgMOiI7xetkVxP2Mqx-9lrRtebZQMhfiVd3Xi6JViAvUg_EGiObWIyYSoCK9evGPuUyrfSlYPCQK_Bly6ipx9YBHmZ_XloIqbivix8vdPZiaPbEnRot7ViQwFFV6krFp8yBnkQY6g1PhGfyg5Bc9im2bWmmCLY7Qc6uDKtVPh8zhPlgdfr-ejy3MyoKc157KJb9QnOWqmlIBcROiY4HagjSxm3CfTnF6eABLNOWQ-OTGmu99QRYgmHviUllrkgddThQrBwI0ctW8BVM6ut_yoR5FyQmU3PjHdMm4J4ZQKhgOU_r8YpEuB1PD1_HfjR7RyqupoKuorpUc8M-u53sr1SVPbzQBWTHmY1thZW_QKEXVpQDzbXeZhYhmT02xqEIBVVHYHb5a4ZNa6GJv9zdH37LO7pl_1gs9S-2h6CYGq8_CgpSXExMKE84S&si=APYL9btvhO6SAb8jF9HqTZMMa7vs_teLnZaEVrJZwRKFIIKjoZSWMKQCSKqJfYH_ZRIpVlPhTNWdjx2-llfHbciS0D3lrhEi9IhzlrFtt11R1n7_sZAsB_o_EWxUYayoUodFjrMKnED03AsyMaLgqf2Bzn8nw_6v_A%3D%3D&sa=X&ved=2ahUKEwjyuJSD3KKNAxUcj68BHTNbD18Qk8gLegQIJBAB&ictx=1#ebo=1
ism59js,https://www.google.com/search?client=ms-android-oneplus-rvo3&sca_esv=0370362934c86a31&hl=en-US&sxsrf=AHTn8zrQG7S4Kkpyaw4l_WvVwhUBn-qn7w:1747217448532&q=amala+v+kamat+clinic+madgaon+reviews&uds=ABqPDvwKmXaXArnXF5HrgvM3IAO_0n6RACGHYPPTsBoeQYZPeZykJmnY2-lF85XRrj4vhyIqptakkd5KkeJdoQZfLqjzLTmTCoHTX6NpWiKDepEClp5dXZ1W4Of-bsFYVsRDpQJqRAWTTBwoR5ZtPcMvT6o8EIvGmgmwyaiTf3DNZrmP6BraZOlILB8PnTc3ljfH2tx-o5QxIJqTixN2bfBtVQsmIIRsVXoijlGoKacEryUkFAZoDUAPPVhHWQ8b2eGxkO-b3hMeZQQko6lYA1AQBK3JSvubYLINNiuXEHn29m1WMAA0ZUhyIPCXNAWKU5oNufy47wg4nW1oarPHs3NuMEo00uAfWknA6A5Z-0lkzzYj-QbhaY-PLsi0u86HjuKZhiirwvcnlL0wOOcr0yc1u10JnyV2dA&si=APYL9btvhO6SAb8jF9HqTZMMa7vs_teLnZaEVrJZwRKFIIKjoYK1bk8hBX43QQbHdAcV1JlPB2G7lzvUMzCR8X9e3rYYt55vIhnkwaCCyv-XEEeXt-xvVKBRHn5b1j4FPvmxqTgNH25lH6hC2Aql7QZ-C7w72h_zkA%3D%3D&sa=X&ved=2ahUKEwi20vWa3KKNAxVSn68BHVGXNkcQk8gLegQIIRAB&ictx=1&stq=1&cs=1&lei=KGwkaLaeINK-vr0P0a7auQQ#ebo=1
opq50fv,https://www.google.com/search?sca_esv=dbe254cb7a111d38&rlz=1C1CHZN_enIN1087IN1087&sxsrf=AHTn8zqQNQ-3q1FlRbgO4UNTXt2tmBmlaA:1747218935994&q=dr+bolli+skin+hair+%26+cosmetic+clinic+solapur+reviews&uds=ABqPDvzg_fIg0wh3ydDy1inMwPwL5uxkiJ2l3k6cI20TH3rhIPvJyT75Z_i54DQqJ35RhTumrqXVdfU_izZwDrmedjW3susx_oszkpUhasafuOW8RuirRuA-uygCxP3m3SloG5dcXINNCGYLeLft-Q0FgR5KKJchKTaJvr6UVGhU90TRfJfKgHWX_tTa8yngvPs-JFkYGIwAnVP-QCa08itAGfSpMIuRVIY2_SMP_U9M9kTmrI_uKXfZ3DThQqg1TB-JjOedMz-7s3pA2ScBOkGn2IJ2cpZEYAEEoUl-NeRjh5MCU6bcfc5cZYeBMwE41EDdcXJEIRzI4ZzUDCYVSlEqxHc6Z3jU5W5-Ra_l-rTGF2MpAPpvWpHLKbTOH3RzOPDWEtNAA-Mk&si=APYL9bs7Hg2KMLB-4tSoTdxuOx8BdRvHbByC_AuVpNyh0x2KzQHV6107_6bdwhtpExN4W8T_DwHHk9JsX4CI0E1OyWhOAmqeRKTlVL63W-uL-s1HiU8ZaNExT4yPyFgc_avBgFbLXh7952L82EEtp3nUjVKMtqlUAGrv34Te9oiCzCGDAoSvfTo%3D&sa=X&ved=2ahUKEwjVl5ng4aKNAxUWa2wGHUK5CHsQk8gLegQIIRAB&ictx=1&stq=1&cs=0&lei=93EkaJXAPJbWseMPwvKi2Ac#ebo=1
asb13to,https://www.google.com/search?sca_esv=f3139dfa862a8491&rlz=1C1CHZN_enIN1087IN1087&sxsrf=AE3TifO4juDpg1gOBKUMNYXHtFkcnu07wQ:1748066744870&si=AMgyJEtREmoPL4P1I5IDCfuA8gybfVI2d5Uj7QMwYCZHKDZ-Ez0weiyXT9GTTO3D9VpOohEmvDjY3X-tDLXxkuFoIx8ax0a9sv4_jQ2t-sbb6i_8TkOmAjA-osMiJGAKS1QIO0QWOb8yzFBUATSLKYl14SEVMX8GDE9ApV7QJP77Fz7qOZPyaPc%3D&q=LIFELINE+SUPERSPECIALITY+HOSPITAL+PANDHARPUR+Reviews&sa=X&ved=2ahUKEwjWr_yKuLuNAxWiT2wGHcIwMRwQ0bkNegQIJxAE&biw=1600&bih=773&dpr=1
cxy41oq,https://www.google.com/search?client=ms-android-motorola-rvo3&sca_esv=3f663a9f48f5c032&hl=en-IN&cs=0&sxsrf=AHTn8zp1CzhujYiUJMndq6pYSC9PuwoA2Q:1747289127890&q=karadage+skin+clinic+reviews&uds=ABqPDvxWWPB9yjb_66vfAFBPmHwGxvD6ixPCET6-rBp809n5OzjYfTZ06PMeEC2srctm4c-cH5C9fDAqcck7WFKgdh-ZLpaE2nbhNUHIjCvvIFGT7gktUhObGgOKHBO50RjjpuoBJh9vgN87pViQoCeqz924kKsmFf4BQAqCNSo-rgQHOoAHAXM65Ek7hR2HHqe5243My4PbezuV9nz597hOGwF3z0vIGUyCvOz1jQy_E0spcigKr66Y8xOlNEJu-2Q-RomA8foJrGLYJfDzqwNli3ZFQPT8MAfnKnxSX7bYZHFFmKbDkdCRCWCa5FB_T7lV8LJfFHjQzNOf4gP3gaFR5-mxiVn4BjNzqt4Y4o82DVjGblzGFP2huWmKZx6nYphK1GNFjk9t4ySRyEK_3gJ1VjV8LlFNGARgFsX3KWc6kObdoj4cfdtfDO_ek89KwsyUxQRBktXr1zEXyOpzJgrX-0a3geGgDQ&si=APYL9bs7Hg2KMLB-4tSoTdxuOx8BdRvHbByC_AuVpNyh0x2KzQUDJlVLes2movJ5Z3oHdljaLdPvAeYpXVA3RB_SECErvGyTtsqb6FctqiHxDnjTiS00MIE-HNcQfpR_4y10D9lRvdyuRJs7QTPPu9XakEujMOEpxg%3D%3D&sa=X&ved=2ahUKEwj2t6ae56SNAxXnS2cHHX5QFvwQk8gLegQIIxAB&ictx=1&biw=360&bih=663&dpr=2#ebo=1
xfm58qu,https://www.google.com/search?sca_esv=3f663a9f48f5c032&hl=en-GB&gl=in&sxsrf=AHTn8zr0U_GhkGv1fHLDsCmjyigw6atDrQ:1747289172605&q=waghchavre+orthopedic+%26cosmetoogy+hospital+solapur+reviews&uds=ABqPDvxtKps46XVuZ0QzxzDg_YmbspT3-P5KV50oZCLbwDH-bft3HrPJ5SYD6aD7mzBEreHGFdyeoSlw_cwy8JjtMj1n1T-zmuUEp9r2lD4MutFq1cYD3tcWGuApUqzymcCAWicyQQciwlPM4lW65cdmXQmzc_aY4aIq_kaSbkAzwjmGIafG_U9K-QYd4EOXjMLSCKN3RhVeNS_HH-u0WPhiWq7o2pgsevbhNH_d_gro7p2R94NYc2n2RA8mnNwMOeoK0VV4guMp6Fgfi8GPy4C9-12zRJrzztGmXLyNaLz7BZkfHaU2HwJyec09FrYgFmX-lA8N-Q9FyOV7Ms7exMlXvZ8N85xhON6-jjbGO3EXbWjBcajX5tgo4HtBP-ijMuBXQZf2CAsQfWnHEMrMKdDI2X0bL4NIBkFIUPkzE7T9ccFp8zBw2ooX-LbLa6h0xti3rhV8N_p7uzz353PM_jR471l7GGXaObtQmSX_DZ6k9E_tZmuajRsPxuaJcAaU6yAfKy9zULGQi2AB0ZVtrXI061MXmdj_qPLuM5t6j9GiYD_LBqHbdTOr-DRPSssfHaGBfGeIEttD8X97yqj0dsPy2XINJZ1-0UopFrQSbQKq5ID7WgUCN5U&si=APYL9bs7Hg2KMLB-4tSoTdxuOx8BdRvHbByC_AuVpNyh0x2KzTBB9h2HDlTqbHBNFga9LfoBwJhRiCvbF52dCk7SvdGI5ncWfNZEOe4r76UIZQ8g2mtttsScUdfD2VHod8NM-Z31W80t7P9JtY3MtMOXAnb6wgGrjMkFSuKOc4nZPONq6JowQG48rjeMmt3KygJoAeKPJKiF&sa=X&ved=2ahUKEwimyM-z56SNAxVZS2wGHd14AMUQk8gLegQIKBAB&ictx=1&biw=360&bih=663&dpr=2#ebo=1
mta49hs,https://www.google.com/search?sca_esv=3f663a9f48f5c032&hl=en-GB&gl=in&sxsrf=AHTn8zpZjSDwG6pIxegg1kGpnvbP_Nv2uA:1747289449612&q=tuljai+diagnostic+centre+and+skin+care+clinic+barshi+reviews&uds=ABqPDvwT1fIwYah5MoOaNwnWidW8s8mzyokwQnQyAgrr-04nv3Ayhc0lNuywlPWsDkY1dnEpNMpk8zm6mpuvX1f9fbfdg5VZxdcK4DPHMFwG4loIkzkxjYB6XvB8xwXZctf7dAvdYHe2QG3prKq5CSurRKHNkLmd-EBnV9axgZrczBKQfngr2cykv8E5jswUIN2X7VDmcR0Kdou84jcteVtotpE62ZTR0YoW8OkiY7yK5NLqLdUWtRFUMktha4pdntwYh4cn2MWRklhSQL94cu3nA8kt6FDhxlFbXyo6ZI6VPCXjkfPpm2cYyHG99V0f7_1ECP6u1dsGtfZbLHf_d2Mei5uwA92qPWSlMPj16KJusli7DjXg9zUC_M18f6GdcfKXVQ-NM8xz0fde_JZxJ1jowMJuPbeFaVIOasJAQVpVMepdsTgsPDlX6cuOSTE3Z9eXrOlqpTHF&si=APYL9bs7Hg2KMLB-4tSoTdxuOx8BdRvHbByC_AuVpNyh0x2Kzb_tA4PHiea4KQneX4NeNVG9ogfLCmKkvsJvQufEQyyCtxcxJGgOXY8MMdmJ4wdvewz_xg47M1ZuhMO2Y3pc_X3bKEoP_5CDXi68JCNH69wjNfSFCdp4VV7vS-JhXy4p1NUr08CgdkbVt29L5uOxk1_z6-eP&sa=X&ved=2ahUKEwj769q36KSNAxVoS2wGHcSQK2IQk8gLegQIKhAB&ictx=1&biw=360&bih=663&dpr=2#ebo=1
hla90hi,https://www.google.com/search?sca_esv=3f663a9f48f5c032&hl=en-GB&gl=in&sxsrf=AHTn8zrSdBHNrKeEAqoUD3rpquCb_kkasg:1747293419319&q=dr+dhavalkumar+bansode%27s+icon+skin+and+hair+clinic+solapur+reviews&uds=ABqPDvyusv7QM1KfW9KQlAOM8G2Cgp7sdSrl6PRwYkACscWW_i_yl1nv4F2GoPRJvtaMozBiuynZBY7hHfy6YnEu4ABcLFK3cO0rPZHYJWUXMG_VerKBRgKS4W85wmJIgYNOnNc2WMfE8wSq__9T4Os4WPjO80OgSRNyCvrHcXYJYRsff3gmIjVPQ-dkCC4XCjqobPYgNc7aVc3sZRs1CaiPDLbghQmOZZgncgzGji6bNd9SEyLwaKKVzksRvxMJnJOoy3P8Gcq8q5fN0Lezfh6N4NE4DA8Ul5h8b437jxfoaDgIjtMN2mEwA0UhgPhjahz_l7jlzHhfCB7zldDNqLFIqwsCYljNkIEczNDsF0JQT29Np9I1CZ4y2sq8KsuefUSRIfL4lVfZcvDkaEJ_SHJwNiHM6L-vblIOE2God9yjk-D4ne7WeTbjZxzH39cSBGBSCgz7pi9VBBXITsdmCd8c-e-AydsPKfDx2Ackzjg1N3YRJWV6wsGLw4mND3KkjOo-cEfGJKbGwhIKlrJzA9n0yaokpce1Cw&si=APYL9bs7Hg2KMLB-4tSoTdxuOx8BdRvHbByC_AuVpNyh0x2KzfMotUgq3wCEk-GGV7hx88LXt0Ql16NHWC426BRM0Zm_-hTraoFriJWDHwqlx23Xpt6vVyl6ghMdfxjPo3U7Ec10Ny7llWcI0C-Z7NKMpZNfRHRP1vA3tXDqoDQjIM08AubhfcK4g9BSb4xUpmHMxfPdQvLh&sa=X&ved=2ahUKEwiNw86c96SNAxWRQPUHHdrWNyYQk8gLegQIIhAB&ictx=1&biw=360&bih=663&dpr=2#ebo=1
ohp67kt,"https://www.google.com/search?client=ms-android-samsung-rvo1&sca_esv=a2fccd0347a25b28&hl=en-IN&cs=0&sxsrf=AHTn8zqTLsoyfnWc1FYpjD5M2XhK2OMesA:1747293678460&q=%E0%A4%A1%E0%A5%89.+%E0%A4%85%E0%A4%82%E0%A4%95%E0%A5%81%E0%A4%B0+%E0%A4%B8%E0%A4%B0%E0%A4%95%E0%A4%BE%E0%A4%9F%E0%A5%87,+%E0%A4%B8%E0%A5%8D%E0%A4%95%E0%A4%BF%E0%A4%A8%E0%A4%8F%E0%A4%95%E0%A5%8D%E0%A4%B8%E0%A4%AA%E0%A4%B0%E0%A5%8D%E0%A4%9F+%E0%A4%B8%E0%A5%8D%E0%A4%95%E0%A4%BF%E0%A4%A8+%E0%A4%95%E0%A5%8D%E0%A4%B2%E0%A4%BF%E0%A4%A8%E0%A4%BF%E0%A4%95+reviews&uds=ABqPDvyx0lnUxCqcu457zkfjFnbufFi7wyDiQfp4yUxT0UQpj7G-WPedR5IPSULg7TnjeLsm3nyDAvfYu7wvIFOSIAH9Hw5Si6hs4wNYtGrrZHT69mSC7VHNrkVHIEtquJXEfpmtTr5iTWF-Fj69XQsF2T3OV0aIyPRVf8W9ATf9NUsFKvq-FzFf1vrMAWupApLVuVjOHjXypP0i6OiMb_i2G-_YQ0cJzvzQNPWay7ow0oVM33i8bLsNV7ZbWUbBeV1biNmEaB9tXck-NUi90TqTUDYhN9AY9NrS1vnxK0nfHtj5-LFajSYd9lSyX-WgChazjpqQ8jfQzRv9hv86YjGWGm4HQpwJJuo2Dr49oeqjhEUpm5jaBxoKdh9BfgYbEZnrT6QljBWVDrEzTkAcDOwVXxCeAZSTOgRaLQ-KoUKqdzr1gtOa7m_xSrUpZUW0CuT4hbROGWh6KVaUiXgyHh_Jdpmvyo0YqfqEsFjw-THqckzmuziaLxs&si=APYL9bs7Hg2KMLB-4tSoTdxuOx8BdRvHbByC_AuVpNyh0x2KzV-eQ_NREDGsRVeLnbMtAsln5y1k6tgVyIq_7JAuuP24lma-MUYnUBZsmbM8_ntdGcMAaoMmURTPcJBIvV0rypYaPLx_NWKieqh3-WBF69YLIDOCkVMfOx70-QlrNfVaAn5TFEzeGM60_bkm2AlBu13zWnxKliFiNtM-Y2f_J2KmAQuceQg47PR-y1i6uQenA3-goZeGeQUoRDaCu5YiaMASYJICWnnwELXg3SUEr-J6pvkLWw%3D%3D&sa=X&ved=2ahUKEwi1mpeY-KSNAxXda_UHHQAKIhUQk8gLegQIIxAB&ictx=1&biw=360&bih=663&dpr=2#ebo=1"
wkl21gm,https://www.google.com/search?sca_esv=d2e7cdd0b004c888&hl=en-IN&sxsrf=AHTn8zqMg4k_wNhmGDLjgBtCtjixaYqehg:1747293740229&q=skin+and+v.d.+clinic+chhatrapati+sambhajinagar+reviews&uds=ABqPDvzLP3SRlPiC40tU3RKSDRjl3-6cseSPOyPD89EXLstbqAhPK_lMvrzlwVKN64ci5dB_Y3pJ-kd0a5qQkKMEeWa6ObYksV2a_0hPabPpcCZGlnp9StYk5MibLV9cNja3GBtkUHuBbe0SnBdLRTWEhvf3QZI0b3M1YfJ0wwFm-ptomRSeezBSMzJWhArX9MbjMKZBNgBmFeuhrMBC17A2JCQ27nmIL4zh4V3Pv5VtIrXkUvnfV_dvDWWu_M19v8rRfTxxriFsbbuTFiLy_xNHR3OJLD2RMxxcKWmWVDink0CauPhIqaMJ7zEAqZWZ5x5l9TEpnlG0aVuS6QsPIenNPQnqoO2RTViEYlIxUy7Zy78NTxcPRAD5mgI9YrFXyX9fTzSEudB269RpPno5VhZj3KHE0co8AFLGVWX7Ea5QiMI_8s-zFdk&si=APYL9btvhO6SAb8jF9HqTZMMa7vs_teLnZaEVrJZwRKFIIKjoXLen8BXYoI1ofhgjFZLIL1ddP-GBTH4Qmrv2hOKBROSOUTGCKQIbeWy9iEjf7v003LbtkK3EYXYCsJMpXoYc50MhGXOZy94j7L8xvUsFmBHot5GkyWGGlRJ8efRrUyTWbxzwXQ%3D&sa=X&ved=2ahUKEwiAotG1-KSNAxVuZPUHHdbgI9kQk8gLegQIIxAB&ictx=1&biw=360&bih=663&dpr=2#ebo=1
ert07pw,https://www.google.com/search?client=mobilesearchapp&sca_esv=177fae3e0b1a050b&channel=iss&cs=1&hl=en_GB&rlz=1MDAPLA_en-GBIN1132IN1132&v=359.2.735510536&sxsrf=AHTn8zp3U1nmNZEnpH-Jfj8L_dCfp9xdyw:1747293818300&q=avdhoot+skin+care+and+laser+clinic+-+best+skin+care+%26+laser+clinic+in+aurngabad+chhatrapati+sambhaji+nagar+reviews&uds=ABqPDvxzqUiDL1qwdTQPbcSvfo3Nci2il0QafaH303HmvJUG_a3MV71k8RQSp_Fr0LQDN7jvaeWj-7h9-dSdLoYfxCOSNh3e1A2l3w6ng4_UXGSIxCVt2XMrWSDJ5eQkZ6L2e0k4zwspoa58aBXRyF2eIYovjlIvd2uyImxB0vUQzo2dURqSLCPirmZCDtEMCsQtFtHoBFJUe-_raJaGZYwcXtU5OFHsClKo1HF7bZCaArc8IECp3szvGONwFyfCQMJNyXgF-VwhYHjhbc8WVY1FKRzrj62FoH6cO3cVXk-EF8k2I_bpw2KXcas1NPqINsedz0zAVbNDKeO490hy63WCzuNG--mQDtLfSeLhwj8BPLVzKtPqKEpS4tvN0XEj_0ts5rhnq9weQcSK562aUAEf6EvGSv0elZHrNNY92XQ_XYSXPHssVqpurgINCMFyn0ET3FQP6DUjsEcS6Oqj1t-nl1cxEHbAaKgCFYXRYgWuuE0XhJL9yKUp8SakBAfDAUwUVeJvi_EeH3l-sw-mwulvWCWEa-mF0E9_cP_V7NJfuFBtkp4PbvA&si=APYL9bs7Hg2KMLB-4tSoTdxuOx8BdRvHbByC_AuVpNyh0x2Kza3Tzu0LS1kSGhrMLqT61b8Dh1-zN4Ji9PDHjZJbusyfd-Q7BMs5x8TzomTJsa0S_ncYkxEv8X54M2N28E6o2Ok6nPzlwbyml0WbVBeE1mbvyDz_z4i19F802o54WdDqg5SOH33mMHCGdVrOwUNx-MZeMrWZE1UjJWvj3rSvkRMfA3w6AOFyyngQFYGZs4HxU8yosyv8y-12OY9xdh4n03aBh9kb&sa=X&ved=2ahUKEwiGrO7a-KSNAxXSUGwGHdLhAdsQk8gLegQIIxAB&ictx=1&biw=360&bih=663&dpr=2#ebo=1
yha66bz,https://www.google.com/search?client=ms-android-samsung-rvo1&sca_esv=a2fccd0347a25b28&hl=en-IN&cs=0&sxsrf=AHTn8zpTnIzuChmMq0y5wwb9Tylcyz-rEw:1747293868122&q=dr.+alka+kotecha+reviews&uds=ABqPDvzD15ZKSLjsjtapU-sSqaVHXu-_uu-QlIoHiN_dukvnsn49tkWzTRjrtegOehfFA6NsizaLOoR6mYUdQBM2AynOsacxVy7IIqOnaem_wN1ZfACLoATS_NuHJmS4iyaGyHn7kv3Gabj_7DUGKmZsLvmqW4yUPAWvtWWDWNbYOz3885qbzhRhsgL04_wEVqeyN28XhVnFhDhwlVMQh438nQ_KwAh5j6u3I7nIxCmvnyNJzcb69pMrBlV49vSjVbMuPkzXBeff_gvurXp6Q4sHYIapgqGv8l97aIqoDtUpqIISMahPsouYvyYgfMmJpZ1TKwM2by9CUZ8NENqlryKDPClqCvq9IHVnQ0dT8Eh_OqjciTvCezXHAV3Lz8jBGv-8-PBCJXjFqhbKWIg9Anq4MR6VuRcKjvQkJ2GNBImBv34v2ff-un4oQDicMfCXJs_8Y0FiOFh7acVH71bEtqHpOJhgJfON3ds6m8InV7nEdMtlkRPt36QWy4Sr3WULLZN_clAV-DcAyMxlIwqPLOZPdgDYQOhNuw&si=APYL9bs7Hg2KMLB-4tSoTdxuOx8BdRvHbByC_AuVpNyh0x2KzY9I65EuwQbQEklTHlnJJZt_iliC8m6a1lxLYdGnQ-WK1IPAsjpGOi04bXjq4yyjSIKWz8RdzZuENShTdgcmyj4ATfkTyqBpT0ZFDGiquNKqB6lXuw%3D%3D&sa=X&ved=2ahUKEwj8qc_y-KSNAxUhe2wGHfCxNOMQk8gLegQIIxAB&ictx=1&biw=360&bih=663&dpr=2
sye09ts,"https://www.google.com/search?sca_esv=d2e7cdd0b004c888&hl=en-IN&sxsrf=AHTn8zoJx3NMt7bJsaGzKZzIy2OTJzBqJA:1747293918215&q=dr.+uday+kulkarni,pure+skin+clinic+reviews&uds=ABqPDvxglH1m8Hi05E3K9bUotz_UTJ7DJV5hpFX09ULkJlrJeX6Zj1cab-Pmd1GqdV4gQ3MiedEsgDTRgyCG_XVIHP72j-eM-hzztbUviLwAqYNrT0Bu6Z7sylEMjxW_epbMaCZfbHnCh4II8XZb2xLjkIFm_F1xuZVfIqmmjGdQdnIRUSFJ8YN1L8siIqjenmfv_AiMj8YHY8nSjlKMBzJiLsv_imR73shT_JN8YdTOTzV3YS91S6M4dQddmfyW91LR6oiBS1QSFFfMvm3jk7Lu-Q0TmM2aHpAzL8SNvtEvDpc7QHH4NwzFlUN0Zp0n-smCwpRCOFU4EcsV-NXCEkWVfN6GlaTQ2fpx5KX8VguJqpdoUIqfnkKn8_sB_dCh1LYNuaEtBfEg_qYuaIfPWqR2fjD-42KviA7_4B4IDwnrn5bnhZXd1Ng&si=APYL9bs7Hg2KMLB-4tSoTdxuOx8BdRvHbByC_AuVpNyh0x2KzQepez7WdCpKZBRefBHiGxTidcO6O6SL782SLpaBZ1oFmIZ8GGUiSkycFMCflfD1GgwjQN3jPf-ckIv897Rj74vU6LlOW9y4jnRHxElO7zz2OfbETOHiNc4pXPGKVL08UcYAZS4%3D&sa=X&ved=2ahUKEwiK08CK-aSNAxXmRWcHHQyRJE0Qk8gLegQIIBAB&ictx=1#ebo=1"
ocq45jq,https://www.google.com/search?sca_esv=a2fccd0347a25b28&hl=en-GB&gl=in&sxsrf=AHTn8zoQGl-oILuZ4djFFEy0u3ihNm61Fg:1747293971763&q=indumati+eye+hospital+%26+skin+care+center+jalna+reviews&uds=ABqPDvyCM2Pu7ppM9h1ySVc1GbFpJeM0kchDcYDCpghoEKyK-gJTV_TalLMLo7FqSd5ajAUjibDFUiF5dsxAFBamJDGj_vQrmjWICuMdbYq_Zvg3sq6EcEa1u7dVTH3R6G6bpFIelkWNaC4zZOFNwxVl-SVArWr71SP07BM00pAsszbTRwRgIrGf7OMzy4mdnmXkDfXvbXEW97i8Gb90HK6VwzBW-V7oquCcHFa6PKPvB3xo-gSJhPDzG-Suaq1YX0Gi7ucDMbjoKRjmD2EEUmfyhk0exV3Ab1m6pJwwZdNwHP_QThIhdpstdEl97WCOlMOKY68xvfjjCPaQnuR5f-TH35bEuXPOCrTWX8tNxKwTdFlu57Sj1gon30rvr2LDzRsJrb-kAH2Us0wb6FMd3l2Nkjaaoa55AlDxzC1mrm7u10U86mnxYK8&si=APYL9bs7Hg2KMLB-4tSoTdxuOx8BdRvHbByC_AuVpNyh0x2KzZa808HZ5uBW_SmRTnE9lJ6l3LtVyIHAlwORsraUJFXeUwT7TEexoDMcSEU3arUEIgbxRWVjBjOBrJGEnMU29Dn0G_QKUHVGxBIsHxWguOThwYWKHi2O14XDJllYefJ-0lXbuHU%3D&sa=X&ved=2ahUKEwiWh4Wk-aSNAxWsV2wGHcuBIhcQk8gLegQIHRAB&ictx=1&biw=360&bih=663&dpr=2#ebo=1
uoo84yk,https://www.google.com/search?sca_esv=24aa4a238b608873&rlz=1C1CHZN_enIN1087IN1087&sxsrf=AE3TifNRGkn3PnzQBVMi5Y_TN6vs7gcAOg:1748069976613&si=AMgyJEtREmoPL4P1I5IDCfuA8gybfVI2d5Uj7QMwYCZHKDZ-E24XIOZ1D2rijXTPJZZtFYJhWJL-Eavsi6urz2udOHeptJ_zBv7Yb0bQaALP6rTtJw_yfmfq4Q_Ab51OalUgKW0ELfxvAoJ6pz-heQF4UkTttwbeoUaRU9VTdW5r_p03ncNsN9k%3D&q=Apex+Children%27s+Hospital+and+Skin+Care+Reviews&sa=X&ved=2ahUKEwjSmf6PxLuNAxU32DgGHcKBKSIQ0bkNegQIHhAD&biw=1600&bih=773&dpr=1
jnh29dp,https://www.google.com/search?sca_esv=a2fccd0347a25b28&hl=en-IN&sxsrf=AHTn8zpCKYCjagHCjaqKXW2CHDrFThzIAQ:1747294066211&q=skin+rich+clinic+reviews&uds=ABqPDvyuSb5KsnWF7fl47IjupXS682PPcjGHtEehFnA_qGMOM9UtOdrzYxWnJRVBHdwzq7BC5fF76gpQkB6uYckqtTQyybB8bBkMOSIW2HyrWNGIEsaOVCcErgpA7vOEZkbx5TABWfjXCofmDjWjXjXCIvwDGNxr7E5qLQAiBaayYP7S7BpwqCLxHg-oceSetLP-hgRXeGAFScqUfSVgFdmgYBxp5pVJJVvO5BMBiEGTDgZRzYhCeQXnHC9p-bNFVFXdWmmABZZJ_4YD0v7lgNVGGIUHjoQ-n8QSPeeoiNVcVuZMnU7mg59YtUOS3nH3bMRCU7mn03pCyQt4Qd7VF9F99BgEa7e7WkIJNKg2Wc9qf87NS09qXJ3Tkkgd94U4RkBUeagEVc-lyShD-9VRiNYmjSw2wOej7YAqVs6rDmLUePOoAx-aR66T9nmlafwiuQA_EqEhCCeAUM00K-83ZrNOSGMvViuqSw&si=APYL9bs7Hg2KMLB-4tSoTdxuOx8BdRvHbByC_AuVpNyh0x2KzaywvZh1iGUstm70FXDG2ywp35_m5mguR_Y_mLOE8cP1TUtNMDQVvgKqOlgpHrmRRQ3VCYd_tgOJd4utfZRPgXfIToZeDy1iz7IH1cSZC_xA8yxpRw%3D%3D&sa=X&ved=2ahUKEwiMz4nR-aSNAxVuS2cHHXbkKrsQk8gLegQIIxAB&ictx=1#ebo=1
pfj03xv,https://www.google.com/search?sca_esv=d2e7cdd0b004c888&hl=en-IN&sxsrf=AHTn8zpW7FljR1NCC_laVxeGerJ22iw28Q:1747295410456&q=dr+barves+skin+and+hair+clinic+reviews&uds=ABqPDvx-BdXdKDpAKnuNqwRMvd_pAKmJ0vy7KJha3BljOjm20Ciah_GtrBZHwnYp3AWDTNm986yGbc_1Us9YerK2tATZ-J9CEzWhwBB0y5cf2leqzN90dVRDLFbBYQPTpCDAhe-B82CzEnvURL9HK10WAyVKEkTDjMJoIcVNwBtXQ7KfJqWJ2DF1xQ9GrNAHnuKq1XASvtmsA3JJeBV1lVodYAiEeQDjHZzx-_3wP27Un_OH-ImGrw1Mu7BrS2hB8IQGL0fwIrvn8VQhDBJm09VrqW1_qPONTWX7k0ZvTBRuJdE7wk8m5Q6gF51NMSKH8cMQJnECVj3FnLcmDqKrN581_YNTPPhopuZ-9r6n1H-OrIM5YYgUb_ODYNAmeVi3XFMpGRNZFBVyRQStl5sAZM-k2elvQDbfDypHYKSmT1x1a_kBwdNPwYMS_FxZaefyL0p1fi1Sm-OzrSoaRjU3aI2we_1Ct0M0cIXPrXmPx9N_CK189EO3o5E7KYMlfPgKnQtP_9wz3koZk1MfghJVGR1MZrimuuk3laxfuyRqAFldXS4Qq1sHGaQ&si=APYL9btvhO6SAb8jF9HqTZMMa7vs_teLnZaEVrJZwRKFIIKjocJ1VVcLLSyGl_5cTECn7MHgQlhniF-Guj_c2JZg7_Hj-AU6jPTLPkKwYjhxCXqKzfnMJsAFPk3Ka_2zFByHrlvBhG0vsJt19yC6EBTj6BKvEDNDIA%3D%3D&sa=X&ved=2ahUKEwjq8ofS_qSNAxW4U2wGHdlQD8wQk8gLegQIIxAB&ictx=1#ebo=1
nud52qx,https://www.google.com/search?sca_esv=d2e7cdd0b004c888&hl=en-IN&sxsrf=AHTn8zq7_AESX8vuJRqIXpNoIUnD4twVgw:1747295470372&q=harmony+health+hub+and+dr+ketki+gogate%27s+skin+and+laser+clinic+reviews&uds=ABqPDvyusv7QM1KfW9KQlAOM8G2C4twpHCoU3c5F9NwobgNYDoIBPgUXy_wvKUHrstY_TC005aNXw4Pq01PmOVK1KbGWytB2ACMXmBZV1CzUmKWFIAIMgSVi3CkagNDam-WB80rjessh32CXo_aEf9L_tY6nXRzpJnlRy6quUD9Mlf_ECGqoTQQrwYeUx72VU-45lup4NElcEDeKMOHn7wwSkeMfvGu2rJrT5dSG6WjhgwDQOm98DDhkess_YOcfLSQ2_Hjr0yLa88-61mDut80tV9ajY195ezRmz3W3x6gxtT7Cvv5tbxwTe2w4dhDI3Jbpc_ak92-09-EtOvNvqaTvdUFx8QuNdbc8oW-Z-U-z66m4oERmH6_NXVAy4K1GOsijVYQ8gCs_FGHRt4qQ-kRek1XqA2_cXnFM7-StFe3xchH_n45dePBD6v9uWau33yb16Wf59jqiZakCVk-pwhYZTlmViGmOwnexrJ-WQhxdloDOBDBrCf3JqkE-TvR-VoCUQdk1kZXkdf6nrk8R2LbfhQurxLL8LQ&si=APYL9bvoDGWmsM6h2lfKzIb8LfQg_oNQyUOQgna9TyfQHAoqUiundperO7akA2cN4lA6T2jpFq0wh1SMDi1bCgiblurnFs7h0b73-yM_OClfqLI43UB0gaqeNOtbZh6XAxRdwCigALL4DCqVAafHxuReAxYlUPoCOHAVDBZ6Ph4tQ2OXep0T0LnEgDM_OgRdgt41J1H_KQil&sa=X&ved=2ahUKEwim89Du_qSNAxWIR2wGHYErJmQQk8gLegQIIhAB&ictx=1&biw=360&bih=663&dpr=2#ebo=1
elx74en,"https://www.google.com/search?sca_esv=819f551c3d47b554&hl=en-IN&sxsrf=AHTn8zqsoGO8QqB5yLKoFIXn8S0QjbpmbA:1747300051076&q=sparsh+skin+clinic+(skin,+hair,+cosmetology+and+laser+centre)+%7C+dr.+nikhil+kajale+%7C+dr.+mangeshi+kajale+nashik+reviews&uds=ABqPDvz2AFd3XcaT_1pt8SU_6Nur8T6deRcvqF-_YORa3XJMFidilgHzDB5C13sv9SWMAfRf1ZYzss2U3kTHt9OgVPsHyCCH7fNZPAyJe3d_7FlJ8jj3DmRFgHrZK-RzhClBighgG-u5U9nKkknEldqPfoBEhjYCKIXFjU9DiVII7kEQ_wodmCah8N1HMot3V2tGJCJWGHAW3XukZE_yRrWqXpuc84BTVElsQB2K2eVPHgfQpQPWjKEnOkeLfVq4e9gbvlurN92uVrDDFKjy-k-oth-EilaDlPZholen4wm6NBszA67rbcvunmkBoJg8w27Itr7T8WBmKdn_IRjfSFxwpH1m53qCmL20a6ynneFVn5_QvkaiTcQPEsGUD_ApLR_m4cDL16O7ft_GuoYFTF94qkoxg1HolgHESiyI2PR5clraYQHN4cfc_i_IQ3myLBjNYBHrS50LQv9uS0n2o856dIEpsLUmIBDK86gyAa97ypQLtFVLge2Bb930B-kYA0mK-Opte2fMcUZdjYXItLLBnSM3MGRu1nfgB8SWMyoO1_42XTqeFD-qm31Wdw8otQ0vRIskW1oD&si=APYL9bs7Hg2KMLB-4tSoTdxuOx8BdRvHbByC_AuVpNyh0x2Kzd7lPAn19-0sAXZH9OXSRF5hKK518e1ObOqLeJw_88xkW2-paDxuSMADskqiGwCkbE9LlQyyp-j4E5AVntBooYlGCLeNaSYXj8bgDKut4wsdmItHcJ4vAE1t_6HEREeWHSjbUf1ory121v2UeBNMLpsrr8doAtslWfayjWvfYd9rpKodH21Qqh8rHUwQxZU1FqwERYQOqjKrzQWMRBFNF7zPDjAB&sa=X&ved=2ahUKEwiT6_D2j6WNAxXgR2wGHZxtL_EQk8gLegQIIBAB&ictx=1#ebo=1"
qsa64gr,https://www.google.com/search?sca_esv=819f551c3d47b554&hl=en-IN&sxsrf=AHTn8zpYLfpgLeAjP4G52KVFhoF1lTmAfQ:1747300087163&q=kaya+kalp+skin+clinic+reviews&uds=ABqPDvzZx9FahazAyumoKQJFjE83PaDB2VvtDkanzhSSHWIh9JlyOy5qUGZ0yC0uJASThk0ZDbfqkkemWkLw1-JvbuHhtDxGAyIsucuGQsY9kCxBGTq-R7L9XTrix8LSWNi8_bc5usUClmr7GrKQXpnckDaxPaoz4BTAHrLgj8S3h_eIO333DAFPStUmp5b8YVG2zkMBKW2kA2XKfWDqHeoLhiS5xGQchSVnJtAYqfC3yEGdPpoxdTUE_GqOaxTP_f9oypQq9GTCi0cVIl0GJgu0HMXsuAjqJZjqJvv9tSTTYu_xNj23eGv6bKgvEyD6Yvtn3kuJqRgakV2W_gEYw3CRrjG7zG5X3sDxZOWJav4PPibjesOD9rt8UlAAQRTRNw60YaWWRWqvN26cJc4n-24CYCP3zHYfkg&si=APYL9bs7Hg2KMLB-4tSoTdxuOx8BdRvHbByC_AuVpNyh0x2Kzd6wEahgu_WSPbV1xBOAQ4gdH-cEwd8iCd8UHZhZZCKAYN_kOQd0s8hHUbwXpzaJtaDcfUeKA_8IUzmG7msbsnb2NTUOqocv8hjX5d4j-AvHdECYxA%3D%3D&sa=X&ved=2ahUKEwjIsYuIkKWNAxU8SmwGHer4L60Qk8gLegQIHhAB&ictx=1&biw=360&bih=663&dpr=2#ebo=1
thg54em,"https://www.google.com/search?sca_esv=819f551c3d47b554&hl=en-IN&sxsrf=AHTn8zoh8bpy5dcV9266BLSUSfis9_suwQ:1747300127730&q=skin+therapeutics,+dr.+namita+chopade+(narkhede)+nashik+reviews&uds=ABqPDvwtqENo60GiIctmB7p0NXL4wWjESn1MlTYdnzjTFvFwIgjW9ll5b6wu5SO-kKlNl48nZo2GfufYBzCCeEJqv8-yUnY8d_lkKahvsfIYLszC2PU0n-BAS8TwDFDpwukqd6hxu_IxT1oWRf2qfcQOcfH0ae6nNsf7j2zynfKSCBuCwNx-OW7FGJpF71OQFQovkcEJ6Qb0YeVU7BsDt-wQMpI6StO3O7pFLLjPyFU-BjlBDOblATZXj8QKJqMKA4WiguCbKa5rxfAfV-4VOej2FMrZCdy-k4ucyLuw-guoXfRdnaJRuManP8q-9bSdBZKNc2IU0w3UqIuf9kilToKv7jr6nbeKMY0Pmo4Edz5H9imEx8Pw3ERIzABlCSjwmI4Nnw8XFAGc0mN8tEJXbMdkPWzpBgPYZr1ZQiDTO-5n3xNSDIlXOitFp-NjfINBu4xfyXmFPe8wvJzdC8cmSkaiKbP7AtSjo1uMURzOJBddhKb0ZxijqLuBd7EkzBndgQMsvsFDEhyDPNTkt6rJp03kuGWt87a6lw&si=APYL9bs7Hg2KMLB-4tSoTdxuOx8BdRvHbByC_AuVpNyh0x2KzbOYzfQE2HINbXA6ObINfFFfQ59DsSkSqccBng161MkEWdMzbSSSCYSLLFvvdpgr6gV59Bg1agWutPdPz-fTrig8CbV82jGqZCw0PK3MLU-y6YYDLj7YaVEPCbpSKkk3_febKiaPkxFylAl4y2mIh3Bd8X74&sa=X&ved=2ahUKEwj_t7ebkKWNAxW8cGwGHXbxEdwQk8gLegQIIxAB&ictx=1&biw=360&bih=663&dpr=2#ebo=1"
ikk35ty,https://www.google.com/search?sca_esv=819f551c3d47b554&hl=en-IN&sxsrf=AHTn8zqBT7I6vMPsg8_i7ic3HLqODcb55g:1747300169647&q=vaishali+nahata+reviews&uds=ABqPDvzLAuN_z7omrOtiJVCtoPFmdKo7Kmr22mkzKLRsofCOQrgUblzKLelG-oMEwVctXdJCuS2uVuexzt03mMEf33K4-Ld6VL-E45OBAlCv0ijERwuckeWy3AbmIwRCEvcgFNVU1c5NRj2yzin3V4VcSS0kuj2HtK5clbaA_Gla7WcrBvABcw-E7H9Kgh5XouLmxqjQh2VH18XplLvYkbMsqLaIf6rL0BLbZqM0zYVndAZCCtM9FNhre_AGvjUt1GFO-wNIAAo8TdS8uFqgtj7erpBibOK8KcBAB5LJPSK5aeGev_8cXq-mxVFJCggPx0wbAThNpZoFeX7M9WBSvbTIkviKaeCYcbIhn4q--zP6sfpa35K7zzjcsU1YeK07j_NjS4RKtJPu&si=APYL9bs7Hg2KMLB-4tSoTdxuOx8BdRvHbByC_AuVpNyh0x2KzdNPBlGVL8goDxHnzmsPnFBTz5uza6KCQiPNQ6GStbMRPd3YtnQIEBVmqc23rLiidxeeF4n9FFtMkpWgzwGZXOEs_JMh&sa=X&ved=2ahUKEwir8bWvkKWNAxXqT2wGHWUtAgsQk8gLegQIIhAB&ictx=1&biw=360&bih=663&dpr=2#ebo=1
xka34ke,"https://www.google.com/search?sca_esv=c540a9187ac95f1b&hl=en-GB&gl=in&sxsrf=AHTn8zr8Y84Nz-yLOPI7mKzAtB8lIpaYKA:1747300228058&q=next+gen+advanced+cosmetic+%26+dermatology+center+-+dr+aditi+patil+%7C+best+skin,+cosmetic,+dermatologist+in+nashik+reviews&uds=ABqPDvyC1HjcfnBz968PFhrhimUq9w4Q2IHfIPm97WrjYy-ilx27Oz0fwvVB996Z35bA6nE0BEE5Qffvk1CwcbZeLgV8fTx8y19QbSbvB6EX9Erp7nktnh9h7Pi3imVwbr2FFyjBCGL0-Lbq27kCEGwf2mYkLhBOaG2gljeRPba8_gjEJjH5_MSTEvWVRtnxDZqg3ZlTjmoXl8aLBOPnnjhFsoLDUdNaORoNlA6e3tfXNTPKq-2mvfB8oXB89JmJQSF8ivCjGcDm9Bx04idJayBZgelCkWSDiRyjZozryBgsEcFWarVoCDfomFwxYM2MCFAIScQlRwzkCa_KFST6kFEVYkEjjXHtAT2UI45IfoXF13TOZNN6oHAtRipqgrgyb5Kk1x_yaH1ggdDudy4n3EiXacUAoKt-5VW-liK8Dw7gCP4o4k-I8Ezpmxq5Hs4Tl4u7uAObCshlQ1pTPu9v5u5-2FIJLhdm-MLCUNFJmim5McWLcg4A02Q7HVKFWtcvpV-uCSmC7Y4B5WyvjzLdpGHk7GPtp7_2Zb0U7LAJtZcK-yp-m1TyJ-LFSQ7-qN-aiOP95qxO-UmzmmJLv53QPJQl75tpzYB4msXevit7Jzlw7nq6JSPRO0F6j2qgjp5ePtvFvajjuc0eJTR_Bz5O6ndzFDQE4G50oUYj7hK6wFi-117b1hcveEg&si=APYL9bs7Hg2KMLB-4tSoTdxuOx8BdRvHbByC_AuVpNyh0x2KzTKwKFwxs3ncaDbGv0A2U-HKTlHGPg8QommN4vpnI32lzXYQuIS-UhA6wyZLw7hSZa7xDRlRCNlaCUc9HBrYdtoeld2m-wDSZ-mE0p0tpPTbcB87mXeSxtXzjU-fPqzlWUzB-IMVJx7_KIIDE7BE8jA2JU138HuX1PXVH5bfED7C3_zhckgeFXGeDpOI9__quOSPOgdMTKtUb9yA4ArlE6kKu3VK&sa=X&ved=2ahUKEwic96LLkKWNAxWhS2cHHYt4EcgQk8gLegQIJBAB&ictx=1&stq=1&cs=0&lei=hK8laJylA6GXnesPi_HFwAw#ebo=3"
scl93nb,https://www.google.com/search?sca_esv=819f551c3d47b554&hl=en-IN&sxsrf=AHTn8zqTDKtJt1pCCdYyAnbEPK4fV_j2LA:1747300272997&q=dr.+ostwal+skin+%26+dental+clinic+nashik+reviews&uds=ABqPDvxbrPYrbrCoEHR09Jy-_xiZLby6p7Dqkd0IX7fqNFJUbqYhzOBovZl5DG5FUXXBOyg2ba6t8zUpMt0GF_2BbU02Bq7OoIthBmhry6xHjRtB0ZLtBDt7biYNXCc9SYrij4afMYjRcYS_ErUXFmN2CtFqK5Z3v3LJUW4ghPAezRy1C5Dks9-uGA_ZlqR87GSwqLkTLY6gIq-_CizBHx-v8Bdp06RGq9e57bHi7K8kZ5MrTBBRINuapuokD9te8MQbHbJEMGuL5Tq2lSyWF1X1R8LQud6GeQSThqMLsR-GTrZJP4hbQIK4sNEVgVaunzq9fjEl_Pl_XBlsqqBRSclFjxXVQvF5rEHS8fy-1qz8-UQzjWmxUqLXSSBVm7M5RyH_W0cGkgIe2qXGI-3_xRl5s7MvilKwirK_dq4ZOwBStntqjJLwqftWBf6eyJMmvmnGZtek9QPKLBBPhrnJ9wMYeLnEHLTI6FcQRxlzFr_5X8u49k_mHjUcpqGiPqikHTHIEVSn0WfplIDr46jv87tvg7Zb8Lq6QXm_te8T55KpEuFz2QQX_SYCwNVFVi_Up8EoYjCQ3HmP&si=APYL9bs7Hg2KMLB-4tSoTdxuOx8BdRvHbByC_AuVpNyh0x2KzUfSeJy8VKI1LyaofGMQRQw6MfkGzblQSZO28ZNP70aNFw-eiB9XZe9quQ4kLhqSkkxBmL4tJIwbNSZJ7t7LFkZ9SxcskTDbIp1kSKX_rww0BqP5u9CcpAurPlbhURfUYLTaZ2E%3D&sa=X&ved=2ahUKEwiG7dngkKWNAxUaSmwGHRRvEVQQk8gLegQIJRAB&ictx=1&stq=1&cs=0&lei=sK8laIbVPJqUseMPlN7FoAU#ebo=1
vvk84wn,https://www.google.com/search?sca_esv=819f551c3d47b554&hl=en-IN&sxsrf=AHTn8zpmzmenfo5yVnHBtyW3vuxU9j5s1A:1747300320740&q=dr+sayali%27s+cosmetic+sky+skin+and+hair+clinic+nashik+reviews&uds=ABqPDvzhZT4j8ry_ybXc2YXBXNoXvEyAO9ixNsTmwT0qu06N_0Zow2vCraGOJKXz6JfIInokU6hlS-BZ6QpbBIrFuwGx9VA4d2Ipvk8vSxaV21txHKkl4dJfQgSL4-7MCfYQ0OzhHCB7dUBCUyYM3FILwJo-xIod_YegP-zICCn7xV13GTLQWddY7JfSJlxCdDngxYUqVLhZb-YNdo9rbjlsWp-HkDT5lvVGL1tS5kasfrk1jfSYFF1KU-UHLKztMCyt7MmLdfEqZZfj5HqdV9ssbs7I41av7Q_6yoor31O4SUaX3YtwaF0P9KbLDs9g-oSTSL2udJQohn5G8zyQM4nbnY6g9y47r7fLj4pv29n7AXIW8jFq1mQK8AsmsnblSMOpVOEEptfuQ7tsHn8Wuy4EZGtVsxY_t4r23LQKBSLPovZPhPUGkilqU32FswTAWQOMCs56XK_t8w2puaosNSPtq1YIdk1HKdtVqPV_oiekRgSUr4Yx_cTSUbc26eVBwBQgVVu6ymVrZo99LY8ixlcN8N5FGAY7MBeOVj-RgHaAumzRoQoVTd-u54-eeC9d8YRMRs999AXW&si=APYL9bs7Hg2KMLB-4tSoTdxuOx8BdRvHbByC_AuVpNyh0x2KzbUD2NPHqu4R_iHVbuPaElc2d7Q57lsb9UPR5GI2pK8MbosQBHB7qOKn1UUeqAwCh8LWKkx7EYVrC9JzvSOqw4sUR4ORNrt0sO0bdyN2MSC7qymDw2bZTNLrkAOwzyt-KmSQIiYuK3j02bDU5RpljN7oW2So&sa=X&ved=2ahUKEwjF6rv3kKWNAxVnRmwGHd1aNmkQk8gLegQIJhAB&ictx=1&biw=360&bih=663&dpr=2#ebo=1
ryz70op,"https://www.google.com/search?client=mobilesearchapp&sca_esv=c9cf64c8cfd6b22d&bih=879&biw=428&channel=iss&cs=1&hl=en_GB&rlz=1MDAPLA_en-GBIN1132IN1132&v=359.2.735510536&sxsrf=AHTn8zq37Ny1c8g3kS37KO0wu4wJC3Ox1w:1747300357603&q=dr.+sudarshan+skin+,+cosmetology+and+laser+center+reviews&uds=ABqPDvwPQlLZZ2nF--SD88DcRFuTdmQFZ7KCEwl6TLLYtOc-dL9O8LgKAN0F4m0NA-dtcOhu5-5eckDmb1mKG-p_40Ek0nfL71Z80sMz60D2MK8Wg5ifh5JRyh7YJ7R0d-TEgY5Rsi7AWN7Z3AwNgG9-ucNIBeEda8xJIf1TSS5bm34j3l5PecvIlLryIV-Zqi3-r8kAT4HCJBZLoZxOv4jVtFHUJPJrB726Dsan2K59t0NxmrkMnmys_fAIIJ8bo37_nKktXeIIjZ7uhT6I6VIeyiDqvj1S3pNcB_ZvRQk39hGqqc0VMmUpFVOvQU0D7uD84qsPxHY3kS0jBTg05pfk7MenU-5_6f3Ipu3FTK4K6zDsrzmUqgTXDx3ZmmXnFdUMilsf711-LPUsRdeVt4JsP2M2cWxw32PYjcf-WydaBq54Kfy7KhJrMDQyxPt7w80BRm-RAstj&si=APYL9bs7Hg2KMLB-4tSoTdxuOx8BdRvHbByC_AuVpNyh0x2KzSvKXrb8clvERLGU84bQonIP-JR_uFumj0wS63DAe_2r3DxyKMdwHoxmYCdXraZ9FhoFPN0hLgMsD-xqWgYxZ9dBKlGNjKY-JMJRjFB52Cxmkx8nkSrp9gCjmfzm3meagNVYASWtIDLvmLNsXG7AB1wVNKvb&sa=X&ved=2ahUKEwin6YWJkaWNAxU0TGwGHTYPPKgQk8gLegQIIRAB&ictx=1#ebo=1"
vnu28xv,https://www.google.com/search?client=mobilesearchapp&sca_esv=c9cf64c8cfd6b22d&channel=iss&hl=en_GB&rlz=1MDAPLA_en-GBIN1132IN1132&v=359.2.735510536&cs=1&sxsrf=AHTn8zphMogIalz0NbSY85SQ6G75OWneWQ:1747893655582&si=APYL9bs7Hg2KMLB-4tSoTdxuOx8BdRvHbByC_AuVpNyh0x2KzbFqmBhgkh0w21JQyerKIbMZqgiYHpSCiBb2JEs6SNt4fQ2wmp8Jj2Fjg3ak8-IyVJualZsX4s8coxY7kvQs1TTmlADh&q=Sparsh+Clinic+Reviews&sa=X&ved=2ahUKEwjxzMijs7aNAxXUumMGHVmNGk0Q0bkNegQIHxAD&biw=1280&bih=551&dpr=1.5
lze99je,"https://www.google.com/search?sca_esv=c9cf64c8cfd6b22d&hl=en-GB&gl=in&sxsrf=AHTn8zrUVhKzF5fYRCqLmeH6NNmfrrP84Q:1747813011085&si=APYL9bs7Hg2KMLB-4tSoTdxuOx8BdRvHbByC_AuVpNyh0x2Kza_HEaSipZsuMH1VbUnq-fyMtVlqU6hA6SPyaUrCDPa5w1mTaL2pdeSHAsLjmwRuoxvvvZJdzGzz6M5vR78SuoGgZriET3rsBbPfkmkAxyB0vGayeIcY_Tq_K_JJD-KuhPx_CVlDWW1oN4KgffMqhka4S_zZ&q=Dr.+Sumit+Agrawal-+Kaya+Skin,+Hair+and+Laser+Clinic+Nanded+Reviews&sa=X&ved=2ahUKEwiNhaPthrSNAxW3m68BHRR5KwAQ0bkNegQIKBAE&biw=1280&bih=551&dpr=1.5"
uwu70yw,https://www.google.com/search?sca_esv=c9cf64c8cfd6b22d&hl=en-GB&gl=in&sxsrf=AHTn8zpwr6ZLfg9RgV5vJ6JK6gID3gslsA:1747301523858&q=dr+reshma+chandrashekhar+waghmare+patil+md+skin+consultant+dermatologist+%26+cosmetologist+nanded+reviews&uds=ABqPDvwPd-ZqsmkhjvN0-VDquRbFtfrhxDI8krqiLclul-mnTPT-HIKIoSWFgv35aLS5gL-IDS09mPKlow0rPE3qLIenowFUjt-BHufn4OxV1stGnE6xnX-fsMYUaH4CXKoJUHo3FfvnuCeIa605olIDUIl4bVU4yVWReKNRiG5xwQlcYn3TfHb54xqJ2rK_Nv1jdYg8_IlyFr-HZCN1PGKf_8TbPSJuXuFiXmqe2YWw0oVggNs99aFQrK2fAVV1Ujo9dCH3JWFvXc_5nW6HstFCvnlYx3bohoNTdp3nuPmgnMszLuMI1ZsajU4riRE1Y4Q1RDL4qLXi6DbrYnGrcJzdI6XbJjayVoGZlXL44WDK2wxcIR-JrYHRFumP1TEFoRxBnKVvMqwGM5u73pZvzX1ktzCRDamrplYHfnk0TVaiSR78D-DSYQy3nLvcWVV9BneDGKXWpuIvoi-8i346Xe-K0z0VFErr7EI6inyGbMLAvujQIhogu2JArliruqce4PlP3aHKlQNj&si=APYL9bs7Hg2KMLB-4tSoTdxuOx8BdRvHbByC_AuVpNyh0x2KzRYNESzg3bCTVdRiUVAhnctFX5hD1_51zkq59Daf5MXGNX20NogkXvlZYUcAju9fjiR7KrBRpeAVCIuko2TZEG1DyLjKlLOmMYhtVJa1I2T580iI56eIhhFIdJjeN6beGcWfPA4BtczxDeLp7vYXtqHbwTskpSMCIIxUhu2SfR6aVrCDaY_rg88TggmuUtPOcyqkSg8%3D&sa=X&ved=2ahUKEwitspS1laWNAxX1XWwGHS37JOkQk8gLegQIIRAB&ictx=1&biw=360&bih=663&dpr=2#ebo=1
rzf60kh,"https://www.google.com/search?sca_esv=c9cf64c8cfd6b22d&hl=en-GB&gl=in&sxsrf=AHTn8zrXRyv0pvgjyHZ5bePN5FuYRN_-MA:1747302696379&q=divya-sparsh+skin,+hair+%26+laser+clinic+nanded+reviews&uds=ABqPDvy8K4LDLWPX4ez8TlycDjoic3HeKFQZb8OQaMH9B9Ewd0B5SSeRbJCPwdIlHwRbe65UP_nPjbGW0jd7gUqDvrOSW8DQ3sCwJjXFMSVcHzdkTmBJAToaO1ghvx2xIczO2BmlsBYaV4r3radDOxF5BReZXbxsjGKZLni5kuLzr41TeZo2arnHeFPJs0KpJvVnx7a-3wOKLLX1huEknRdZYi1l7LfJLN7DsyrCi7iNKdUKeLM7ytYtb9mr6qPybzCsh6ImfWFrFcagV5BJDPS2SD0NcXyJpthTWQXSBHW2JtoXXH-_uibdkS5bGnPYvz4PVTOAgpOIBnq02EL983-T3jzPIatFSaeBbtBdduWKllylb3yp1nug4Ll7NzoI45HAQqIQh-FnX1NsU39cclQ5Q-yuNS_N02S78X_aJH6xV3iAMl47IwdQHQS1u-M_TzjVdlo2Qitd19TMyqKz_UKOVYKBY74NWs0W6DbrpGtdLil8KBuYytd05GeBeyFscqk4l00uEMMeFVne23fQCJKDgNQ7cMnItcbJirnl6Em3OO3r-QKexH9axhDqYNNmb16npFXagX9U&si=APYL9bs7Hg2KMLB-4tSoTdxuOx8BdRvHbByC_AuVpNyh0x2KzXqANtwX6BHI9l16ZDrRLA4yXUXgqEqnZt7t4RbWqqtMUZ2KUFQ1lUHQ3G500cx3TMjZL7BSbRMEKmw6uiwpbc9FZRO3FCIpfBM0MUq3rPyEnZvV--mpDJwmCOI6UbLD_lgx4ho%3D&sa=X&ved=2ahUKEwjDoqHkmaWNAxVVSGwGHRZ5CRUQk8gLegQIJBAB&ictx=1&biw=360&bih=663&dpr=2#ebo=1"
fuo01cf,https://www.google.com/search?sca_esv=c9cf64c8cfd6b22d&hl=en-GB&gl=in&sxsrf=AHTn8zpptrL5PO16LL1mwSuZKTNe48KVQg:1747304290803&q=%E0%A4%B8%E0%A5%8D%E0%A4%B5%E0%A4%BE%E0%A4%AE%E0%A5%80+%E0%A4%AC%E0%A4%BE%E0%A4%B2+%E0%A4%B0%E0%A5%81%E0%A4%97%E0%A5%8D%E0%A4%A3%E0%A4%BE%E0%A4%B2%E0%A4%AF+%E0%A4%B5+%E0%A4%B8%E0%A5%8D%E0%A4%95%E0%A4%BF%E0%A4%A8+%E0%A4%95%E0%A5%8D%E0%A4%B2%E0%A4%BF%E0%A4%A8%E0%A4%BF%E0%A4%95&uds=ABqPDvzs8elSHh-JlyV6yUlV1RLNei7WcMquyktWsdMTX2JX5k7MGPAzjbeA7Uq5UO1zEAsuqS2yTn5xLP_rVDHzY-eeixRJvIoq266lGirvJl7c0nbrVkBKCrswq0PloKRnCgnR4SQuqPIo6rh0v9UXnNESLyUIRGbIKkFTZuguH34lRKmCxZuUbMXPUBDRQaEPiKiG8gyQKqptGF2c8knNpPH7Qd31FiqPYFKoHTsX59nFeNF5vgn7meMZFDg6lljIq9all8QclWECqzbDoCN8vbSootcZWxZEfmnMv9CkepLaJsyeF5NgsleoZaJcrOdk2Jk6Koy03dxhKcrr3ivzSMgh43_F_N3YJARJeEplhBEEWRvA5NA_uZz81CZHMFbMtNhQ72CpyLovoHJGUWWcb8EP7PhwQg&si=APYL9bs7Hg2KMLB-4tSoTdxuOx8BdRvHbByC_AuVpNyh0x2KzU9jNGHkFEMsrlq2FeUrKI5qavjZDZKavp3lQA_gISWYEEkhttaDlPbYPMbpiA57WE8dFy7HkxOJnlB4LEK3RGgXdfpHdsQ8kmDb0xrkqbPUdQGSv5AmDwjIrFJZ4lqszdB2NRgDqvAEuuZBzN-QdXAVXr1oL8N45rXglMkCI0WUYqZot4j5CvEeQ17pN-Tnbet72rI%3D&sa=X&ved=2ahUKEwiSo8Xcn6WNAxX9cGwGHS4QOVcQk8gLegQIHxAB&ictx=1#ebo=1
obs03gb,https://www.google.com/search?client=mobilesearchapp&sca_esv=c9cf64c8cfd6b22d&bih=879&biw=428&channel=iss&cs=1&hl=en_GB&rlz=1MDAPLA_en-GBIN1132IN1132&v=359.2.735510536&sxsrf=AHTn8zqrlvEFK-T6aPkFmuLhT-NZbQ4-gw:1747304334143&q=indrayani+skin+clinic+laser+%26+hair+transplant+center+-+best+skin+care+clinic+in+nanded+%7C+best+hair+transplant+in+nanded+reviews&uds=ABqPDvwj5d-CgvTLJoCHoVb9C5Q5ryp8hNI6DRjOJFfJYXh4uKy5mHIR12O4-U_UD8SEM9DKQjWpLYrjPuhcnGvNb-v9Pv84yo15NfihGVr-eSDhngnSuiOf4ha6SztfyDo3NZZkjvgDlEpGmgo-Zx5snTFsL19TP0BPC-ekjH4TMZzqJUUI8iN-RAmOUAX1lEzUjA0tFh84uwAVFryJ0ETd1Tl_V28GFmTnBsndMaQNQZ6JBAWJONOwcqzEFwqk4fdAxgHCQJk7WneVu0DcLT_7qIakL7cmT7jXysiTTCqEpVW09GvP09rL3zkuEXFI0745hy4KTPudmNSO9wW8_uBu9J9GzT8C3LtuHlvMy2vvemReFbjJv2u9Mkdy9By7CM3u1ivKQ5EHoyhSw63fsMvFAb3XznOa61L342WP0MqshD27DoEANVdaifHFiNHMy-UMsxmcufnbw3C8su6BBIFE3ov4J2kR1O7RFm2vOWipUQSo7rPey_BiNUTMAlyT-oDWla0TwvJUZj3dHL1RZaoYRiQ33XNBlW55XNLe3UT9-MV1VXXAqDU&si=APYL9bs7Hg2KMLB-4tSoTdxuOx8BdRvHbByC_AuVpNyh0x2KzbmafFoI3NC-SrGqa4z3TDozUO8FdvpGiDGN9mWq-HY_TJQhPnVZO6LbxPepoCXhrvPQ-hlvxA5iirta_ADbK4zUh-WC0N1D0bzcVx2uNcMzqe174VbgMliUV0Mq2PusMJXVEyQAvjR5LYNGviF97n4-MCCrcp3qB4XM_cDTWj4mVviiGB6xI-U_gAKZsO3QrbsZn8Nj0qX41L2M4pd63KhBSfaT3AeYHtOUdxqRcxaqw3rZnQ%3D%3D&sa=X&ved=2ahUKEwi4rZrxn6WNAxUVUGwGHcWIL_0Qk8gLegQIJBAB&ictx=1
rru61qx,https://www.google.com/search?client=mobilesearchapp&sca_esv=c9cf64c8cfd6b22d&channel=iss&cs=1&hl=en_GB&rlz=1MDAPLA_en-GBIN1132IN1132&v=359.2.735510536&sxsrf=AHTn8zpxAE9qPjG1jUtrw3gD7QsTVxS4KA:1747304377211&q=somani+diabetology+clinic+reviews&uds=ABqPDvz_jOK86L9QdPI7h4olPqSiA3cpUwCR5QFx7IP3L1Q6hbJtIM3li0BZePoZ4v92L8JhkU5fJPtl0SxxPBdhU5s_bBCcCK9LCZrNAZvKatwtPdwHmAaEr8pv-GrV2nZFwS5VHOl8-FTMaJnijLfdeTT6cWRBB-bWp2p1Mb_-5VneZtgtnAkDFT2UUOHun7D-xOKgBiRmJJ-cLmwp5jV1-_UatrzURQeJ81AxgkigfgAnZKEPrQsUoPGy8s8TG1oFq1aHkeORY2-EIQwZ0JuejGhDAn9c8lvdfvmHpRzc3bsevjuxVwtuMZSo_hJVuaQ_khABsWWPj4aJHb2XUQ1cTnTeOgv1qYtXt7EDYhBPODwuTTIx3DFtPCGALWiXVWOhoZfk9Ff1AlnHjwec2BUoMAvhgbxs_IyiyM-SL7wcG4xydRrFzVVryRqe7j3gDdY6KQRJPlKHgfW_fZIRuHX1VtHrGLPHuKWRYVHnlKnw7QjmwOBw4_Q&si=APYL9bs7Hg2KMLB-4tSoTdxuOx8BdRvHbByC_AuVpNyh0x2Kzeu2N2-KZO7_KVpOssokAEigATca1bQlXe303wngwKSGAl7ElRln93OQBvYUEDqBRp-LI1UQL51wCLKg9CP3UracjUAxNUGzVQgMpdEDGA5rWtyw7g%3D%3D&sa=X&ved=2ahUKEwjGnd-FoKWNAxVDSmwGHTXeNN4Qk8gLegQIJRAB&ictx=1&biw=360&bih=663&dpr=2#ebo=1
yvx41zg,"https://www.google.com/search?sca_esv=a2fccd0347a25b28&hl=en&gl=in&sxsrf=AHTn8zpJT23IWpjcnYX61VgZjp8DBM-dKQ:1747304418121&q=shilp+hospital+(plastic+surgery+,+skin+and+lasers)+jalgaon+reviews&uds=ABqPDvy3dU3lOnWMAL0vcS4TgZCARC0VvjGvBll7nPdw8DbSCEO-IWsBfEN7JOJegYo_MPVGAeYm-jX7_sJFXPG7iFEFICQi6okmcNnnj5BkGny63Hq7dKwi0w4R9ELickowc_4N6MwOp1sKi3xQne2AJTnw1tGv8nidHuWgvniXd_dA181nNHDMx02bLnuVLyxsiIFGHQa7c91dpx93ka0LS0r346Smbq2Hs1-OK60OQLURqN510CylVDXLZI97cgHPkMmdgZwhSQD6xz3sFiKhNFlkTC17pJi9fTwIkRYmtKemT_IRdjphLyExLjFE9jUmJMA6tVEXVcwmFU9QxwuhOx_GncuZwSia0kp_D4r4uGYGa3ul8XCewpTOiG7fpe-mXgfZDGq49fYCLXcl9JbkPd6PmdiGQShOwBF95i3P20TQYP_pRHche3vw9V9VOf1tZrdC-i7Or5LSJCtylhfB5GcvUr_xnn733Spy0xm9xkPOFW96puBJzNEA0eSI0NCD-ar3Kv3vdw1tu9yi_OL8E1E3g7cmvQ&si=APYL9bs7Hg2KMLB-4tSoTdxuOx8BdRvHbByC_AuVpNyh0x2KzXCUEUmhSmPsbBLfZ2plgJppg8kDrwqIxPNLb0thV467udZazLVZyeZ5Bv4sc0lAAktNksasBl3SbKFrqxtZQDql4ZlXlffCFaQOAPGe4xfvmpyE_C4EzwJbiTiFfyLVuolXYLj0W8QefFw0sqODgPeuUJLL&sa=X&ved=2ahUKEwiYk6CZoKWNAxVOcGwGHSDaLw4Qk8gLegQIIRAB&ictx=1#ebo=2"
ggn42go,https://www.google.com/search?client=mobilesearchapp&sca_esv=c9cf64c8cfd6b22d&channel=iss&hl=en_GB&rlz=1MDAPLA_en-GBIN1132IN1132&v=359.2.735510536&cs=1&sxsrf=AHTn8zpP-vux0rNZkj_-meQgAKKD_9pqeg:1747894308956&si=APYL9bs7Hg2KMLB-4tSoTdxuOx8BdRvHbByC_AuVpNyh0x2KzazQ-KthxNVFJyF_dewFQlupeqepjAx7RUBw7QsW11uwjhMUcvw9aDUGlh-WAyuTROi_4LOOXg81e-GPfk4Df2_xzgMYmSr_gzODnLFRhnKY7qGrQsi5iuJmbKLS5TDJxPw6MnyrJTtbfVl_7DGeTwt2thN6s9zbhASIJhtrvfRXjTVOEg%3D%3D&q=PRIME+DIAGNOSTIC+IMAGING+CENTRE+AND+APURVA+SKINCARE+CLINIC+JALGAON+Reviews&sa=X&ved=2ahUKEwiVso_btbaNAxXpzjgGHZrcOjMQ0bkNegQILRAD&biw=1280&bih=551&dpr=1.5
vlc68pt,https://www.google.com/search?client=ms-android-xiaomi-terr1-rso2&sca_esv=a2fccd0347a25b28&sxsrf=AHTn8zotbVK23mgquuuTOKsbVh5QqixkkA:1747304513808&q=anubhuti+hospital+(+ear+nose+throat+%26+skin+hair+laser+-+cosmetic+clinic+)+dr+mahajan+jalgaon+reviews&uds=ABqPDvwkZskxIpbHQWPCfHQxs4UhHJh9ISDmMlRVLObUZo3kDHBfuK2P4mcbvHyGJrCVGaae-ZJe9dKDmkzB4kxwwQs59kjBW1C-8dkn_vNWU7SRmmL62vnBYwgGC_6A1EgbYnACUIX85V2MjG19KsQtYeacx8zMT0fg13SEztO63yV8Vm-QuBV5JHUpOoXrZBjeqxnyH0FFnwoN0OzQmaFqX97cZW0TZvDwI8UsRil0715nDrJLun_kIvmUsni6lKFnvmn4tAHIkWzYHsOHSE52v1STWu1IqOm5dc77XiU1mp8sDYP_BXoWoyKeprrbbiFDTrOYsM4DBS13ZAh0kaEzSLbwyvufnO9qS10gLS4WfaJ1GYSmomgqHPtnfv7uFkW_WB1n8xZZGJmeAjwpPaikRW7lvnTt9SEM4vmXrl1FU_jcsCiYBw7ngKu43kMOS67Y78_R9nfdYlcTY9BoeCR3flnrj3-C0-uRIV0up2UO9sxBpgXKYgPfZ9MGW9oRA2Feu7AfIBkQsOZIgBrWLVFB3h2oD2gd_dqAdoidyMHM01CxvLzZQN9vAn2MgIX3L7BJdkUNTSZ-&si=APYL9bs7Hg2KMLB-4tSoTdxuOx8BdRvHbByC_AuVpNyh0x2KzclxZHxFS2RxNrmzHO5G4UimtimlnKo56dQB5vmW1xcYnmrZaWMr8QzSDBPDHIn-59vz0pzcAxgmytx_IQeh9fZylltuW4rwydIRJHPRYjsLvN9WmEgnYNDrkOAScCohID_G7Q82QwxjdjBcc7h9sJOeP1uZUD0TbIC_yPOBjkTVsIXxgFY5YRbqthpcsrn97ChxaGc%3D&sa=X&ved=2ahUKEwiIsfDGoKWNAxXeV2wGHdanH3oQk8gLegQIJBAB&ictx=1&biw=360&bih=663&dpr=2#ebo=2
xrb51uc,https://www.google.com/search?client=ms-android-xiaomi-terr1-rso2&sca_esv=a2fccd0347a25b28&sxsrf=AHTn8zoq8IXM5Vh6dUFb4ZdNEE2HlknHFg:1747304558381&q=vishwam+skin+hair+%26+cosmetic+clinic+(+dr.+bhushan+chaudhari)+jalgaon+reviews&uds=ABqPDvwfypFxeNJFsVRyX0mSUl_RV-Vm2SBw5HgVYe17kfhCmQh6RIqVWk7qF1d7A6B2vJxB4htAno7DuVPQkKTzwxTfub-bGbNeA3YWWHHOXp0o6Wp6Uq4_luDY2_3e0o4Nxoy0KijsgmM5iv6cB7pFIUkKI-a4CfJqbLRr7ZEGhyRy18N8lb8RcD3UOL3K_foRS-E6CG457Ud03JNfwt-uQVNaO7dENkzf1-HI0XqV1sqbFqugrNIiM09CfpXVuTqp-QFaG0UlX4Go7x4zGS1DQg26mnaIObWv8-PTGTjmUDb_fmFzygYss_P4QjlJkfS9EP3V4nNDZEIy0Kkwnl8feDjlmd3GDoeUIKpACazc-IzqbOOiDonizTmsoAE73PLXggbbcvqPVc-n0RayFjPKuzR8MFZp39hkTYz6tfzUQsie8dgKD-sT7oSJrI6hOrmMi3AVZfEf52fE8894xKca6QJVSU_MQA&si=APYL9bs7Hg2KMLB-4tSoTdxuOx8BdRvHbByC_AuVpNyh0x2Kzd60WaIULAMyqrkukTGxNVRua87EMV4YF7rn4WrQXUrYWUfIMG5aC3mZKy-9KHAiOE3UI_q7LaJ7rpsICb4rO3mpeRVKTWtgWI76rKGJaRW0lLM3R_fzmSKMPI2Cgk7Xv4YQtB2EgeEjG4foyvjGs73ydcRMsncMZ4KFCHTXgR4iLoymgw%3D%3D&sa=X&ved=2ahUKEwiR45DcoKWNAxUnUGcHHW73Oz0Qk8gLegQIHxAB&ictx=1#ebo=1
ort62rq,https://www.google.com/search?client=ms-android-xiaomi-terr1-rso2&sca_esv=a2fccd0347a25b28&biw=360&bih=663&sxsrf=AHTn8zr_lw8gJoDq5NdAaB8pYT7zHfy4Bw:1747304597137&q=rajas+hospital+pvt+ltd+jalgaon+reviews&uds=ABqPDvy8kDAmxMvjwdr_ubNzzMQ_eX5juqRwqte6t9n3yuTTX5bTk1tgGs9UjXdsNp8uLyAHCzZSRjO7ms1VsmtforPoWPEYNenqIrwM9w213Hk6KuHz3xaRqM-gaRlwhOh9R9eIqFLtW_5gykKYwabVBHRu3VY1K0pCa-XBrJlgRXxVwZfTUqbbLo3DGgvkoyh3i7kuNQJx-1S2zpm1jl9dbFWXgHhxPXiWvfydF3MpiI1xBkYh_sygB08QrtlZPQGQDwaVoiaDRCOl5FLSMcWoCxFUTh23WbVfKf0u6GsGMuzXSioD0J3weXDwJ6yB2Omd2pKRCsXPrPrls6f3Q8cPUsusA4ITtiTUDeJSFGNYMSy5_qklKj43ngvCoNa-zIfUK-0HHB5tuwngOUynPkL2eXMVXP58sA&si=APYL9bvoDGWmsM6h2lfKzIb8LfQg_oNQyUOQgna9TyfQHAoqUlvQ4_BgAfuO3Wx65kQiw_r0qS6QGcMJZKXAF1nmtu1q6pKBNRxMOnVvDMMz2pkdpdVeU2aDTgzRUCMZw-FGmMRHtBc_MzKSHO_zXVfhVPXsJjQ4OA%3D%3D&sa=X&ved=2ahUKEwikts7uoKWNAxWwRmwGHfDrKeEQk8gLegQIHBAB&ictx=1#ebo=2
xlj31vg,https://www.google.com/search?client=ms-android-xiaomi-terr1-rso2&sca_esv=a2fccd0347a25b28&sxsrf=AHTn8zpQX8y4SAsuVCj9cCXYZmB4GtnAvg:1747304656975&q=dr.+d.+y.+mahajan+clinic+reviews&uds=ABqPDvw8hOfrMq6fHksN4NiANQ5Y5-ERUb1KB7rkqKi3ybVAY4EdM9KiZvOl3fHFu0TGrRKPPfd0p_ePHSPKEfyi1Z2070-sy54Aymzz72PbLUQw0zCOcO-qhni8dputPyDi40Ag7xH26MpM90vVmiy8P6flR5uuN6rYPjOa9MUDt2Dxubx6nNbqpGwfmVFDVn9d2DqrwUdcljNv2wRuVINLmAWwAfTQMJIDiq7fSiNb-Nj7BmHQnKDqpzqnMO5-obhFqQ0tdldaEKTpvSkDXwoFIE5nK53Mu-OkpjHkbSZYFx9OCtJiQG0rQszEuqqU7cj00Cn0SYsTzpUMaFuP1wD4JlfErDgUTiGlR264R72kT2Gd_WXmr5bdiVkQh6dreeODRT85vwd5y1mDUnhpHUdkbzqY_MQFAw&si=APYL9bs7Hg2KMLB-4tSoTdxuOx8BdRvHbByC_AuVpNyh0x2KzbgQTrL-bmwTfePfXBhXdpF5kpy_TNRNSjsYAHw0_4BvX9ndy_TQLt-jCHc3yM_PGag_fJsJMA3cs6mzz1_c3DSFfSebVRZzQ4fPKbHcJDKKHPo6yg%3D%3D&sa=X&ved=2ahUKEwi00pKLoaWNAxWUbmwGHURaDrkQk8gLegQIIhAB&ictx=1#ebo=1
hpv73vg,https://www.google.com/search?sca_esv=a2fccd0347a25b28&hl=en&gl=in&sxsrf=AHTn8zoUTjG0RAqWPBHmLT5DuARpxbaQ7A:1747304697708&q=samarth+hospital+(accident+and+skin+centre)+jamner+reviews&uds=ABqPDvykTXSq7wVdQdlob9emXztqlMsFODN2_pUNS39wO2RFtCKUNF6EMfRQgpSthgEjqKmvCQNgathBYxMAYivTfX5OLAyv8IyRJLim2x0lCqzYi5SSrnkMwQpCTpAf6LW4_9xhWsEVMH8SzPGbHuiXwBG1_Sh6Ya34amD6Xi6G3786_mVBYTlXUC2BOngQjzPoFn06ecnkR9SbMx4WkrYb8Uv2yhypMgHtySc5d5W_Veqpf3s7mFsDotbRoPfjfcYpeTUiQDX0SMtgEY93FX5a9fdVfbEmoe4WiuSGIFb4PRw962BjqLPnKypGCWvQTAlcMGP6q00eRAXMVs37wVGWxuKOSs42TTc7CfOOgVvf84hRRtL7dnSS9pZdDT4oOgyaWIx7vb7QlTl5IAtAUzaLGd8kRntTxtz5FaQnTKcHaxT3Xz_UEje-BIl5nt2F2NJ63CeDJ97xC0ectkxfC1qMvnJwK0xqauqwD3DVXy5pqnwx_yUxyN-9Q1TPPAyvM1_-vxM9eGsqWBumtp5tWNWA2gkIiWETM1Dm1fsDoRDHVdwSHW7Js8HPnOfgchxffx9OlAV86M7J&si=APYL9bs7Hg2KMLB-4tSoTdxuOx8BdRvHbByC_AuVpNyh0x2KzccJroOqqBrhIlI7d4IPYVVDErIcPUZPovTqRHngkVh8NM9Tl3K8SO24H-s6-eLpWQuuflWmeaWHlO7rt9uStHClCKGNaVjD8sPD6aIKEHNKCOF7BBqqbBxfDK9YKQDwRg29iFGOWFxKMvthSu_roTeq3Vxi&sa=X&ved=2ahUKEwiN48ieoaWNAxXBd2wGHc5bCfgQk8gLegQIIxAB&ictx=1&stq=1&cs=0&lei=-cAlaM2CK8HvseMPzrelwA8#ebo=1
nnn96fg,https://www.google.com/search?sca_esv=4f5a3464f54e4b81&hl=en-GB&gl=in&sxsrf=AHTn8zp4W_zuNfIxeD59ocmfqBYRyn3gJg:1747304730708&q=enliven+skin+md+clinic+reviews&uds=ABqPDvyqj4_hFpptJC8gF35-dGOr_THahfdNPStoqbFkj02LGokMp8ke0osGOoMjCiguMQzOnoHo5YwfYxjCxCUBdH2YgFfNOc0DlRlQE9xAnlPC4XC5ay2U7dskA7os9D4EzZ9KJMzYB_VaOw1uwyJO_Tr83aPLpZRIb4D07bhtuIwfeol2HfCr13a8od3apaasSVuPl7la3I4qt0ipP_Hs8w4daTdCPPr7NZ6EBh1gGSdJfDoP0yf346zSHDdFF94aQS29IH8xu45MTCXF55_caaVuFZxhT8RB2o0kY_0i__j-kcjJl2vGNHiegaPMTmDMFGne0OhvapUr-UYnn20LykDp49De_4Va0_h_mSsWS6fzxF4ua2Pvblnpdi-QAFRtHVqjqSLWvL6HGN6sRcnKaciOPRGLaBGrNIOvctrKNrfe20OpoIpjZrQFnBEgBb8VOk_qXYmi-hKSS8YVZFcrEK8HufAw7TVrQcPJwIlHNzS7LzSxVobnWR8tK4RNdiLxxY-YclBKPMNrNzsNjandQFLmu5Z2Y55e4XU6sFMfi2Cn1g60two&si=APYL9bs7Hg2KMLB-4tSoTdxuOx8BdRvHbByC_AuVpNyh0x2KzcrlVDHe3r_4NFwLVByAeokadTtiqfick1r8665fdc9UHP0Y29NX9vSPCNUGqgytbGhBx__6l1MI5_ih_2TnbNTOlfZ-YZeGsfqLMbJnNHBDN-oxmQ%3D%3D&sa=X&ved=2ahUKEwjc8qauoaWNAxWJUGcHHfa_GoMQk8gLegQIIxAB&ictx=1&biw=360&bih=663&dpr=2#ebo=1
nqn60fn,https://www.google.com/search?sca_esv=e7d216c8941b9698&hl=en-IN&sxsrf=AHTn8zpZT3R7ldblhX4XKnATblLJSIkMEQ:1747304840960&q=swastik+skin+clinic+reviews&uds=ABqPDvxJbbfS6dW-c8kKnKU6BMZxwrpJa4rmOfcdPbVz01c_VlL7elM6caLSBw8z1oVXzVTMsbUEvH5p0JYCCjH-mf6qamR1BB1asnpeHWJmGqqzAPr0Pt1FeR7xtg65YyrYZRQr9uN5P3BMhM-3eKAjhwsoHC-dYIRd9KrGG-rGn6duMet96Fu51cQx0AGLPdiD-7MQkAxDNRUffC4WIER0nxqMYiB6_86WzeebAkv_7KsNUr16M8hF_6Zo4xx0u93Oi6j_wkofMfhTvSGSkbh537VJoFLsDRKuw1OqU30ID_21Et8mRyEvUg2bWDqqCQwhVWZzwZzc7wauYEJY_tYd9v86pPN0t-jz-LQlzyznqqcuaEp-YwA7lxN2CiCcbInW8H9DiGyAGcB2jtc82INKo7iHz5atTQIipdZVEcu2gwnnC_7X_aNu78nxmgQeEoDkaxYqzSN30T-M3zYZbOvvLGqeofwbbP2GN8PrxIUngmVKxsqvU2CKXPQkWEdhOV1NqpeWI4NVR74QahLJvHRvNTngMzKrWA&si=APYL9bs7Hg2KMLB-4tSoTdxuOx8BdRvHbByC_AuVpNyh0x2KzYULnMf8ZOL6aRUvHwLYZkhJ3itA2XFmbmAM_dlZoY24cZvn1DD4N6blIXUFTcPDejFtt2YXdaZg6A-2dpxbhsybF5gwcCETaHEMgeupJGAE_BYMdg%3D%3D&sa=X&ved=2ahUKEwitm_DioaWNAxW5cGwGHRH_LzgQk8gLegQIJBAB&ictx=1&biw=360&bih=663&dpr=2
tpp15av,"https://www.google.com/search?sca_esv=e7d216c8941b9698&hl=en-IN&sxsrf=AHTn8zrg1PPJoKlacluYq0dK-5UQovAenw:1747304881677&q=skin+sense+clinic-laser,skin,+hair+reviews&uds=ABqPDvzJJYJfLlBzk_ZSd7cu0nFHktd5WLU6T4yHsSUzmRVOLpA4hkyHdihTs17FMMFsOwTjX-Y9FJMMQkuN0dXpMvDrM1rWaKT3kvflsVQvnB6Sqq89MCz3kzYrSDtBNhMbUjUU1XaXpKKrLks8aCfAXBdxm8TeX3taVS4zEXo8tfe8_7GbM6rtTJqlYM7AMTgOp6DBq9Gkvew01q8V8R_KscCSgheRcf3qx5kx4g9p5zTAMs-iVQzGdRuWbpCJnXJsd9Hnxiw44vUdMFVwjWIVVk0367tUWZhToeCZ1JJpAs83plf-O-Ypvbhe4huPelg_vMO4jc_n0lGPF153vJsug1Xd4DwaTPlcO6Qh7jwDsV0UyGodb0dK7wG3YIYzRF5mBfsd68_d2y9BnhxI-VpV-4V8D-s8XNYyTfKWaDPRP4TJzSaJTSRtc1zEO9BvBlf8chlynpnovkiUIBkuCwciKk8y9NEmYAlTrdFCEEclhJFedkgL0RvLJOd4CE999FaG38TrgAWyxXlzLqyDe-4blfna2kNgELWruo2v-OkQt7i56EjjZx6c8Qbb6jMGXwDSVYXkPxPpxVxWHOVYGGPrBI_yCXU6SA&si=APYL9bs7Hg2KMLB-4tSoTdxuOx8BdRvHbByC_AuVpNyh0x2Kzdj0LT_YwQWi6VR3yeYLaXkIoBLUhr0gJrqH4WexWb2aBdL2T_b1ODgGDm6fpGDy_JF0YOSfAUgsglXH6OgFYJIIeCB8K87vIwfAfMSqB1lUfpEUgaavurdqthqjY4j2expiDLQ%3D&sa=X&ved=2ahUKEwiHpqX2oaWNAxUXVWwGHY0wLaoQk8gLegQIJRAB&ictx=1&biw=360&bih=663&dpr=2#ebo=1"
lkr39db,https://www.google.com/search?sca_esv=e3b14f0c443a1e2e&rlz=1C1CHZN_enIN1087IN1087&sxsrf=AE3TifOXLaLG0uAqoCYuZqac7abgKnAmTw:1748073690007&si=AMgyJEtREmoPL4P1I5IDCfuA8gybfVI2d5Uj7QMwYCZHKDZ-EzxGxifedbj3GMuEu0ksadADfdoME-K9RXgZbV9bd_cfU1QTfWRXLYbWi_2dAikl4lWPhT3xsBk6iOR6c-u2xQ0FS6s2GZYus7mFV-hyYOAHizjLwCWMgNzRLuKiLqTpf0DPJ_Y_MLr8GT6iIqD9DLyia7bi3k-vlGNE8lkuS0jG9lrRTLkUAJ4cCnOkDkhdphuNQG7NUVghdF1HZqUnm7FmUj13&q=ADORN+AESTHETIC+CLINIC+-+Best+Plastic+%26+Cosmetic+Surgery+Center:+Hair+Transplant+-+Gynecomastia+-+Liposuction+Reviews&sa=X&ved=2ahUKEwiF89X60buNAxUbVmwGHfKYKfcQ0bkNegQIMRAE&biw=1600&bih=773&dpr=1
iiy05qa,https://www.google.com/search?client=ms-android-samsung-rvo1&sca_esv=4f5a3464f54e4b81&hl=en-IN&cs=0&sxsrf=AHTn8zpGSplmikE10THlwlQr9XTlFzXBcw:1747305030552&q=flora+skin+clinic+reviews&uds=ABqPDvwru3iBABBih7Di6zO94Cn3hTV5fRFrB8uE0bJXAYnbA6u5EeUu7bHbrtOhBOKP8NNI7RNR7dupfhFQI4c8NG-zgfq9JMTQZbi334OffS8vHGI2JK1rYV0Dm1bKTbtEj7GIs-cmFnyj6gza7EtvdNKiADmUKFoRYAYTM87r5TpDsEYzvwhcxqKtPNNlawhV21kQnWhkGSgAWzXojFtrEzMW9QS0vHHCL_9J0luwDBsxy-Kb0G7MtwO-3GzweaIl8eI8ZSFoH4ZgF_wFWY9GMGrNAb6tThfT0BcRuV_cbCpErk0M5x696Ej3g8-b0AR4lWMGtV1R0VISvgSm-e19-1q0RBuQnZ5d4-pWQtEZqtNJ4AqGrHFNuCeKMpNlxRb-od3TxGpux_auXeAPLCQgUputHYIBKVjNI8SEK2EUgqdc9-hIZIJjwifNMfdeQPPskxjyWDFVIPV1C3xnZQ1VwWLNHVOUMY-ZXMDTzSAh8mxP3jrSuDrG1S6cLNwahq-wBrhKZlm7bm8QQaw8LMUpEie-14ZLsQ&si=APYL9bs7Hg2KMLB-4tSoTdxuOx8BdRvHbByC_AuVpNyh0x2KzYKbMnL3oNl1It9GCXWF83FKdCoKjlt0QyTV1vQlWXRg8EjU7jvAlNdQDjXxwMKutUhjQwXKY1VXCbcsdAocrm__6IYM-k9ZTmtFiefRynvS_EE9Vw%3D%3D&sa=X&ved=2ahUKEwiR-6O9oqWNAxWBUWcHHWwsLhUQk8gLegQIIhAB&ictx=1&biw=360&bih=663&dpr=2#ebo=2
npr14pn,https://www.google.com/search?sca_esv=e3b14f0c443a1e2e&rlz=1C1CHZN_enIN1087IN1087&sxsrf=AE3TifPgyIPR6WG5YV0DS505R8RXmGu0Lw:1748074150014&si=AMgyJEtREmoPL4P1I5IDCfuA8gybfVI2d5Uj7QMwYCZHKDZ-E0gwlR5zslPFiS1f07l9HN2vp8hoOvBstA11EPb1eE3yxD_VLGbD4oK4dLGy8CUAaM7kVc8znsr_v1CmuFw8ZfLihsqPTliwNCcUdNTX0zTdHKMNBxRaafTpcUCdiwRDUFvmqdV7cweWEODpHZE5MdfRe9ZWdXaH1gUm4vYZSQiXmeri2nX1VtJ_h-1G5_uU3DyYig1LRmSOySInKs7qmxfYfa8qF6MYgmObCc5RLV8_tn_FLA%3D%3D&q=Elegance+Skin+%26+Cosmetic+Clinic+Breast+Reduction+%26+Implants+%7C+Liposuction+%7C+Gynecomastia+%7C+Plastic+Surgeon+In+Ahmedabad+Reviews&sa=X&ved=2ahUKEwiyxYLW07uNAxVoSmwGHWA1DxUQ0bkNegQIMxAE&biw=1600&bih=773&dpr=1
uoq28vk,https://www.google.com/search?client=ms-android-samsung-rvo1&sca_esv=4f5a3464f54e4b81&hl=en-IN&cs=0&sxsrf=AHTn8zpd_xHod0uMysUuBSLb6x7Tm5TREQ:1747305360735&q=dr+monal+shah+dermatologist+reviews&uds=ABqPDvwKmXaXArnXF5HrgvM3IAO_ZO6ofE_jEN5iz_eTw_PVW1bAKX7V9H2hHGb-GarpevAC9AJvWsOpO-VLDzDD-mtCf7fpud2yIZaaHjBBwKAxolhKXt9AoAtRSDDoGJ8otzFjk2htxClmV3-uYDZrYbjxlVNbZQOUcfcAzOBv60rKjmFWgE0YU0zJPrHkl28KgD6ZxxsUU5vkoTwFa1EKijZt5AUGwknNZfLMcc8We-gyHteSTy0eWY7ZW8KfoYUPYfaa1S0Ty1xy1GSfe2DS70odohSnYhTcbAFcMHJfLffc7iv8fH7v5gQEutBji1UK79ZxLaOHvXaeFn0HE5XJ7K23Th8btJD1TI4DbufVLQ9Pvo0Sh0jAe4jl3-yby-AW9Gkr2hj8fPxUpqVYQW1yO2KMUA43WA&si=APYL9bs7Hg2KMLB-4tSoTdxuOx8BdRvHbByC_AuVpNyh0x2KzWJfe_wM1UDcBFjCEh-FTO9nkfqaxq0nY1IgYLZ5LYW3k0OCR5dsMhXqS2ZGpx9xL91_KYBQ_MVPqUrQUX8-PIOi_6yq-4Pz51sOFcHJNx5dAyY-Jg%3D%3D&sa=X&ved=2ahUKEwit4tzao6WNAxWySWwGHTjqL1QQk8gLegQIHxAB&ictx=1&biw=360&bih=663&dpr=2#ebo=2
fqn34dy,https://www.google.com/search?client=ms-android-samsung-rvo1&sca_esv=4f5a3464f54e4b81&hl=en-IN&cs=0&sxsrf=AHTn8zp8qHxxKLDMhkEaB1GQE8eXd5HTqg:1747305398097&q=b+the+change+by+dr+bansri+mahadevia+reviews&uds=ABqPDvwyLwNQmrGmwG1hpBUgAllWCDSQrdMiuuDOS_VyXfGWx6NTadD6wA0pM54i7G-sL7qwwpTANSUiRdVxKZfbmBg04h1SfjU9hLo0sG-50wD-msCVLz7cK9SEFmbLLFKIbvDDwgvZPYa21vOV9CL9uAOHq9izt84vLxAhDyZVEZs6wC4OK5QpA1O9w8sCgiNKUMiUnY6KINwo93-QB9ryrBPSVFTsJf4l0P-6RqCFtqB_LPM33qKxLYTjtqOoaxp_HyJTnEYmrhV0BbT7n1DgyDiqCCcJej7OrKPv39FOXPxdueOHNMum8bSA5OJROY3W8rUx9efT9v3oPotlT-x3M2iNIB5LOWft1kvrvyVoQ6uUJKDWmfulGH7UUHy-MusZO4RZldShAqo3VddecAArA4g8G6MGlZiJgGvlpWYliVwlzOHCyZg&si=APYL9bs7Hg2KMLB-4tSoTdxuOx8BdRvHbByC_AuVpNyh0x2KzQUA-Qgw5S_mgJqkchWTicFvqezvflp4iTIf6PzkJLaNUmoQN-HAPZfKHtKngdCfd6v1BXxF2JrAwc15hfbqPLLfnpS0BM3NsExvMS5DMYMJ6HXb0Nl7hw6DmfvjJZMrybUBJmE%3D&sa=X&ved=2ahUKEwiXiMXso6WNAxV3RmcHHYlZGF0Qk8gLegQIHhAB&ictx=1&biw=360&bih=663&dpr=2#ebo=1
gqs68mr,https://www.google.com/search?client=ms-android-samsung-rvo1&sca_esv=4f5a3464f54e4b81&hl=en-IN&sxsrf=AHTn8zqRVPgXp5UE2w6iSFQ1YvJWLwBYIA:1747305451472&q=dr+niyati+parikh+reviews&uds=ABqPDvy5qtGjNb8MEk5lfx96R9r5BXSkwA7_lDUfxjhk7yWOFnTIK5Eu7eaoP665Lce8l6ZA6K885zw3T6N7DpCoooKmAn5xQoYlF5yYq_pFKtRd2E_ndmJ_QL6VkKNAjZ4dm0q8NIIkya2JP8lF6grXXSGsTjSL8VKXgjPJGOdfk4kDxkfEbFNln1cVuktMKvna-rdEukMZqsUEF4jQkovpeU-RFmffC1xL52PbVFd2XeofGMbkro61n_qKcLJviq2ouhtljxXSSrPudhtmzZKq6ZY5m4EEkXWz5Qpu2fLkOg0NlHp48Zsg_9Tf8cLp0ucxDXox2QfT4oGY_IApEufGPdbzKjJ0KndBNeT9nANWOM2YY3ClZKFYzhBWRfTZWvVhp1LaiAG4e0ZEXcKYvrij2yjE92WI7Z6x-OO87I4jC_tJqLjG5R4-fCNaw8Q15IpIXTbqfRaV4_d2RYQpYTeF6n5qkFH0V4hl3PqvQLitFGqbSjPmjGkuvtM0EXDBfAgTcx54ZT7nMQNwho13SR7eV2SrrqWIoQ&si=APYL9bs7Hg2KMLB-4tSoTdxuOx8BdRvHbByC_AuVpNyh0x2KzfR-6tV4nNup7OpOOPEibc77i5xKoPrM876M_RiGJ7_B5VDhfg0WadTNDXAwZbyIPLCI73SOE-cw6MpKkneshXMcz3qDaEYOhVDjIokqm3bhMXUXNw%3D%3D&sa=X&ved=2ahUKEwiP9P6FpKWNAxWbTGcHHTGjFf8Qk8gLegQIIxAB&ictx=1&stq=1&cs=0&lei=68MlaM_SHJuZnesPscbW-A8#ebo=1
dre47ys,https://www.google.com/search?sca_esv=29fb167058105fd8&hl=en-IN&sxsrf=AHTn8zrW0nvMkOe9qfldznxx_FIpmYM3Ng:1747305756841&q=dr+hemangini%27s+skin+care+clinic+ahmedabad+reviews&uds=ABqPDvyzM9OZ8BuUe1j5papOXBfCc2FtCf4gniSeX5jKv8jZm1CrRWWdBN9S9PydXl_hUUGnmRKVTvHigfed9J-38M1Eldg8JZcMfwNjBBeVdx0B3OrB1AXsHI_gnDIVKutpwukkbp8yrpTmpJmShG3XIw6Ny0KM2gA_dSm4TO4M_Gmd-3QTVTXgYz2dgOfLA9IqiMn3T_MFTmXLdfGCp4iKFtshua6RxzVDKm56aWL5QtdbmOgyeFPg8_Yk7IAnL8NDscadkFW7NzclR3IV0eW1s6tHbGbOfggsBg6DCPTvfysz7gw8_Qcfa9auIuwBXG4DWC5zL4nTg77nOz603T-r0Q27_EMaBfFOdjwkjQTRcKZ9rRB_6iQEfSzmFhPMzVG_mpWs6m50wQ_SKEx6s28ZgmlrcgpCIDKQkyyjO4QA9wr9pK8GGG0rYtMcmYl0ZLSXjxGOiAEiFKe5XfDuoyuECHpvLU0_54f1WYJ38HGxfWaYPIQCbjzbUO0ACpXWp7CxrwkRCgYo&si=APYL9bs7Hg2KMLB-4tSoTdxuOx8BdRvHbByC_AuVpNyh0x2KzbJcPlUP9BkbsJF_UW4YRjZ9UpADUwCpq1GF3S9w1reObVFsB4GCZswRkbmr4eNcEMkdmjXXT5B1QeJceoJVNhAIKs4EfO61KlxGK7py5J2eE6XyRnsL9tUesT-Rvh53u84UsNM%3D&sa=X&ved=2ahUKEwjRj82XpaWNAxWncmwGHYr1A4UQk8gLegQIIxAB&ictx=1
csz85sf,"https://www.google.com/search?client=mobilesearchapp&sca_esv=c9cf64c8cfd6b22d&channel=iss&hl=en_GB&rlz=1MDAPLA_en-GBIN1132IN1132&v=359.2.735510536&cs=1&sxsrf=AHTn8zorlKbZ1KqSBr7zoVlLvuvSu4JSMg:1747894759333&si=APYL9bs7Hg2KMLB-4tSoTdxuOx8BdRvHbByC_AuVpNyh0x2KzetSAahehylUCj3Y4H3w5ATuYuHAvLwNjYfz260PzEuFRk_W-FcmZCytE1iPQ8bbnHuPpiWMpqzFMzQu7xvophBAGkQXarRkn_dtOJg9flHNTCWh2qh7WSbuTUVWj7GTj2Lu8g6nTxqgP0Iks3t2FTf4LbBmE2kSrCvTGNHhhldWOBTX08RYxnjHrZy5LbcL3UdOabM%3D&q=Dr+Utpal%27s+Skin+Health+Clinic,+MD+Dermatology+%28AIIMS,+New+Delhi%29+%7C+Dermatologist+in+Gandhinagar+Reviews&sa=X&ved=2ahUKEwjzofCxt7aNAxVwzDgGHQf8FEIQ0bkNegQIKBAE&biw=1280&bih=551&dpr=1.5"
dyt84jv,https://www.google.com/search?sca_esv=29fb167058105fd8&hl=en-IN&sxsrf=AHTn8zpDHFHHaunj5ffAryiC2OHvOorXAA:1747305850378&q=my+skin+clinic+(dr+ani+patel-md+skin)+gandhinagar+reviews&uds=ABqPDvxcouhzj1ADQVkVj_pmLilOK2rW7TRucutJTSPLm-wFYYXpjCSXhrzSSM51W5sx1A-gcb7cgNkuxZh6gEWN1nj3Kdzy6_RRHxsxPeclGDNlJMqRozXg03NLcEFB07qtbLPPv_o1P3fQ39cVC6BQ3HzEgGpKDTCUqFKAYxsETZwyATjBLFQBtMSgS-x6ZLTbOrEdO-_E-BHQbg_9mkjRvEq5aJDMACpj7UbM6s-i8a5XvNUMcdTQG-H_wCYPp35YS0ubrOEuWTWyhGphGQR6rybCMBy_nc75MIRzlVLLsFwFhAjl35HCv9kqBQGoo-pOYRFxPV7d2cDcwLqXF6eBzm1t6JRlSkywIIW1OXcKbltgkSCjZF_Kp6QTSOAk-CnK1Ti8ZsAnuUejmIJXNUPxpThy57W4xazyEJAUT_H0JjOODlCSpg66x87WM8W4QT80D5yEPWuwgWcGcQf83D3kNri0ksfLASOjFZ4Wu-STx92uNsIBIS_C0aUdpSD-Il0kJarootlU84EFM4ib6vXnFe-x70-hQhTmdvMDZk4VHLTch9Mklh2IeSgoJAMyyK_TfIQ7ntdU&si=APYL9bs7Hg2KMLB-4tSoTdxuOx8BdRvHbByC_AuVpNyh0x2Kza0FW3mBw3rS3CIKpE9NPSXHJ1c4Z72Zd8fZPkTYa0mmuStfRqstlfi6IeBe9E9cHlWg-XSfWUWmL3Ez8uK5x_inz1tm3jYUdJ7pAmc661AXlrE54KU3hIv4tQe3B9wT4fj1g8zCMqWp2SEWd22MG974x-UM&sa=X&ved=2ahUKEwi6k5rEpaWNAxXpXWwGHegcF4kQk8gLegQIJBAB&ictx=1#ebo=2
zgs80ie,"https://www.google.com/search?sca_esv=29fb167058105fd8&hl=en-IN&sxsrf=AHTn8zqO6y6MhJNsiMosaRJuQ2gzUUPH4w:1747305896693&q=skin+sure+clinic+-+skin+%7C+hair+transplant%7C+laser+clinic+(+dr.sneha+patel,+md+skin,+fmc+germany)+reviews&uds=ABqPDvxn1fuM3ubrjYVhxzj3IDmLVC4mO7vDUVOCdTsbddccd6tmuUt533vUwxhzd8HXE_GCUltghG0uFM3E_OXJrfCQt1ZzrYqJU4cKfLBwrpBDKL29gw4SNgfbF5YtqbCH7SxP8r4tn3Oynlm_z-NhCsh0uWKfip_33XM743IinXCejksj-EB27HIsHtSoonvaAigkvY78ep8VxvqqiK3Xm8JTOhqWIRH6ay8oQChLHJq7q-S1btzIsE8bH2-zLebFzT-o0HRcxaheWrcXQ3n45juCcuPL4RoKwIipN0SCPsP6hgavTwnwcdYPfqvdv3awU7Eh66LHQ6VRt9EWPTrZZ9FUqnF8sfrcDaFFANsmwsJA_jg-oTWWUM4BX3JHPSPeDRwNBIgf1ZR_YvmDul70DcgjvG1QBp0z3xkI3HNDDbvcnLRLO0uKp3-5IxRM5FMzfrF2uRuBSSrbvMNGrbxoyCQDPcZN4820ovHMEMFYoQJYWfmdLXpR880Ud1CxqbjDHw_NVYUiRwUkOEYCMMKfkTDcdG2db6WtD0I0RJXr6KoRBd0mPw1t-geDKfcm6h-vOCY6RZHtmeoADmZmZ5OtVyIPfim2wg5ujNmo2pX8SbBxuPfk5rpgAgSewceJEJDJIZzeVGPy&si=APYL9bs7Hg2KMLB-4tSoTdxuOx8BdRvHbByC_AuVpNyh0x2KzYggisvSYDD4ChMvPsciRiuMbWiVU85XqbM4dAUeQN3tXOHWqSup3ZtdS9uiavyJ3vkLQtnk9hXcKnp2vG__2fHqUiwbGVMsFpBDMQiNVPK_6o_Teg0BcxQ0UyfOjoGRC2zHVa-mrssY-cVWfETIdCI0c6_jVHhF-QkEjPEHnndry1He9v_l3SHUmZMxsDma0R2wS84%3D&sa=X&ved=2ahUKEwj8-qTapaWNAxVnXWwGHVMsEdIQk8gLegQIJRAB&ictx=1&stq=1&cs=0&lei=qMUlaPyGKue6seMP09jEkA0#ebo=1"
qeu84af,https://www.google.com/search?sca_esv=29fb167058105fd8&hl=en-IN&sxsrf=AHTn8zqFUcEDHofmdHPSRPo2jmbi9kZCOg:1747306093631&q=skin+n+smile+klinic+reviews&uds=ABqPDvxVJXd2VA-hCL8gX-W8OCPE20tSwSk2z8MgxXhdS6MT2S8Ll7FhKWKbSapXxbJFJQEWQAWbd7pXsm7rR4IBgx23uc1Wg7ZgmICdAQjG9UNEGJCxNfD41boaDb7KaUC_AtQRuysZcaz9qOfB6j5---WwGik2OKKukw2f_WqzXciId1sG1c8kFkwcZ9lYWDu87T-RRJ0q7YalHZ571bnapHeLMZF8p4UFGFedWVoNmqmwRaCQevHx2u1XSH8KuvbyTPzOVfBwKnleatfra_Dptty8zSwkfozk6ptevehGCbXPY7NYpryzb9Gi1U4hfJGxn7EsORPgc14Q6_zbdc4lwKleB9SVN6Y4gfPEdDw9I7UrpGmDSutFdXW1X16UiyCbz_1KoYIQ_B8bcqO5hKwdrvTSNILzmuvzNJXK9HkDLdThjIFW03hsUFN9LsMtFUk4VRZIIGwHVTC8tYqMPaSujBbBtu_MjjfUK4YhjPzAdi79IzsLMM17KzFa05KyUfriVZMpuPHjyXt_cr_udBdnupDXKniYww&si=APYL9bs7Hg2KMLB-4tSoTdxuOx8BdRvHbByC_AuVpNyh0x2KzRtsavwnjTNIAjqqR4Q6nCPhAkTTCMsn9xJxREg8S8knRufbMpNzHr3y5Ofirq2t72gcSNIRhUrlOu_15NsGixXx_gh32Y7BNO6mJ7eyK4H_qsSGOg%3D%3D&sa=X&ved=2ahUKEwj3lZm4pqWNAxVMRmcHHUW_E24Qk8gLegQIJxAB&ictx=1&biw=360&bih=663&dpr=2#ebo=1
wfc47ou,https://www.google.com/search?sca_esv=29fb167058105fd8&hl=en-IN&sxsrf=AHTn8zqir9o4d2K8_R6BXmm8L5wvpKxFfg:1747306135569&q=dr+trusha%27s+skinray+clinic+in+maninagar+reviews&uds=ABqPDvwNokNu-YATjTSF9bT5GDarWpXAAQm6IeLFuLwxh4BmSoEw_ebViUjGF3hDLnhfawFt6Cz9yZAqpauyaYn0bKx6lXaoSc5AZh0wmPinGaGIAqhqFm6KamI8K1mspQWsKOonnGuFEqjyjvaQFnPtipQ-NzwQ0qXsijAHZinQ_SHeuBVnQAEb9WnPICp-qWUOPYUc576g6hbPorDA_FU-_jl2xMkqtpN3YppkXk6lTGFakRow_68PwVlM2Bo8cw7OC0sQQL8PrFlo9PyFfmdhDBHRRkq_IRtT_bCS3_3_JUkap0cosRVuexr-MRNdwCaCNlP5yKAKNwb86k2xr951Y3hvZFFl0KU6ltg5GBVtVOiWqjM0X_BOKxFBlQjaKJ2UKLXkwJ9yEpkTCOndXdLwGCZC-kv1_lh6sLvqjQUmfd-F5g-gf-sHlCP9vCHwk1x-dzdMBAFC1G1WuKgGihye4ugXBNwjFtmtI7XbJZXmsh57RaRWxNUHXF8O-1rSNkQeeBRrxnNM2tFKsJdSCBVVL8VxRAC5l4eQ07uH5W574mO1auoAeCGwJlgLKtZdJposUT1Kemx0&si=APYL9bs7Hg2KMLB-4tSoTdxuOx8BdRvHbByC_AuVpNyh0x2KzT8qByUuoEeWdrngHCbi8oG3Eo4mt56ejlMJF7b6v5C3BvGNFnzeHkTenRnOQ1-56xgCiy2sjVrjqUtiSYyzItltSiQgc8-CekcHzQoN5vEsP-ibBy9A0gHaoWI3Os_R2pX12sE%3D&sa=X&ved=2ahUKEwiM7JjMpqWNAxW_T2wGHTpTMn8Qk8gLegQIJRAB&ictx=1&biw=360&bih=663&dpr=2#ebo=1
wam18hl,https://www.google.com/search?sca_esv=29fb167058105fd8&hl=en-IN&sxsrf=AHTn8zqwTy-P8xBUUXLBJaZKa00klZaWsw:1747306186701&q=dr+modi%E2%80%99s+skin+and+smile+clinic+himatnagar+reviews&uds=ABqPDvx2vmk8ctj6Q9lHeBrfoYgXXnBcQtT-Pdpi7BMLqZCz2u1TuJ219vltIBIYfyutMQK885NNjyKIWzqsqqRyK57XP1Wo0ZZ5TRPFrqz0M4hbEGzHFnpe5mepFkrTiyWpq8O0AJPypi3BH_q29VLUZbNfE5QYU2N4RddoWeoUukG1893ctiRcUa7nKCDiiMkCLWUntaLtz8CGEk4Uzupe7sMlc447kPBgJSxSK34q6ALUrztVPHSjQcqQaZUFHH7eFHTOI0wpP_hPbpZWOEnQiYh9Ad-tqpvdriouwQAOQBd-rdBBkWIhHaz_zn46ebShSg2nsFfjt5CrSBQyl0K9WQW8SUUndBK-Hbg3VKvHBiY3OMh27jL3_4dpxe2WyGSdTeXlcgahxKJH2T8hYAkHfTaWblZFckzCO1Py2PaXDk-ZdK1Ucsr57wb3HbIp3K0MIYBcKApbYManHAGjWU-JN2IKx_ySpyUOLWPNB5Xp0H_jKqmS_UkLu5r7bjLm7-Zp00_sfmUN&si=APYL9bs7Hg2KMLB-4tSoTdxuOx8BdRvHbByC_AuVpNyh0x2KzV8gzNQOxBLqgzmmMbJpu6dpZQiADYSguqqt9GZPnqPuJlBD2uYxCyyLK3u7zpo5-F8tr1rl8Ce-gmTGt7AurEl5UQfwTqDnmV8zSYSxyYEsfDUiVIf48t4IasWn0EWUXw-F9go%3D&sa=X&ved=2ahUKEwiu4cnkpqWNAxV6cWwGHdS3LkMQk8gLegQIIRAB&ictx=1#ebo=2
bmh07qa,https://www.google.com/search?sca_esv=2530a8e15266578f&hl=en-GB&gl=in&sxsrf=AHTn8zqNCNBRQpvncb5sInqNYiXNZglejw:1747306223686&q=dermadent+skin+and+dental+clinic+%7C+best+skin+and+dental+clinic+in+ahmedabad+reviews&uds=ABqPDvxSd6McDCF568XOdejcMBBiVR2gE0l2GOlg0ePxOVYq1oDpbntvXWaPtEh2kWgh2TWH0eZHzWfbDhYe4613fZ_l7s3C4C0REWzUUzwAqFhZGgoDCaq_g3SFGNh2fMJ2J4U_Lek182l78Dz9hiU2ZrCBMztcDrGR8ZsmFnHkPgAwdE-vFk1Y-yAajSLZK0HwdXUs8jJ4R0LFJ8NmB5cM5g_tehyVzkVjQpujpEI5DxIMZ47kZ_whmX53MGGT0zMkH5soXo8cB9n-2g4Inog7yBZafxwCd57OMgyvrn5iod8JyxId5Uot1ev3WPC3PEJHtx2PirW5mNX48bo4nwjoUEwfcaRJsq61kJ6LKp3kGdRGoLMuUe5nm-NnKoX6wHZfR53yi1MzknNmaS5xdMzmcQY8djxuseI4kywdtDH7PHyRJB54MW6wv7jtjpbPEEG92VF2b4Ay&si=APYL9bs7Hg2KMLB-4tSoTdxuOx8BdRvHbByC_AuVpNyh0x2KzVH1g54i_b6LuudrzCIs-AEwy-owjm0bhPgSeoXKBAeoJEQv6uz0VTvGdUpH8_ka-Rl4ivSz0n601mb_L5fxhmjACUub3fyto_Tsb22u-DouhABY2n-ZuKuGwDIMbElXXd1dSAXN3u8H7oPermMTOBXuhOkOjfvmq09jmHoZNrSIwb1Wiw%3D%3D&sa=X&ved=2ahUKEwjShpv2pqWNAxUTT2cHHWSrLsgQk8gLegQIIRAB&ictx=1&biw=360&bih=663&dpr=2#ebo=1
jnc27hw,https://www.google.com/search?sca_esv=29fb167058105fd8&hl=en-IN&sxsrf=AHTn8zpx9jnfO-rtpTj72G4QLnL7npsymg:1747306268506&q=dr.vashishth+gurjar+dermashine+skin+clinic+palanpur+reviews&uds=ABqPDvzp-CaYvFHM-aAX7nNNnetsvuesvgecP0FQiC8fXkcqAwe4Ofe6iAJHWIuh4IYzFzulPFszi7x83Psta4R1humnnaX6yx-2cWlGuQAXohCdysK4rIjhkWPnRJclLBIga0dwhQ-DBD-69Ih6S2jpvJKrNxwa9D4PyYrxQdjx45u2Tl0qwBlxIEJzjS9UbfmhnhAoynAubycHuzIyrNWgnjRd9EtYx_FU-8jzMukB2GIpSQF6qkCItO8nXt_hN42kA-HO7I6ayDgCRAGhchPPBucwe0JeyN9suFEljnHsl-yeDqFqbzllHY4-6pWZJmf2qP36kW3ay82WyL48M9pgbs3zRThA0lLAJBxlNCV6RA7yyXuO7a8ujletNcy_rVdbGcWJGNwbXbL7mXYwNw5oHqW2RyH6FDil3loiJdQGVSzQz9jLtongKhsUl4alM_Q8jj50fV3rFQxyA8h0Dx1_PerexBsqjmulC7FVZQSTZEZQefzRB2jYiQop5bhiMo5Ll4XRVuAY&si=APYL9bs7Hg2KMLB-4tSoTdxuOx8BdRvHbByC_AuVpNyh0x2KzejR10m1jS2YJkwvb9GZKlUYtgU4TjOOeD8N0SVtKpTgdQGmA51Go57FC5kFr8DlAq4GfPltB52eonrdeWfWaIfKk7CVehc9hiNrSTXXln5URSU-VfmRszogADyN6tkl_oFmvuS-0zP9lZF138_XTMjt3IOw&sa=X&ved=2ahUKEwj9wMiLp6WNAxXJR2wGHfkHHL4Qk8gLegQIIhAB&ictx=1#ebo=2
btx37ln,https://www.google.com/search?sca_esv=243c4f3f542700e7&hl=en&gl=in&sxsrf=AHTn8zpF_t0sqoUTjnDGOCplk53gPj4VqA:1747306305746&q=crystal+hospital+-+dr+jolika+vachhani+(+skin+clinic+)+/+dr+neel+vachhani+(+children+hospital+)+rajkot+reviews&uds=ABqPDvxzqUiDL1qwdTQPbcSvfo3NDCe6zRpG0LfB2aET0xCjvLyinMGrwxgH5A-Rdw-6_DlWL8pujaaBzJojGISrFSuQa17iJ4_nkf41aoCDlaOiu3Fshp2buChjAjRNDWhIzYrM6BJdr1OohcIcC6qlVVBPCJ1F1xDTYtfNviBvMwbeEPpCFTyyHXzCr26v8t5k4KkX4hPfjng34CZlN4DV6v-71_G_qMnuAE98eQcyuQX7K9D9lcqitHukn3PUefIMvFh85O-O4VMvpuis5Y6FSTutLC3VUbvfqG0qXJsswEM5rzc8H_rVKVktTToi1Ae_Y7Xj6nW41an57a5zf17JnSrTiEy1N90wlU8xqOYIfvgIsueco_IhAOYeyUK7IW9EF-_7zd-2qw7cjvUgvIBaEHD35JDPAo9bNniwaip2duY4cGksgfy0NfhHf2uw1AW3y-qGWND3ZkGkapZ---9qof4MHYezF62MY852zdVFTW2iufZTXvFdxYZ5J4gTi4zWa9loi42NVP5VcZl4wuXuFhY3PoLTF7EtpbeSPG1FuFAaTJYghBU&si=APYL9bs7Hg2KMLB-4tSoTdxuOx8BdRvHbByC_AuVpNyh0x2KzTioP5QwkDct-U9YS0Iz3GaTCYhkgJJGEkw1XGyP7EUdfkkuyUM9nWjcFMZOt4JavNK-dFWnZcZ8DZ5u7sxap29jfhn9cGdSduCamkLx7pPBcmJb1Qi3AhNGhrKXfejkoJlc8K4ORmG1420QbT6CbRoTm1xkd_qTwz8KAkmvp_dDOFJsSvo2ipZrJuFUYXAyOSfVSkppKHwR2uUmp2W_IF7khrNL&sa=X&ved=2ahUKEwi006udp6WNAxWBRmwGHZG-L_8Qk8gLegQIJRAB&ictx=1&biw=360&bih=663&dpr=2#ebo=1
cvz46zo,https://www.google.com/search?client=ms-android-vivo-rvo2&sca_esv=243c4f3f542700e7&sxsrf=AHTn8zpP_2ucb_vPSD98f3BOdfKjXog3Lg:1747306350837&q=achyut+skin+clinic+reviews&uds=ABqPDvz7_2JvUSQSOCs2Nd7SFrcf4yBgnySb4ELClRPf3AqHsHE0MYLfASsGQkOc_rvsYHIcg7T3evoGQRmZAcHUjSh4_PhA7-WAaQKP9uzgMF2ZzaikqjgTDePi99nivsSBeBk0A5Dq9YuIgeCvmMfPREXdCMlskM46TcgYxLIdkt0RSmd9aqRJ84BITFg_PoZtbTvbI_dSHPeULpoLTUSKGERPNZDoRUb55ulxYcsnjmcv8uUoPMbDiSfYr1vvVRxwaNCjzJHqQWHjsb-Pwpr3IuphZlQQa62HSimiWzTEeH1OA_bni0bKCB9Zkh78RJICrDCSYo-u6uhXgIH8RZR-LJtPCULB_HSGdS9TfnVtqL7EqD8yXM_y18kOf51Q58Wf6MO3k3nY&si=APYL9bs7Hg2KMLB-4tSoTdxuOx8BdRvHbByC_AuVpNyh0x2KzflVM5lYpCXOoSi5FEZnGpdPlGAd1vnbhipo4bvpgoX2yeZkJsWvf9pvjLT56mFnpGBipQ-Q536Ek7FLU_H0QsTtP-Jf3rOVYnt7ykxIrAvxzxCOyg%3D%3D&sa=X&ved=2ahUKEwjA3uuyp6WNAxV7ZWwGHf9gNd0Qk8gLegQIHxAB&ictx=1&biw=360&bih=663&dpr=2
ijn36xh,https://www.google.com/search?client=ms-android-vivo-rvo2&sca_esv=243c4f3f542700e7&sxsrf=AHTn8zoLkNL09mD3zxdFz_UwNekkh9sZ9A:1747306391380&q=parag+talaviya+reviews&uds=ABqPDvzm-ap1n9ZuaKbCatpJqmruWn93ila0vb32jph0YmgBzFpjGtn4pcpri36pWL_GMNBzjboZUKZESmqpcWG5qkS7_CeBUwHT3rs6v6f1ViQNsok-Swbwi5leH__ftU_gDRuLorYGnC2SV4wirlwVCwqCMD_ZIzUK53A13Uk3yZDv8TIuLJNxE_UGcM8uNhdBdowhrv5ZeaQZxf5d1_SMHtkM7PTtNYMQwIoEFgy5YMgXsIk5a6S6gLHYQgBgQwBO0Er5Pe_l5MTUSi3zLmL7AK9NukJhrl9FkDt-tK5l7KjPV88DXiFjncCkY47bQMa86N8_P0F9LJPwmyfRjlpqpHWEMNEahWHfp7ffXeW7jY-nG2i_A4qaANNNz1qa6YChusfqYqo8SwtwDqGRpPV_4-nq-NgcJ2wWqfbvQb7gUoezzjaE2xTJklga80JmINeVVHqwgHs1&si=APYL9bs7Hg2KMLB-4tSoTdxuOx8BdRvHbByC_AuVpNyh0x2KzfTqKWCEnTwWLm_x3y7JtT5j6ucHAPPWF-LbVVLUOZ37Fw_josLU_Rt4VdKEVUSl6kogCCtdebuiULO2RpvIoBUfpPJ5&sa=X&ved=2ahUKEwi9rpbGp6WNAxXBRmcHHWkNCaUQk8gLegQIJBAB&ictx=1#ebo=1
bpw32nm,https://www.google.com/search?client=ms-android-vivo-rvo2&sca_esv=243c4f3f542700e7&sxsrf=AHTn8zq5w-VBOmHVHwiCbnpISC77nEcvYQ:1747306478417&q=nova+skin+clinic(dr+nidhi+ghodasara)+rajkot+reviews&uds=ABqPDvxZ-RhZ1lWxqOxzHT6JHIv3WjCFzNgSyARe6ECPjh1iEyRYiW2TqBxdOcWoz8UjTPTXuEEFCRMs9yjR_KgkzHb0nYQJRJcp8JpTmETv6h32BT_oraotcnv_Fd2jY7Syxy9TjvJ5cMvP0qIf6wrMde-awWLO3FxQ0I9lnZ2mRsOi8Xm0niz3gnm-ISgcdLByafIohy9dii3Gqkznvl3A7c4amLJynlCtRg_h0ubXO2bv_1O_k0c3hiuOXxHpWynd2mRS5SaVK4581bwgECTs7ab27zgHx5WVCH533wwbS2DcW9mmZF9J_cccysVJbd3xg0EmZAicf6FXZpq2lcWv4M_Zl8KCY_BJxZkUQexIvMKfKXcxOhCRoks7BrfZ4GfBy_T6jGMkl4xVOCSqAwvpXm4rZfASgjaWr1o7mq_oaUh8OuM0YGFppuhNk6IHSKT8smeKVdqBt3MfekkOYRCPiwyxhZAb86K1KPgcrEJL1XnwIanKPizqC6Ma5RbjCvo8zXmCYlBSi6zsaT1BlS6-sF2_BD7CDcwrpahIYGcimlGTOK0se4bo10CHpdMVnSEM_rDAE3DN&si=APYL9bs7Hg2KMLB-4tSoTdxuOx8BdRvHbByC_AuVpNyh0x2KzRZhl4uU8Mjdr6ZJaXNtGsY8Kp_uY23sezqkU7TU3JNW1BHAg6UA5A9bJ_ZCIRRLvv1ZuFT3eNevj0oCrIYAe86D5SvSW9Tfc7R5DjMsdEKtFTUvQ811Nxc7bF-8cC6J3tFIsBM%3D&sa=X&ved=2ahUKEwiG0dbvp6WNAxWAd2wGHV57ImUQk8gLegQIJBAB&ictx=1&biw=360&bih=663&dpr=2#ebo=1
nxi47od,https://www.google.com/search?client=ms-android-vivo-rvo2&sca_esv=243c4f3f542700e7&sxsrf=AHTn8zrFfAEBOWwN-9EI59PVl0PZo16xdA:1747306513230&q=swara+skin+and+dental+clinic+reviews&uds=ABqPDvxTMF51tpmiH324jRRbuUvCsOjhbJKV5fT8C4Og2TS6GtYmwpU1nlwlYbojvwyXP3BWChDDYhc0Ia5t6LzktFadTFyFJBggrkzx-s_rrCGw5sTKnLCsKnFkdaAvnb08AB2q1X738lryaQR3GCsD8UrFTXYdu5gbavF2o2Ys6J5zQUYIz6YFlr052myWRYPGtbqwPX_pDYt7HYymihie1aOdNQWEUhtlq9uoDlj87uzPaBr-oTVUHzNuIX6i03SB8yZggCZ40lcBXw-CpVbv9IHVE6Ixs6jIZiKimSXoEvBo210rHkIjnm1q0C44JDGkuAWTPs2BF7r4pSwAjFiSeuZ2z8YGasLN3yKa7NChPFF6DuGBdrFYbdkXtDB_TWa6qqzA4Y37kmiEsYmw6cvrPQDWVpl1Pw&si=APYL9bs7Hg2KMLB-4tSoTdxuOx8BdRvHbByC_AuVpNyh0x2Kzd5NZG0Vw8M-l5cNJ0lytCTstjSNiFtfo1N0o1TVzOqzhLS6B1kQavYC1FnN9j8m5Q0WGGYwQWMFHLyi2H6wDmkiMgVR0ZRJfiElXl9WEZKVFzDuAQ%3D
eou11nr,https://www.google.com/search?sca_esv=29fb167058105fd8&rlz=1C1CHZN_enIN1087IN1087&sxsrf=AHTn8zruhgRw0j2y7WoqdNvhzzAHa0NxZA:1747306562268&q=dr+avani%27s+%7C+midas+skin+hair+%26+laser+clinic+-+best+dermatologist+and+skin+clinic+in+surat+reviews&uds=ABqPDvz_cFS8UcMp2YCVuXpx_nmRCsDFZAXnqwxso-APYKFtFekYR07wDRdwwWirQ3Kxw8GHLYGZZ10Ra_IOmQMqloxKXbiAjeQIZ-nkNwQo1kKES4fuY4IzLqNjxGJcmL5oHPGBd8aNr7obLPI9jiGqR-0-r9hWRUpFvSuDqVkx8_y1vwbL3km27ifMawYQvSY7hcoNpxtb3hsc108cajJtgeSdG85cvM9NPeO3YqKxT05Pq0sub6PCPl5zV8uMnDDRzUsLOxIXtxfLRHkbqZsN4EZei85gAT6jA9p-6SGT1KU8k1TXlQiQ0ACL2lpmhGwIzHdekmdsTp28W-CpC1gC0zZZvo4aGv8gz78OT8iRLV5JRrz3KtPdvaLYl5tefNHKpjqd0CDJt0zlyVS9Eumuu_NhkiooV6yFudc84vC1qwxLzpq85p9iKeN-7qVeFK32pQoyXMQeHK9HU6WVXcmO8qGuPaprZlbuTmcLwZsdUAXo5ayzVgYetSfhGQS3bkTak0OiIC7AY0Uoy60Ac61gVDXw1CGlrj7zTaDwUpXQi2e_tpMT3kU&si=APYL9bs7Hg2KMLB-4tSoTdxuOx8BdRvHbByC_AuVpNyh0x2KzaFuWYFlYle7wk2TwJyAZ6kpvXeeiPAtwMrW5wnuoL4DMpIPmytfCQ9hL5XxRhTdw6vhXiC-YIKeCDPMi43xeex41x6CYAdFa86VbsFN0HwF43Ay2MVHUDgM4PwWHVLJNLfDFAXaKIoAQerKTvv4C8wX1OcgWHaj_KEOnzHNon5m9uDQebM1ESFZY1nDdXbsLjWklxs%3D&sa=X&ved=2ahUKEwjnudSXqKWNAxUbXGwGHTERGlwQk8gLegQIIhAB&ictx=1&stq=1&cs=0&lei=QsglaOeQEJu4seMPsaLo4AU#ebo=1
jws90xf,"https://www.google.com/search?sca_esv=a53cd43173ba6200&sxsrf=AHTn8zogRC4FyKEzd0yNoo_F9-FpkFy3cg:1747306633517&q=dr.+ekta%27s+enhance+skin,+hair,+laser+%26+cosmetic+clinic+%7C+best+dermatologist+in+surat+reviews&uds=ABqPDvxPC09kHhORIgbV4YhFGnN25TGLO5nQPQ3NpV69rznoGQjVbj2x0CYe1K8wUZOo1j9HNZkqD86bMEUKJ3yvp74Z3tDua5ACKTE9iJkpYsZJMCOnMUEi-qd92cwwXvgCCVSeDO7_De1KDLd4O8U8bxkEOW2bz7v2sLLtg7bIpH-dUYzxYqLBStURajdf9C5kMzSoC8afkfsjpcf6vP-9HSYW-VXTGaaJ0dERfEBwb90RWCtvx3b8xc5hlXXsA12uHBqE0SDo0tRjg2wWDgvuGarND0lPJJxQSGePa2gOS52dUC6R78rDNoO8dSdz21WHJbnM3YmQatm0-lDqb1ptfwzsut_CSgnibPzNsBq27QYkHzERK3I08dgUpnktNTEZxbzMCBckMTSx35Ob2S6mR6QsekP0FuG8qrEsBmYkHnCNDi6nSBh-u8soQXIJM78lxpe2Mfa2z3feyMdHkEtyaBQRIL6NKg0tWK8mWxzFmbEl41pvOWRprJkr16dRO8a1s5GiAQJBbYp0VAuCKhsPOqiiVBvf8xSMaudkfou47DUfVFtKVH__DyENT4iLeVdk-Hl4FZsGZWMNPnC_7mosYsqD4yPdCc_jqDl4HJbif5pHD0e5aS3t8cfsSaYXDi1w9HMslvny&si=APYL9bs7Hg2KMLB-4tSoTdxuOx8BdRvHbByC_AuVpNyh0x2KzQ3xN1TOJQe8MGGVo1ZYOXRDM__ljkYzS_Y04bJYOIw1dlHST57K_PFI7W5Y2d52rGrN4gcvSdT_KRVMOVdIt1YgTLUDacn9gpO4I-nGVhz4nmBPqJRRfdf2hKxSX5k4t8gBnxC1RU_Wrlh7Ms5oQivLtnmojCTdjAQlcpux6Hb_zUNed5jbXENG5GLy3sX3X7PIK3M%3D&sa=X&ved=2ahUKEwjPjtG5qKWNAxViUGcHHf1ADAQQk8gLegQIJBAB&ictx=1&biw=360&bih=663&dpr=2#ebo=1"
rjb60kq,https://www.google.com/search?sca_esv=a53cd43173ba6200&sxsrf=AHTn8zqeTIzZ5GQkdZEZw0k1FzZ9oCe2Ig:1747306759921&q=dr.+krutika%27s+skin+clinic+reviews&uds=ABqPDvyP47zQUNkF2sEYQ-VTkPOCadAhVi38kiT0d6QNQh_3D0bTw7qKwyOtzId1iKM_L8XbcoNiJLdHg-TQvySXk9rT9xjPOhCmLi0OHSnDnvl5_cp1cfNXbf0ufCosnK2RKoOmEOQPAnOITLEJjvu1ZWVC3FOf2jGvc87F2-WDkgg-Hd1bhxgILBCY_k9re3fgrIKIwhc2vDF6TSBBjPFOX3-GZbG7LdHhcz6TmgZhbchCGwaxWAIPiXlEHKiCUOtFllim7QAB8Bv_Iwvcc8iqXaJLWLNkCTOg75dz-wAjMWkRum2PGmZlfqED9_tIVa2F9G9eE5PwwjRKmg9tOTDYmN90OgWNHtvSY-sB7ib7nR9m7KMJqd7PhfhuNfxec-cDroMtmIWVE_eWJmb2bdDx7L7-8rM2cQrRreNpyKUg1YX9K4t9vzlPd12ft17kL8AhjU0TQK8EbRT3P_HPnfAyLG2_S7y5t6fDwfU-b6ugJ2JLjGVgd4g5dB4cfX4UCtW6WO6e8spnnjT21xTsKRpumBvGLuoj79Zd6mYwJjPYOPsA9rqc6aE&si=APYL9bs7Hg2KMLB-4tSoTdxuOx8BdRvHbByC_AuVpNyh0x2KzURonyUbEGnu_OhuUD6Rd_ZE8wKoxFpZr1O85E5d_dwdyq5r-yipEWTMarW6vakOhNJC_lAWY_5-F8aa95hNRAnlzRaMN4AJ-ueUFeI3dxdVzm2GyA%3D%3D&sa=X&ved=2ahUKEwiRpvT1qKWNAxXJfGwGHVE7F-EQk8gLegQIJhAB&ictx=1&stq=1&cs=0&lei=B8klaNGGOMn5seMP0fbciA4#ebo=1
ibm63ji,https://www.google.com/search?sca_esv=29fb167058105fd8&rlz=1C1CHZN_enIN1087IN1087&sxsrf=AHTn8zrhEvnBNYU5rSZGUjS7QFcpYFWB_w:1747306863795&q=dr+monika+kalsariya+%7C+monaark+md+skin+clinic+%7C+md+dermatologist+(skin+%7C+hair+%7C+laser+clinic+)+surat+reviews&uds=ABqPDvya5Kzm-9QSQUq9NH4UPbURYXkM3N0zmBoYbOWvnxb7gaylwG6fJPzVCVRweG9MAOJz4xCMS7kbU06Wq6hE8uuvBqin-p48sGYjafFw2bVJmvKPxA9f3UB-Df3gjd4yRuwHeXeJh30v5zsPzdlutD3zkW2857Mv9CJG5P_30LTP1fhCHgmYf1b6yKkx0MjCuzgv_Hup-TwX0DVdkseSgdqtfmduyw07-2ha65lKqRCXw2EGMD3wnhR2C_l3266fwtx9eXFBtUvejiEhmoe8Ls-v9SwrKI2sSlSiPaJ2-6tf5RIJgPUtxD7gPJGz11iTU-oJ8eg29J2-_YLCiXVH15XK4jLahRuVFDnvQQ9K_3FAuuIipcnV5GmS12ydOaT8wjxU53F0KzfRteclaxKZcgbtMI58CAeq7xhYXSVlacEvnmpk3KLNTprGeSL2vtGDnHxgYNWFUuFI92gT31a8XnMFAM7EVUvg2ftwngVNXXvRZtQhgtvulQPHO3N6eUxwc9tMa6-I-5Vxh-UsU03VEaRkcAswFrzAcUy6gm91ZYa2HiSU28g5WFuQfv2apP5Kk1yiOK9k&si=APYL9bs7Hg2KMLB-4tSoTdxuOx8BdRvHbByC_AuVpNyh0x2KzeJz4GFjlfkziuwvyzTB1t3UWBpQCWaS4pvPofCjuuCGS-oWW5X-0Z49xXhRORM0nZ6YsOdVvt4wxB56clRp5AwLjShUWmMK3_GUz6NO2RM43ybTYojwAv42WxkPJlZ4uMb2udE5hF4mu46MYWtV_xARYvYdWMSetWCDq7r5JpLTu0ud7K2HpQmEjWEyjZLFIJx1FdW-j6VV40o62tLsV9ATbWIu&sa=X&ved=2ahUKEwinm7inqaWNAxVRTWcHHSrbAb8Qk8gLegQILBAB&ictx=1&biw=360&bih=663&dpr=2#ebo=1
tzw86fx,https://www.google.com/search?sca_esv=a53cd43173ba6200&sxsrf=AHTn8zoG5gcqeos75hwDvUKO3F_nVu5Q-Q:1747306898358&q=tanishq+skin+clinic+reviews&uds=ABqPDvxVJXd2VA-hCL8gX-W8OCPE-I2kst-cgPQjIStwvhLaHX9VUroux3GGy3yoHmCb3bAtmEHLP7R_kmaZNYkSt0DNfzwURFAEVphEHoRRyu0pJjmTXRQ-h1UrQ7l6n8IFBKHi7PHPh31ZE-6qkeioxZhc3sjJtfYjKuRqghMLUcfghg-dYxoMsSYOrsbMQXrVYu_scCaizgTPN8A44OK4x9R28JUP-F6mHXCQvkkGzXe7D7mF3wJYENKhmW4-Ug3G8csRFGtS9ofLJFyYNFSVecrnhUnKyW02u3W3JLyH8ZG1OzMwKBRkOEd-TURmkIQa6MlAj7xvH8DjVYlZSZ7-TkrVB4OXblOGz87a1KBIdH5uvDNYUM_ekb3eVIJFOfdgM1LPJOae2tBc0HL66nLFEPL5I5jzISGBgVGAqL9VvPvQ6fhavZxIXPAkgXk0fjTjPqdZYhxDoRATXP-pF8moD9S5h8wI6V5R2B_gmUXOsVYMBTn499TQKpe4tPUquV8q7YlpC68RxMtWWRSnRtr6A3COs6Us3g&si=APYL9bs7Hg2KMLB-4tSoTdxuOx8BdRvHbByC_AuVpNyh0x2KzZOXvqdtG0tLTOBlMXw3QHaJpaUICh6bwEf4LQOwL9otzFBwq-1HyUPb9ReDV8admqv0SHa4gP-Zm-pas3eNUDsLQZ-B7APSGp_RhoVQXE_AcJNL_A%3D%3D&sa=X&ved=2ahUKEwiG1fW3qaWNAxV-RmwGHcnzEeAQk8gLegQIJRAB&ictx=1#ebo=1
qfk21vn,https://www.google.com/search?sca_esv=a53cd43173ba6200&sxsrf=AHTn8zoeSzIiMK1v46SXA_irQQyJ16AACg:1747306976667&q=lalwala+skin+clinic+bhatar+reviews&uds=ABqPDvw1zpjvB0PvmdLBmXkR2XPhpC5XSqwdrlzrVh4n93VmAzdMQG2mNAQGuIYdjXLH27FO_1twnQeRj8sQ8Wd0QeXyTle2sZhPd_f0hPs0_2Gsn-7twywW9jwrdVpPbaW7NGzohMZFkl2y_oUAXh_NmGb82LFh7nOGZzetWHf07YmWXMpPcCdePk0PGdDxrGf5lvE-M2oF3Ft8yOZoXcGdFzazgdIMYZsmL2pdEbVyNoJz8elg-m-JeUfcgf25HdpNazjWeLgBbwEzECDzBNlpgzahqa9kg6YW8HNyc5_NYHf3J-ZSNmTVKgCcz2bFIHsXA4QljlU3JD_HNzPpa4bStVghwCd4eJsHYq7IRGWPnmnuQXAbID3I1ShyhzywLKC8oGVB3CMUB4B-IAi_0kQkRjCgRBmI2J3TOGu-Ii1kKrt0aWFKIRmNLInCOuUF6wjv1TY9VbRIs4cJN-knbXg7nsOWyC6s97qTBqONrWjbDDNaienWweFk8Kozi8mNLuxJbPgjXaNa&si=APYL9bs7Hg2KMLB-4tSoTdxuOx8BdRvHbByC_AuVpNyh0x2KzfTKaAEb0kFc5W6vCoyiH_uZoPf4Qjtu7-eGewqPP2lXZD3Vs-9gmh5Z0nuZ2fIumkaHoU9aYaGw9cZbudCVnJunm9keV_w54eC2YtB4-UjrfZZnlQ%3D%3D&sa=X&ved=2ahUKEwjCqaHdqaWNAxXEU2wGHYiAG5sQk8gLegQILxAB&ictx=1&biw=360&bih=663&dpr=2#ebo=2
fgs83jo,https://www.google.com/search?sca_esv=2c9e1e9a39f0ac3a&rlz=1C1RXQR_enIN974IN974&sxsrf=AE3TifPjQUHmu3Gh8x1gRTwPQAQeIBIolA:1748099919469&si=AMgyJEvkVjFQtirYNBhM3ZJIRTaSJ6PxY6y1_6WZHGInbzDnMYYm7LPHK_q-Y5BzeRwm3b1UwNLl82dfNPp0d-aVE7QkYe1vCP6sGMRBfYHUCQkpCXsesy-JqJNoWOzM3XCRg8fRYusb&q=Harsh+Skin+Care+Reviews&sa=X&ved=2ahUKEwjKrOzVs7yNAxUblq8BHRTgIPoQ0bkNegQIIhAD&biw=1575&bih=759&dpr=1.22
vij95fg,https://www.google.com/search?sca_esv=a53cd43173ba6200&sxsrf=AHTn8zrNgk7duEhAEJPUWn_4BGmHsk_p9A:1747307944431&q=dr+hadiya+skin+and+hair+reviews&uds=ABqPDvxKIZAvlpxJ6KKBFQ4eDhUJ3qRapvQJwEI6rPpUdxFrOxy0rg57rkvHPcxEFEgKV9aLTEgbNA9a0QfQ4HlxZ6ZqwvGofNY9yjyuXeDMJv-BtWRkm47qDP8_7WrFN_CPfXtYYCbRuc-iJzy7ZOztWfbCRfRMy1wXo2H9ZAaoFJ0ww79xpvhLnr8KMbVb8fjJ_nF07Sum1PCWgVO9Ou8X1dJIs54am-RHgXST2vAcRcMDUw3p9eefs2u0tdSc5Hn4rSYp9EHQDSdPQQlVhRXfQdIPPBaAltWMKjH6aGT0Wc9NmAP195FJ0f_V4rquov1uQwiQcsbz9VllD0PIfCatxHDf4ARSreXztTL9R65buraQL5F120eL7pZWHBeJmf0PY8cNzUBm_UX3CaNXEJ7CrX_Z8kExl9KII8keufkSml88GnIVfH9oqAIoQhASwZM8wHIKpfbAb8AzCYHHZg68Xut26TAXuVai-AbWIboUv-ohYQe8mx5kMj99W7fOA1DZhPYaH8A-&si=APYL9bs7Hg2KMLB-4tSoTdxuOx8BdRvHbByC_AuVpNyh0x2KzZnKKFHGQ0GNABbpUF52X6pAn1YFZ0yOkwfceQMHMoyoXKIzl8vqWwW1US0e3bII6GHXJ7VJvevN79qALrmOK47g5SCoCBJg0lafOTLbuu_vGopZsw%3D%3D&sa=X&ved=2ahUKEwia-NyqraWNAxUAS2cHHfKTDA8Qk8gLegQIJBAB&ictx=1&biw=360&bih=663&dpr=2#ebo=1
izg86ji,https://www.google.com/search?sca_esv=a53cd43173ba6200&biw=1366&bih=607&sxsrf=AHTn8zrDJuDtgbPgvC0Q-Zmcv58CKIOA1g:1747308068511&q=arora+skin+clinic+reviews&uds=ABqPDvwru3iBABBih7Di6zO94Cn39K38NwjAOJeq4hR5CBkUaSRcAhKtOj9xyKjjrxyrS4JPGsvtHN4rFB69I4wBiDsDM3jPzVDudvRShqUm3yXfkth3R8r7H-vKod4Iadr8whjjPGbkL7sjyKDmNii-indgeVWcLyTNlxrXGvVtbRXIM1fE4sk8KVHhcW54Cq-3wul6FK_tRqtoi5pYjgiLBN5IVbtWZEJm7xULSxYKBtSNv5lV0ixQoCEEo-Q_leNBYuhE6PBdYjtH8C5qwK2eNT1yEYjABeC0UrRj7Mkghl_apsoRSIFRXu6dBP-wIIpMr7hOD1cm5HTLi5Q4OYIVeJ6LJYORELQzNVzy3BzIo-LNdybEpC5T-LPcJYC6N1y6QOfEy9F_oJqvIxyqDhE7k6ANpqe3_MhpoOwzJpkgCRKcxsJVEjNiw_1xIR9YKnOhehsE0Fd8vcoqT5q716e_KXLdAfee9EHrFN7jOMCuvezd0YtyH442A9nQQehknpmyd0eJwCxnU5xHws1UndhIQLr_gBu_JQ&si=APYL9bvoDGWmsM6h2lfKzIb8LfQg_oNQyUOQgna9TyfQHAoqUrqF5I4k-ltHyq4xwvHhFVoQr3hoNa_R9UgSvzpgTMxn2eaqfxUKMFu3ftWCPzNOPLxUG0bxWLqxilTA4-CFrqRizNCe7aeR-UyWXFLMbQWai9lipg%3D%3D&sa=X&ved=2ahUKEwjumPLlraWNAxXyUGwGHQ90HL8Qk8gLegQIJhAB&ictx=1&stq=1&cs=0&lei=JM4laO72HvKhseMPj-jx-As#ebo=1
mje14gd,https://www.google.com/search?sca_esv=a53cd43173ba6200&sxsrf=AE3TifOk_fwNF55E_1vTEi9kMTGOtj28BA:1750301575350&si=AMgyJEtREmoPL4P1I5IDCfuA8gybfVI2d5Uj7QMwYCZHKDZ-E6eSxOTx_EJeII_nnbPDHcJKUAKjMIh2O4iBOi63evNhBueVl0gS5aJKN87xxsP1xE5CsuBLGMg1cpynNDwytLpCJGMo&q=Dr.+Apexa+Jain+Reviews&sa=X&ved=2ahUKEwjw8pe9vfyNAxXkXWwGHcKwDnsQ0bkNegQIHxAD&cshid=1750301626745660&biw=1280&bih=551&dpr=1.5
rwp70xv,https://www.google.com/search?sca_esv=a53cd43173ba6200&sxsrf=AHTn8zou3YHumdmdCx_ZVkX_bdImhmj0wQ:1746460468372&si=APYL9bs7Hg2KMLB-4tSoTdxuOx8BdRvHbByC_AuVpNyh0x2KzaL-ea7STZhe7sPl_DbUnypGxZspKWTqGC2tnav5RFE2FRwgcwkKZq8wVRNjbo9-oGDfz82ZXcw1dOq_uBbbz9NJ5InPNWRSV3gDs2CwOyKKvo5TdQ%3D%3D&q=Dr+Sanjay+C+Mehta+Reviews&sa=X&ved=2ahUKEwiBqNOe2IyNAxVTmq8BHXDbAN8Q0bkNegQIIBAD&biw=1280&bih=593&dpr=1.5
har88dk,https://www.google.com/search?sca_esv=a53cd43173ba6200&sxsrf=AHTn8zrTUqH_skfqQzvQAjZFGMYVBDvhhw:1746460797554&si=APYL9bs7Hg2KMLB-4tSoTdxuOx8BdRvHbByC_AuVpNyh0x2Kzco1VT3XEm1Wo_5kxq-fnN8VlVmMA-hKO1Y5t_N7XH-E4yYn_PUvk-grHPFbbUt_ePt2WWVOy0bG-AXVOgs-UfVN8YgSxOW9En5ZsHR8yleB2-OyKg%3D%3D&q=Cutis+Skin+%26+Cosmetic+Clinic+Reviews&sa=X&ved=2ahUKEwjc_M672YyNAxVSn68BHYpFNgAQ0bkNegQIKxAE&biw=1280&bih=593&dpr=1.5#ebo=1
rkr81et,"https://www.google.com/search?sca_esv=a53cd43173ba6200&sxsrf=AHTn8zoWRJ4WMvohne5pBBmCK6c81MdEnQ:1746460971415&si=APYL9bs7Hg2KMLB-4tSoTdxuOx8BdRvHbByC_AuVpNyh0x2KzYZit1UnThDly5wQn9SPGP3p7dgJL0P6K0ZspyrHmXyIzaLhgQa7WqbsPEmyhKib2gZUimlemMbHfTcO68fSA1ca2Lf9OqNADF1kWZMtP9t9ldA6RYe2fhVQQSAS6ZYaEnncT0vlzU2m7eae_lDvrz0fXN8SdgAt8FMtfHJ5SetIcwrM56x894pS4Cp94baTXvQeTvc%3D&q=Dr.+Patel%27s+Clinic+-+Skin+Treatment,+Hair+Treatment,+Homeopathy,+Infertility+%26+All+Diseases+Reviews&sa=X&ved=2ahUKEwjnycKO2oyNAxXvZ_UHHULiAD8Q0bkNegQIMhAE&biw=1280&bih=593&dpr=1.5#ebo=1"
lsg34rm,"https://www.google.com/search?sca_esv=a53cd43173ba6200&sxsrf=AHTn8zq8QjTodt3TbkXCTojzLInYlOUyDQ:1746461119747&si=APYL9bs7Hg2KMLB-4tSoTdxuOx8BdRvHbByC_AuVpNyh0x2KzXaNDp0uw30bebU-GwehxhOOYq3ksT5P7YUqIeAE9kXiIr-w_2_jQskwBuocnONOtfazwWL-slgV123CS8vW2Lvg8sDNHdwgFWjiDbYUNFWsCOKXLfE-PxPiXv5aRCtd2199YQgXmbSlf-xTAL_Tw4ggOTZWHfrycHM7mOYRPuQ79wm7Jcc8cFcnourwfdD0BBtBidE%3D&q=Devanshi+Skin+%26+Hair+Clinic+%7C+Best+Skin+Doctor,+Cosmetic+Treatments,+Hair+Transplant+Expert+Reviews&sa=X&ved=2ahUKEwjkhaDV2oyNAxWXoK8BHSr_NEkQ0bkNegQINhAE&biw=1280&bih=593&dpr=1.5#ebo=1"
gte09jx,https://www.google.com/search?sca_esv=07244f2404158725&rlz=1C1CHZN_enIN1087IN1087&sxsrf=AHTn8zqvGBhSl6IinlploSf3gG7ELg1BwA:1747308866965&q=krishna+ent+%26+skin+hospital+reviews&uds=ABqPDvzdbHr2EJSdVQiCkUVR_fX79do7lTJPolF2DLEcuy5086AdNitimnE2HmRRX7sJEqQCYcHCYlYjktKQzTDsUxgfroRw4-ejQyUFIRJDIcajYEGjBv2OZPcwgJ5fcytWMaTuRM8G6hlr_hlCs6N6vrNmdlDondHbr2t-CrwPFmAOtN8Gft7Qrk4w4YaXW1y6FVZVDk64t8XR3mOg69ZtMCukx3IDwlzvO2Qm21igGh3SnraTK-IvVVHaGiK7DwiSi860XcZz_EoLOGBDe1OLXJTerxgznJkv0bo0mvnv4r6-aDupoJhWGLcecGhyh0f_M28Kf8mRa_vJBcEKwi0HHYlMyIAeDRXjiD6Fp5aM6NApxMkthDMAAgNwwoWeloouFQmw9VOpOzk6ibvxYAUWs93UzWSruUnCNrmAFrbEZ-YM2sHH0G6jOJrlBEI8aCKo6zhTsvg8vzoHlJlAAGmTYWNaTST3dw49uPi8nRBV1gv0vF4cUxdmByQRWAl3KJMo_1dKh-qDbQ01YW0gqpFnfl6zo3ADLO08Dn9CAVrvZy0O_6rWAHwYQoXMbOxFc3sf0szh1u5bqigOkhdm-HewOD0VtK_0Ow&si=APYL9btvhO6SAb8jF9HqTZMMa7vs_teLnZaEVrJZwRKFIIKjofOHj88Qz8doHrfEla2cwqFEvlKPRHcaXxy0nWz5rmC-C9ZXIPC9iVfit5X0AZLmOzpReQUwbJgySPgnBwpLuPgNDYR0VFstqImdoVIREn3nawXVrg%3D%3D&sa=X&ved=2ahUKEwiP_M_isKWNAxX1XGwGHU_EMCAQk8gLegQILBAB&ictx=1&biw=360&bih=663&dpr=2#ebo=1
tyw23tt,https://www.google.com/search?sca_esv=2fd355d93db3847c&rlz=1C1RXQR_enIN974IN974&sxsrf=AE3TifOR72z1ILMJL_DT7LDf-dCXsUF2WQ:1748106086994&si=AMgyJEuzsz2NflaaWzrzdpjxXXRaJ2hfdMsbe_mSWso6src8s8EPFXXCmvw9w_qA6pbCM7IpokvwwcNnFDCI5ubpcwQ-ZbgIx0rwSU2Z4lPaX2NVOvUFmVsg0Rx9IoDw_VWuvVn9hxnl&q=NVYA+Aesthetics+Reviews&sa=X&ved=2ahUKEwiQheHSyryNAxV0ZvUHHRjGJJcQ0bkNegQILxAE&biw=1575&bih=759&dpr=1.22
hla29oy,https://www.google.com/search?sca_esv=7ffbc6d94dac2745&sxsrf=AHTn8zpNtY_u1ePQut0qCJbRh37pWeqV1g:1746461995161&si=APYL9bs7Hg2KMLB-4tSoTdxuOx8BdRvHbByC_AuVpNyh0x2KzWxRwy9c9ISitIPyLX5DwkrKyV5zVHls_yMqSrqg3tG8JyAJLZkjHjrQgwMOe9HOs-dGbgt8Of9GI_oO4tAPz4perxKYQYE2AIfyZwEdFSpCCICIbZjOi7BSKZEA7yf-X7pKnIP-qkGRnS0HTamV1Pvf4gGi94hmu7D8RG_vEkd9kwYlJfJyuMVj9uX-nV3WMUkztK0%3D&q=ACURA+SKIN+AND+ENT+CLINIC+%7C+Dr+Mitali+Shah+%28+Skin+Specialist%29%7C+Dr+Jinesh+Shah+%28+ENT+specialist%29+Reviews&sa=X&ved=2ahUKEwirgdf23YyNAxVrgK8BHTD4DlcQ0bkNegQIKRAE&biw=1280&bih=593&dpr=1.5#ebo=1
pwz92es,https://www.google.com/search?sca_esv=7ffbc6d94dac2745&sxsrf=AHTn8zrbhMRjygsW1Mct9lN2AtrZUu2-AA:1746462114085&si=APYL9bs7Hg2KMLB-4tSoTdxuOx8BdRvHbByC_AuVpNyh0x2KzSZtqaLxgZ4RB423a9SUvmAnl2uHLNegi1LGQ3ME2uy15OWoDjuSBQa-6sZO6oNXGUTpHoPNYoHtnGHfV_gXPTr7CBFHKFmk_HeulG_TI-vz57TaQWVJ8bMAeKrY-8mgNHrYxU0%3D&q=Dr.Archana%27s+SPARSH+Skin+%26+Hair+Clinic+Reviews&sa=X&ved=2ahUKEwiC2bGv3oyNAxXmjK8BHX9qAJMQ0bkNegQIJBAE&biw=1280&bih=593&dpr=1.5#ebo=1
kvy73xa,https://www.google.com/search?sca_esv=7ffbc6d94dac2745&sxsrf=AHTn8zqCc4CvvT5BcY7qnut3DacbXAtj5Q:1746462185646&si=APYL9bs7Hg2KMLB-4tSoTdxuOx8BdRvHbByC_AuVpNyh0x2KzaRVzqs3YDUoSJCVhM7JJkfIjJNEej6D_S2OQordW0DkJuY6PsAPV2vDC0LZ6nVgwehn0WcpCew-ixHTIotSWntbbztpyQO_Eb7xcB3jl9UIAJHOEg%3D%3D&q=Raj+Skin+Care+%26+Cosmetic+Clinic+Reviews&sa=X&ved=2ahUKEwjMsMHR3oyNAxVfdvUHHUfRAN0Q0bkNegQIKhAD&biw=1280&bih=593&dpr=1.5#ebo=1
cqz05xn,https://www.google.com/search?sca_esv=7ffbc6d94dac2745&sxsrf=AHTn8zqH4_eWuczPGDQJdop2gKrqJNCZ1w:1746462374088&si=APYL9bs7Hg2KMLB-4tSoTdxuOx8BdRvHbByC_AuVpNyh0x2KzY24-pJNsNsj74o3Ntreaq2cj1JmPWiPwUYLpbz90DIM8dYGj0MrXMykNoTbSBua0gzpT3PTFLiSmbatS_EQUf9_T_d_FA78eXXfw4IGse6A4j7ISgiKkwXXUdUswoabOR-57oE%3D&q=Dr.+Rinku%27s+Skin+and+hair+transplant+Clinic+Reviews&sa=X&ved=2ahUKEwjx_a6r34yNAxVRUvUHHfwAAzoQ0bkNegQIMBAD&biw=1280&bih=593&dpr=1.5#ebo=2
stg55ia,https://www.google.com/search?sca_esv=07244f2404158725&rlz=1C1CHZN_enIN1087IN1087&sxsrf=AHTn8zo_6qRKElyNvTuPaQhokVbiay6Tyw:1747309248670&q=skineva+clinic+reviews&uds=ABqPDvzemNdQYO4Sly7tJbN2Zrs98Y8WrkrlLgPdAdSsX_IdhRpOsCPoQR5c28z7Rvu3_uAFhiJIErrl_ipkw3ZfOxCzXDsonmZgXVhY0v8aGjP05TSGJh5YCKoLtnU7ZKk3GA5nLJDTwWEBc-S1tQV4yWv9X7BdnMdP6lABJarw1dbKIcxCcjuozo22VmL4aHMtdxRVYFBznst6eaCdr_WkcFK44mEQwo-A_SD4LVCYylCRqsRgA2zCLgQzXRMnHIDpOD4fgpjal_4UWS7pszWFEWtF1FgsCeSY_GZ8wIGZF88kCNbdSbaTf7c7s-KMGAfeB5Bw2l5ljW9ig4aSJwTAwi9JYDdK8FQnjim48-irqqu1znXcWvKV3pRyshn_2ZbIdObay6sSpuDpX_tY67EMtnWMAPEovhfHtu_78nWwoz9dEtlcOH_9QygTsL9bDmH0RjGZlgRex6-GOd1Z6Wb_IJEN4-5jMeG_Y9zvQY3m8FjtlpcP_Uug8G5L_rJf4vAC4MxA9um9ez7_n_QfHJpmnYAYnBs9hS6c8O7RsTJAqFpvzbNUn6Q&si=APYL9bs7Hg2KMLB-4tSoTdxuOx8BdRvHbByC_AuVpNyh0x2KzZK-l4s7htZqrskERUsPHbR6t6oUVqz5nNeF42VYCyWNQRwdbvxeALmy7czoXxiUFDNya9YBczZDfEorO_lZ28JYBQ7O&sa=X&ved=2ahUKEwjAudGYsqWNAxVXSWwGHZq3CXYQk8gLegQIJxAB&ictx=1&biw=360&bih=663&dpr=2
erb87nh,https://www.google.com/search?sca_esv=07244f2404158725&rlz=1C1CHZN_enIN1087IN1087&sxsrf=AHTn8zo4aHgpySQciMtVtB064JNtua0KSA:1747309305136&q=dr.+savita+agrawal+reviews&uds=ABqPDvyYyVgNZ5xeMtuZyiXpQIQqrmcie-KmENfxMdmT-4LP2_A2QuZNZNKY8g8mg8mGm945TbR__J0gbKJqi5vT89rqmTJScAu5mNQnGPq56uBb0kik1gWtews4HR98_ERB2xAcTUo0XdqneV0gBWAYZsFWrR4JbVo8KPMxi84nAhSAoawrayk3jrUJUguRCpqd-KCVWb6nQsq0N-a_zphHDqIk4Tu7miZjkdvh4y_F5fCJc6rhbLDrNEb1nFCH7qDomyTeNsfj5-p7ciYbZOdjYo9ngUq3LhuWs3WSN441fi4mC5SwLQPIn5hCB5otWqeIcek8HBUqmPOZyl7pKVqn2VRyVzoloQ&si=APYL9bs7Hg2KMLB-4tSoTdxuOx8BdRvHbByC_AuVpNyh0x2KzefIaz6LRN9oHqv5Y9Uy8anhqZ-_6jcZkPzizP_GplkNXWr83B8_MKnzJGQqCTfaWk3EKpBj6gvwRv9Hl8B_qdVwF3XZfTyxKMDCPsO1hrAd1hdRHw%3D%3D&sa=X&ved=2ahUKEwiP8cezsqWNAxWER2wGHWPXOukQk8gLegQIGxAB&ictx=1&biw=360&bih=663&dpr=2#ebo=1
otd39ra,https://www.google.com/search?sca_esv=07244f2404158725&rlz=1C1CHZN_enIN1087IN1087&sxsrf=AHTn8zpdwIoHegmrFo5l6lI0CUp8zqWNEg:1747309349872&q=dr.+vijay+paliwal+reviews&uds=ABqPDvy2oiqO6xZHcwsJo1yWq3paPTukYHgDiFFZZRW6kyOxzJUKh0LvWzUi8DrB0DqhC-NWoULQKg0oLmCSqSqdD1kjoNTzVZrIIRlSJtIC9e1VEFrNB-0WJZ7dWPkLq-rXBeDIb2xQIjJ-0a0Vmh9YfKItR7MXqntKmSZZEGVN6tuBxxTCJ2QG5R1w1qW7QyvepDH3btxcLnMCSUYcn1TmV64L4YaC-6jVDQ77x4hDtkouKw7njo88TF3tE88tgdWeYgAmqniBYvWZStVjmOPqh0nEbUQIaccJqYyfAPYZDpneHE9IxlsBn3Wd9RtFNPl64VRyVcBIu78mjW0wgRIKIQVAkI6XVYSzAfcqYzTfvLuMmc-c99bKbkk3Lr6eSWp3tN8icfWj&si=APYL9bs7Hg2KMLB-4tSoTdxuOx8BdRvHbByC_AuVpNyh0x2KzULOeEDdV3rij98zkLRgpwPJZ5Kd_t3EKF1lXOnnf0yimPaYkD_A8P2ynW7Q1Zj-srrz1GEaVQkPjK9UIH9YQyQyo1xndecjAkyMEDQKugTqu4dEaw%3D%3D&sa=X&ved=2ahUKEwj4qfLIsqWNAxWmcGwGHZ0TENkQk8gLegQIIBAB&ictx=1#ebo=1
ijy94ln,https://www.google.com/search?sca_esv=07244f2404158725&rlz=1C1CHZN_enIN1087IN1087&sxsrf=AHTn8zo8cJzQt_xse3IfJzeYdEx3nr4Isw:1747309750505&q=gheesibai+memorial+mittal+hospital+and+research+centre+-+ajmer+reviews&uds=ABqPDvwHLyU7FM3CTGg7OB6LdT1_HFCmv-NmvPieCoGB7-2FXVvrMaviVeUgBz1dZbV2m0xnTSGo5Gb_CWyWb7OICeG578U_Yx96t32pZXM0HDvT8zLqpGVAJxT7Z8J-x7E5-dymkAR7Mpq-DeTDKZkziaGLQnEH7eyhTBASZ_X2m5nL2GW-LFEBRx_99LIV-mqoTpoNfSzjEf87fkDdtKACsn_LgWvAMRNtz40k0reeNF4LNy_x-Ofj8zaC6AWOtrUxhMyzVlNG4bGYoOi3fgDjdDVPBE3EIASB5GYtQvLNa32n84hQyeYdKxg3N9MzOLbdxKgpM_HqZyTKKFEX9APQLTL7Fg_VU8qXTXMhLHPNOP1qWdKDAIKL4gvTTDnt1i0SvD06RIJlvEGKcBvAfj1tnjRL46NNieEIGeEx6fhupcHVbOl5783ytw9SfAs-yYZimKSsf4YC8h1Shy7ll-vlgbhG7EfC5XZg3K-FRBOqixYlU8SUr_eLRjuNTPFUErxB9gJ7GPnjHs0rr4xhReXAz5yeKWpY0A&si=APYL9bvoDGWmsM6h2lfKzIb8LfQg_oNQyUOQgna9TyfQHAoqUqvcFSl6fjYsPNauW5pkygGGmFH4TMSBgpUy_wR8iUUCD_yYRUZuuTWwXt8n_JMvz2FcI3jBQ8HIqfcd4lx6zRQDAencwiZzJ98YUwDK3evRAQ8DD8mGBHwBTVEP6pQmfFCz8VC1_inFdqu65K6CrBeEjuNJ&sa=X&ved=2ahUKEwisjfeHtKWNAxUKSGwGHU1JLZEQk8gLegQIIxAB&ictx=1#ebo=1
pvj40dj,https://www.google.com/search?sca_esv=07244f2404158725&rlz=1C1CHZN_enIN1087IN1087&sxsrf=AHTn8zpMXEiuOR-wbNDMpeNkf589-2dbtw:1747309806498&q=dr.puneet+bhargav+reviews&uds=ABqPDvy2oiqO6xZHcwsJo1yWq3paXDpe4AOu16_NR4a6LlFy9biaWInsBvWEclLhpSPti50GDVt7Yek96yCxsGaBzWXVH73NTTNMN5itghpx3wBbnE0avH0gVNDDjW9mDNXoktAQsBzUSURjIYE14Qq0iJ8t4LdhQKRdhg4N8qvgvATSAKSd6D8od9lY7twArqGsSpFgcGggZ84qiMsx_OcRZgVVfPrLh7RsemJEjYmH4iOvIYvoAI4kJvrTwPigZ-jcYPa8MRJ-ps7FN5adyzqHHpXiJzbpo4DcOO4vxf7r-mc2k0Koo0RTNcd5U953KKPq6Vlv6EQvnZ65T8h-IITHpwTlcQkwcPwbiinkzvMZuT55PJGqKDOXrcBdlGIwGUuhKHUs1bCd&si=APYL9bs7Hg2KMLB-4tSoTdxuOx8BdRvHbByC_AuVpNyh0x2Kzb91Vb08sl1ZcNpE_smV-Pea4ctaYCn-R1670Nyr15fPvv-Hh7CBZrNLHiC3XiO32vhgqAKfq-8FIh6umcs_5KY3u9fdDGmXr0yJpd-LTprDOELYBg%3D%3D&sa=X&ved=2ahUKEwjwydCitKWNAxVsT2wGHQQIAqUQk8gLegQIIhAB&ictx=1#ebo=1
rzv14gv,https://www.google.com/search?sca_esv=07244f2404158725&rlz=1C1CHZN_enIN1087IN1087&sxsrf=AHTn8zr1VMffvzDaPeITTxsJQ7rZ-O8AaQ:1747309862709&q=dr+manisha+nijhawan+reviews&uds=ABqPDvz7_2JvUSQSOCs2Nd7SFrcfaTNg0e0NBvZOgcX0dsPYoyNS6-5ig7rC11SFBwhnjh2ul89kGqg4r5hKmuQv75sL9kTFva8FoCcoFru9unwRQAq41PgTlZNWUgd5XTCOHS7VC7rnXNo1MfCFp0kz2XmbNcN7PMaKmpqmibfc6K662XTMdpUpXOsOIYPRAQQB67yYT0l2cQnYzo7_IAJBNjT2iKlQUPjdKdTpXYr1DmWdsQRwa2WWn1jeK5zbxlORrLj50RCss_m2cjKCxu4suq16L3BtVNmflolu3hhplqei6mjDUU3a008DOdt1cRfq5Y9zkhqREWiK9R0dcs3wuJISrvhp8zAwYR8_6t-iuwBo3BUUfGkbQ6jevHOLUdqIRIhVpPy5&si=APYL9btvhO6SAb8jF9HqTZMMa7vs_teLnZaEVrJZwRKFIIKjoTRkPRrSy9eOop42zHDBiJlrn8PScG9enufFFrTjKQgFV_8t-Zd6M6BS_T-LyKPmvVpcAS7ny8MoQd8-5A7LBXdo_Jdkrv_tZauOJVVW-KZO7qgaVw%3D%3D&sa=X&ved=2ahUKEwj4sbe9tKWNAxVXUGcHHdUfL_MQk8gLegQIHhAB&ictx=1&biw=360&bih=663&dpr=2#ebo=1
xxg43bp,"https://www.google.com/search?sca_esv=07244f2404158725&rlz=1C1CHZN_enIN1087IN1087&sxsrf=AHTn8zoJF2g3BH00T8NFXx832LY2R_JtVQ:1747309910008&q=rijhwani%27s+skin,+hair+and+laser+clinic,+pratap+nagar+jaipur+reviews&uds=ABqPDvyK1n1DPR1HtaDHBlr5u1Z3UCc9IaWR11djPLdnW0E2XvlxOc1Fh4csXX2ZINe7HA-IdFX0zIheL3f0QEV13jDNEp6VGMu5s_95lRE2bpwwenArc91A-8R2jrWNf6YLU0em9yTXRNjNxU3_Hyjxhv_CxLyRMVm1umxAcy0NANm11BHTnvX1EAky9cIAlTiNrxCIatnV-M_-r7m1N8vvo2jm0qY_knyYhLu9gsUiISWLCgSPYEjliTqzAFQBcfOw06N2YtZfHw6HKaKtnxJc7hp0y-8lUx2LUvxmgapKjlM2bYlTAQaKY1faGM27N2XraDkyP49mTEZOq_3cMssY_cXqeedTi4JW8E8M37wDHQL7YjzpVzl08o8zKlN7enAOnlbzQ4qT7qz5SY6bPUrUPNpcRQDAU3SQNpUe435tmS959Li1rRpMSlbA6CGUdVlIs26wp8TrhHbLWY5Pl9x_xB_qT5MGzUzKv_3DlGoH1pEkUzWK4N4i0qJnYnxFMi33v6Z5gmyPQOoFmY-9QYzLXONo3TD1pF7uxoATs3kI0bojGzmAbYmWo4KkofMSdRazHeUU0_-PgAyotcjW0zs0evCjcPCxwQ&si=APYL9btvhO6SAb8jF9HqTZMMa7vs_teLnZaEVrJZwRKFIIKjoRdBvNn0eRGD7QQ_C05YU42tzPkzMgFgplFIc9lp8OMwRcaX99ES0sw-DXL9iwpbQvaPNicgUp95VLOjklsfXLvBkDR0D_3vYyQnnHGCbtAHLAn2gdLPstQIpjgyy56OSSjKZZbAgViMx8F7l6f_I66SA2A4&sa=X&ved=2ahUKEwjdnv7TtKWNAxVURmwGHTPsFI4Qk8gLegQIJRAB&ictx=1#ebo=1"
lxo74jv,https://www.google.com/search?sca_esv=07244f2404158725&rlz=1C1CHZN_enIN1087IN1087&sxsrf=AHTn8zryGX62gl8a5302AGiP5PIrwqKkLw:1747309954760&q=dr.+dinesh+mundra+reviews&uds=ABqPDvy2oiqO6xZHcwsJo1yWq3paTQfcpqfhCArwy5lsScub8V-Aex_0-8srti73vju4pPy3vCZdcCzVPaIcHV9uiWXy_x6jgKa3TORk6tVVehv3KwZLMe4ds-ea47b-9xAa0v2WOknyWjEcaX3Qoe_HvnvUb_qJAeooWEglrSsmUZM03jbKWCekvbXR0MRRX8rg_z2M_7syDunuHZjiB5ft6RQkiZfkx77oZA2_MxGd6F5Ni0sZbVzOoecRmhPH2F1St2CYRQqj8etbXQUxgqtYDT_ioeaiPu-vRHGdGigH4PA11MpaY72wdUnrPMgQfh364iRKNpTeoWU71NWG_N8MwjvfgFCtrDOQTntUSVxI_BIBy5Tm3GlYfsJmKSYMWwQa10W3LHdW&si=APYL9bs7Hg2KMLB-4tSoTdxuOx8BdRvHbByC_AuVpNyh0x2KzVljrhZNu4FT140AI_YGO8OhtGgTnIj9cMfTBYX66RBM51VEvLzj36-MVNsDgTauuXA5QyVxreAqiYaexG8UJPmkHcF5mqt6PXEiLra08JfeSUxwbw%3D%3D&sa=X&ved=2ahUKEwis3qnptKWNAxUkVmwGHTAeFj8Qk8gLegQIHhAB&ictx=1#ebo=1
dhn99nj,"https://www.google.com/search?sca_esv=2fd355d93db3847c&rlz=1C1RXQR_enIN974IN974&sxsrf=AE3TifNbLsBGDDcY0mkURHvJG9B7OOKkXg:1748108384342&si=AMgyJEtREmoPL4P1I5IDCfuA8gybfVI2d5Uj7QMwYCZHKDZ-EwRiP3tBJeNON-Z_uKeJo878rjwU9kM30NfIsJ7CmN3ePsBZgI2JI7jPj0ZQbG8vDEBfUJeaa4mezuIDIQyEXwp6dcHCzqxbernov0eK2BBRHvHh2FC_l5FAqv2uevuB07suBSMBgcI_Ok-M4io1oLGhnqWZgyuTCiACSQl-2DyXJr3BaxoBvqNhoBveMKuhtxucQf_u4n8kr1ffjAy-LkOUkwOKCr9rWWhYDimyfyn_1qozHQ%3D%3D&q=Vedik+Hospital+-+Best+Hospital,+Skin+Doctor,+Dermatologist,+Hair+Transplant,+Physician,+General+Surgeon+In+Sikar+Reviews&sa=X&ved=2ahUKEwiDiJya07yNAxUWdfUHHfgDLlEQ0bkNegQIKhAE&biw=1575&bih=759&dpr=1.22"
ayr29rl,https://www.google.com/search?sca_esv=07244f2404158725&rlz=1C1CHZN_enIN1087IN1087&sxsrf=AHTn8zrWztcHAg0cSck-7_g7nMe5_QhPRQ:1747310256850&q=dr.+amit+tiwari%27s+skin+clinic+reviews&uds=ABqPDvx-BdXdKDpAKnuNqwRMvd_pzoZVavfoH3GgzmSqv-cWBysWHjz4EfKgWSbzosRc-qEZ-vBl3S8NevsjgtxXngjqjaqFs0a9PmLofRibj7Mi0psmbzDx5SxmhdBuUAP2p_eXEIr_savJeqZF7M3EXjwExiAwn-a2YkKHoUkLYbp1m3OfjXSP_mSsTKnPdftP563Rja4q4qUafR-AgMxHBxy3oCloDcvN7Q_T04ENU3EQL1aH21iIyfXEOuigICNfttIEUWwbP6qZWz-75IdeGh7b6_kkNko1OXX0ycmvYlXaICMsgRivNV4RH83pC8fforZ0D5OP97mBlHzlpJ_2cjQDwgsdCd5Z3ycpMj7MRseiTFKUUuDK4-IMTl_ZEWek3PU7dE9BXkUN270WWEIw9i1Fy3Q3_oqL42rlMxCIZI4Kuai_EGX0-bocAKrroee6qSpNFMLnr2sBIPIawj54jzR_8vNRcw-ahxS7ffEOThO97Nbz2Ozm6oRJUgLXzg6H55uOcaP1_abzxqAjgrF3R3mU9ZOXiCVQ9Ivl6hJT3XgpszLgxO8&si=APYL9bs7Hg2KMLB-4tSoTdxuOx8BdRvHbByC_AuVpNyh0x2KzRwupmxg6VDaWf2-Z0-1aB8uq_-wEmR1Sv_JSJuAAVO2aP2DdnvrtDO9hbi2Hv-198s1Xsws_G3FsAF6YxaIVJLQpsaPdLnAGUhHdQJk2tSt-BS9-A%3D%3D&sa=X&ved=2ahUKEwir56_5taWNAxUtV2wGHTGyEgMQk8gLegQIIRAB&ictx=1#ebo=1
wrh69ej,https://www.google.com/search?sca_esv=07244f2404158725&rlz=1C1CHZN_enIN1087IN1087&sxsrf=AHTn8zpHdCDyV8OrJDEByJBLCx3G3E7nWA:1747310384389&q=dr.+sakshi+skin+and+laser+clinic+and+dkm+diagnostic+ctr+jaipur+reviews&uds=ABqPDvwP55jxuPHB6c8qPm3b_lEs2HhVrCchwx4NSFmJAEeAxHti-YKh_jgnuU3lWeWlvD_fy_4WqXOFMKNoEWH_c2WEJdo4QU2fRwow6lVOJ6hiwqr1MewTuhjA1A4OuYyXup8uniAcC91v3GQUw2nxFka84BOInWVr-paNMDjum03fWB0rspN5CVo3WyY1z_Lc2hha3G9Rx5aDNh8l-edATXm9D_HfWVryqW9T4rC-eK5fPlF8xYaUsf7YjVLl-apO7VGmpZfdaJdYqCqZEisEQJoN8w6QSrYqCnAmzrnhSRLCBnQkgbgPgL0swN556Vy66TETDBdv6fCXxGTfUDjCzMdiWwDr7JljSavV15B2Dr_s6M7ripqOcGjKeRkcctiyhwAN2WjAKPoS_TVC7hlEvKPTjlAMXg&si=APYL9bs7Hg2KMLB-4tSoTdxuOx8BdRvHbByC_AuVpNyh0x2KzQMF95PGNyRPbnNZogtsO_jm5KV25j6Rp1XYos_myg1lm7PjKmQyGtWeDylQgVuhsOpbDu8dMnMIdinyadRybhHau-Mggc2icwuZQ81CvSnHO8nWe_T817ZJYmOtU_no6R5EdELOqajh8uZfTplo_hul_O_O&sa=X&ved=2ahUKEwiRoJi2tqWNAxUgR2wGHaw-FXgQk8gLegQIKBAB&ictx=1&biw=360&bih=663&dpr=2#ebo=1
qwn10ac,https://www.google.com/search?sca_esv=07244f2404158725&rlz=1C1CHZN_enIN1087IN1087&sxsrf=AHTn8zq0-ZuieXPwWCC_JHfkFOzxRtrvZw:1747310438705&q=chirakshi+skin+%26+allergy+clinic+jaipur+reviews&uds=ABqPDvxbrPYrbrCoEHR09Jy-_xiZ4TZBm9SLFsSKvvTeGWUUeS5Y2an1-FHy291QTsUPIHrSyj1U08TSRdlRwx12n_K95jaSVajmPELUHWA12HDd6S5mjoH-CID_YUmL6I5mg1SPuXmo3D9NyJ6pVlBkk-QAxMJxjMA9OTIgOLJSbwJvQovieLREu5b7rmi33y3eavRDteOEMnH0HoPgl8WpBbK5R5cuIIK-CnUFGs6Z0_CWuKN9XgU8tSlKMUiiOcqXt9BaVHnlcPfUFmUoFiz8VdhUtGiAdIbNjLLhK9aCgo7UqFZ3PZ54vU7djIAoFnqxRVLa5_1t5DU9_7ulrUV3u6gpzKpeRvgafcoIohtnDUHf81-ZIGy717JbLoks5_L9br0DeLPkOxfb2d_925DbezYpT9wg2uTFL4EhVdcxAfZS-9qk45T7KgiJNAbfWdeROJLMchYDKuF6Ng2xb5Dt51aFTFKvWnytoUXVOttUiUVmCqBbpJzNS__z71UEgpspRbkDflmxfW5zeV_qS-LN3gR0dEKXvaRcBmH-zv046C0ANnPaUAq55WcSZ4yGWdA92v9RiTCt&si=APYL9bs7Hg2KMLB-4tSoTdxuOx8BdRvHbByC_AuVpNyh0x2KzXogK9xeAKvGlOp19838OhcaD75Aem-5bzEdESILSpTwv0QDJETIdDbt541Z_M7i3qTHwqNCNekHIw0Vc1qqorI2xEy_OyTzZX9SJO2sMKGBHH1uwJ-F8xvJKcBrz4RKxTpHlHc%3D&sa=X&ved=2ahUKEwilqYvQtqWNAxWqUGcHHQOzLyAQk8gLegQIJBAB&ictx=1#ebo=1
bhb29pg,https://www.google.com/search?sca_esv=07244f2404158725&rlz=1C1CHZN_enIN1087IN1087&sxsrf=AHTn8zrZ6dqej4I3cIhHu-EK9xKQ-eKo1A:1747310576362&q=dr+pinky+matwa+reviews&uds=ABqPDvx3LRzrHZM51EYT9d3ZUAwj8fgsoseffp_ATTODgkH2dqG-m9i9s1KiuVqvcwKhKuCa9X2uOfWSgraMkiDE7HxLe0WLYXBvw7rTMVTSNFwGouSo68SPmEhNT3UoLiEIV3_iHQWOtpDN0ozVP-IkgVe8VUrgFfEYQjygHUQpeo6AnKoPrBVpfbnio3c1snKslQ_cbEIconEq_j4UhZ3enJwFOBp4BkrtqrN9tlMf5s5JfEdgSNEcwmmgB_OpB4KJEdkcwE5Hu0mi3_K3hPScfOtlBYL62Hj-mFQOHdI1lkfqdM2Wm53MhupzDv2dtzgTVxVlico_pbaHy8YhAc6EghDnWVlJgn3Mae1S4VybkxWUgAfBVFn-ND1pD9bixQjp0MQvpgSCCyjOwsvwV09xx1XOovDsWTZqFvj8d1Yd8221tqVVebUkBbQiwCAju3T3bey_5agL2_2zyq6l6WHMkPEMxm7ibAfudpTdpw42qcAvwg27Kn6NQUzhveB5RftP9pSUpq3xroxffJFhNab2QMp80qEpOw&si=APYL9bs7Hg2KMLB-4tSoTdxuOx8BdRvHbByC_AuVpNyh0x2KzVPW4CEJA0xaJEUMV5q6qo_NDRbPvPeeCi-yevOMBk1r9llWoIaKee4j2vn-wKi1105m0dS6RL7RnnoWLwWgBKt4gvR-&sa=X&ved=2ahUKEwjjoN2Rt6WNAxWHcGwGHV_dMnsQk8gLegQIJBAB&ictx=1&biw=360&bih=663&dpr=2#ebo=1
fmd19yv,https://www.google.com/search?sca_esv=07244f2404158725&rlz=1C1CHZN_enIN1087IN1087&sxsrf=AHTn8zrIzuD9mB0PDhzFZN91qCWn6euEiA:1747310645467&q=dr.+mahaveer+gupta+reviews&uds=ABqPDvypb3aL6gaoVL2H1wgcYloEXgRujtuYrVOOxcu-_6PJLGLBX2yIPr-EC6H_8Ov2e7rwvc6HCqhd7q4bh8YY2JhX376Qg8v6NlLXLRk98gocbH6_crsWtc2fMjkQ4yAg6rYjBUVQw4iWVYwV_7JabNGjqBRhMLx9e1FUXNPRbF6knFQQ9FjQGCK58kX8P4fdOVLJStYTEBIQabkg-1TCm6iYmlcJ9shHjoLpVtM1WoW0rpmZAtHxxqk2C6qHzvdr2F4SAePIFlpPdfFb_m4-64AteB5hTM0l3UXXPzz7etMVFF6LeIn7asWEgbAaLC_z2OGhlI-pYMkdkXKEhN33fWoW8ZUpvqhVXkAR8tfBAsdQDOH6aH5DnaTUr9Ow7OBChRmiu_Ul&si=APYL9bvoDGWmsM6h2lfKzIb8LfQg_oNQyUOQgna9TyfQHAoqUlJtHaW8oqFD_ThWbJ__reFMjjQzlffq_ga_mhmoz795vTXu4dID-rNpomIouD8OM1sjeZO7VDqh0w6cenI_dZHALNH0y4yoKU9cI1jvJOg5bmiDyA%3D%3D&sa=X&ved=2ahUKEwjrmdeyt6WNAxV-RmwGHcnzEeAQk8gLegQIIBAB&ictx=1&biw=360&bih=663&dpr=2#ebo=1
uft14co,https://www.google.com/search?sca_esv=07244f2404158725&rlz=1C1CHZN_enIN1087IN1087&sxsrf=AHTn8zqTs3JY1_j6Jj38Kb_UqedYlL5KSA:1747310693754&q=dr+sandeep+pachar+(skin+%26vd)+pmo+bdk+hospital+jhunjhunu+reviews&uds=ABqPDvyCPCeuD0dLJjPuM41rPQxs_-7G47C1wWjYqxmpgzHRjzIOkXAMfYTx2A_3vAawp49ib8rriv-VbVdzVaCV8MHvxI6sAtpjlWqOj_SQhOB30uddr265EE-5pXqvetnLsRidMgt_aIOvKCk9TUukw3Rn0IIstqKN2ewcnAdIym0Rw1qfLR6QGAcpA6cs1y6EsXSMf83b_awQ5lVMTHLvzjDkUD9U0gPJXisnOqmsIxSgXQT3PgUz-6yWrG_VBLxr4PMTuHixuDdBDH0IRM7UeW7CVorZJKPuY8Z9LVScu6UtaWOi2l62FivmQOrSp69cwONDYx2RWSbB-1HNkUJYfGKRe5OY3N31j1R-vOk9nKUOC5G6zgpjYMzgdKpQVNVUFlA9PnNOyg4jqLCiW4pS4ogue9FkzeanCU01lw57I3qwoB-FYLoooZQTgYAiEXACGUgVJBD57nCAHz-9CaSSxKqgHMRmFHoZ9p9nw1cUbhj5CvCGrlQ6GMVzeUD19N5ft6bMK7qNcMxDYfS3tO_WBkBoo5fzMHi_E4SmZGMli8QdKQunl45M4A8uhk77Uniht-ODf0N5Vk4szTzpt6TDTR35u1nkFQ&si=APYL9bs7Hg2KMLB-4tSoTdxuOx8BdRvHbByC_AuVpNyh0x2KzRh2brhrm9Qnh-0Ea4XHtpUPCTusBKmugaKBW79qokdhPrvB0VuqewqA4vIB4_Uc3__csJoSMO4W6324EHBkD19nQc0x085eUVWz8JiV17P5qKTS3Ghj3ghIMuyHy3W9w9LnxpEzRHO6-P_JRdmuaNSXAqqF&sa=X&ved=2ahUKEwjPr9rJt6WNAxXOe2wGHdzqKNUQk8gLegQIIxAB&ictx=1#ebo=1
gwo87mw,https://www.google.com/search?sca_esv=ba3caa461ffea0b2&rlz=1C1RXQR_enIN974IN974&sxsrf=AE3TifOZLB_X_2Lcx_fmU6JyLcYsdb9iLw:1748171175410&si=AMgyJEtREmoPL4P1I5IDCfuA8gybfVI2d5Uj7QMwYCZHKDZ-E7DVYk8SeJMRFJUHGv-tCEtFMzXZJIW-soVxAAobCXB4z0qzJuJ9WV76Yc6WnYFCp254msFdTI8mAyOl630yClu9kw2VIui1DFYi45mLM3P0RF_-SQ%3D%3D&q=Matrix+Heart+%26+Skin+clinic+Reviews&sa=X&ved=2ahUKEwir2qqPvb6NAxUdoK8BHQJwIuEQ0bkNegQINRAD&biw=1575&bih=759&dpr=1.22
djb09wf,"https://www.google.com/search?sca_esv=07244f2404158725&hl=en-IN&sxsrf=AHTn8zqpYo9jLz6W75VTZj_33UbTyxEBBw:1747310811386&q=midas+skin,laser+%26+hair+transplant+centre+reviews&uds=ABqPDvxxlqnK7KnAumiBns4yuM0sxXBW7s5-eLYZhIQm9fQDCiq-znw9pzVspRRkuzAezGWtcMblGtf36yvuCzjeVG2glO19kg5Besh7dAHr-ROxJ4kglp28xJbHUSMNwRSKpG0o87_x4uHjIIzfcnbaEOsCvVDCPjbA2DBoVZSlDIKUcpwFoJKkWG5W6CnJXe1EsYQje6nG6HoF1_KHLveJiBOThZm-0HLll3XqUdRAGzT2SwUC9m3QEf_NQ7t9zlZ344YWellbcyzjDcm4pCYCI8ruO_j_qhbOQF62N7ppeFuk9bgieWnDgrDrIZvJ8eZ588yPwtKf7fUOldCZvM1ACM1L6by1atL1igkxQz-KQ3HYv8VC0qs1Y3AgCybL4JV1rlClJMalOQ8wX1hAjf6ftEtQ1jedUvBcpoLt6SRaiIR_4g36JWY9xp0EBTOQ5AaAjljTPSE8NUtuccmVtelLcySPjjh8BoLl3WN40Ugk2_qmI83P0Nk0B4LeDjNVQmfMtyIk6G9l_n0EIA5ugZCB0dxdS11vipY8YrKaJEbK0guWA2w8ugtWzX9lBECQZVou2oR8nm3h&si=APYL9bs7Hg2KMLB-4tSoTdxuOx8BdRvHbByC_AuVpNyh0x2KzZam6wsIvzZFPtwwunJyYnvyhjtu_qFVuug9tnpNPu3d9dy1sliPXjwF8AQhEr41ROS8zFrm4zX6539ZMxBSNJ2W5gNl9pnTA35PRpS9NvV5TNxT27wGXvCVUs7xzeZ3xsvseuY%3D&sa=X&ved=2ahUKEwj7_eWBuKWNAxXXRWcHHU0IFr0Qk8gLegQIIxAB&ictx=1&stq=1&cs=0&lei=29glaLukF9eLnesPzZDY6As#ebo=1"
hwt95fg,https://www.google.com/search?sca_esv=07244f2404158725&hl=en-IN&sxsrf=AHTn8zolxg431Yoq5SIt6Z3ucpJZ3TZYLQ:1747310859277&q=dr.+naseer+ahmed+nagaur+reviews&uds=ABqPDvwKUpIZvi2TsrVjt5BUi0YRBQPqnPMckvAU70GrfpbQ_70w9PkXXRiX8CkMHlRU41Bot68njom_TmlsSykoY1AgMKKzfgXkSAs55UqY6nec2TsUm2I06UlCRfkobPGpNVF3uOAex6_FJRiUgwRFejfUw7Ed6cMFWeF45WHVBrItWDHivVV4vA75OWFt35h2iMN-efKs8-Ib-is7WXFnlvJLKKx9fnVeVo2vsDZH_FTKZ5xJQZv0yUuRsUPEyOrSkjpyxejOZwOEupzzpUJYhpx5ryaE168KdAMaizhWWXcFfbIDMRUxEJoVODves_awto9zYjdd8qTuBL2E-f6UZ_mW7cd67WwUtg52jcrkiBbvR83MHOY&si=APYL9bs7Hg2KMLB-4tSoTdxuOx8BdRvHbByC_AuVpNyh0x2KzaHvBQPGZ_mimYv1SNxqr-yfbgjU2mO1LsLD08PaIZYJ7NVC7KNQavJ-b6T9SW_0ok-9QFYyWkO_QLh9elCsFPjH_KA7Z0AvUEFXuPx0hUOIAgkEog%3D%3D&sa=X&ved=2ahUKEwi5k9GYuKWNAxXgRmwGHbx9B4wQk8gLegQIIBAB&ictx=1&biw=360&bih=663&dpr=2#ebo=1
xrj67rv,https://www.google.com/search?sca_esv=07244f2404158725&hl=en-IN&sxsrf=AHTn8zrLYyuC4jbQV4mIX2loAeoNmwdQCA:1747310905985&q=dr.+brajesh+patel+reviews&uds=ABqPDvy2oiqO6xZHcwsJo1yWq3paYr6MuAeqimHfV8Aj4V48YB6Q9sROH3tw4prMUAzfGxKGMvpkACRrqXRkyinverVktCRt6MqlwXc3y49sXeLXJYAzz1LVIKQ88Rt_BaoeeZQ3VGSKS02RIrf0QVLnESirrtC8SPZT9lCUVd_bcaxJ227sfFK3_1YT9uXfoktetMAd9jDsXGVoP5ZwFSFx9xgOh-jL1zjc9bpm5xCmk-li2MPUVgvDzprjZ7yVIA_FXnnmi6COXSQwtuuuTi6H637Xmm3z7TAM7LHhMhBa59arbXW6n2bz-TZK5PVk6KeMSYR1ILZdivU-agOJt0I8ETp6lBbOWs7FE1JxiD5exppS55Vu2JVZVeBsFf1bdVRfM6S8xzo6&si=APYL9bs7Hg2KMLB-4tSoTdxuOx8BdRvHbByC_AuVpNyh0x2KzYN31YcCLJT1oq9BMN9S7OfN8LYqRnPtuJzByKHPKNqPF72GzASikCJzlrVnJU5FpBA6gAjEq75vHafGnllgYLbdfRn14ZUwXgrWZSCVjhYaXKLoaQ%3D%3D&sa=X&ved=2ahUKEwiS9POuuKWNAxX6SmwGHZ1wCdMQk8gLegQIIRAB&ictx=1&biw=360&bih=663&dpr=2#ebo=1
vwt49hf,https://www.google.com/search?sca_esv=07244f2404158725&hl=en-IN&sxsrf=AHTn8zqucklhx0PRCA9Tbtt8m4sX2HrdYQ:1747310952763&q=dr+neha+tyagi%27s+skin+and+cosmetology+clinic+reviews&uds=ABqPDvxTzmvlwc19q0nokm5s6WOpsbNn02d5CJriGYsLd11UOYWPWXpPPMIrWDAC7BaCDWmmIDLhe5Y_l9Hc5Zdhp3ljWYB3qNeMv9peN_0DZ8nLZk9qE58Sk3PMktzR7JiIn0D0X0fSfOmXQTCGkZ-fq4OVVH8q9ES88h2jnvyuCy5c9bEy6eA-Cohz8qScicy22dVN2aElfp3s6ZNzDxKvTKvTUW23b6hCTBYfuGEYZewmygKPYcJuZxAbAA7RdqIHM2KIg7oidxN2zijSZGQ1W4nyVgWBUHPUzGjbqhTFUJ3eGl_e17-Z4po2-m1ggi9ff3424oySan40-PD_sO6rx5v8P-hJnRLmnk3BW-X9oXtSKtn35vFUgX6Rbuv1Wj4um138IhJGnYOk_87BzPFRooKa4d0X-NjHDbR1I0qocCfPcmOXx9ydkx9Leqo6suRuZ6uIusxRmPunfoFTn6ZTokrNAy3D_JH95P5gg_dx-gAcaVV_WpfCEGpN88bmL83sRZzUAl0MFNa8AGIdiyp17HUS-uVigtBxV-SvUCmxrxKqOwFq6QkttR0AnbpRBQ8RMPNSvC0g&si=APYL9bs7Hg2KMLB-4tSoTdxuOx8BdRvHbByC_AuVpNyh0x2KzV6lkzmaZeOJkLS2eTndHZmU48aTZWPSjzbt-WDDWJWKh8wRoM7w9WxURiH_LQUv6YCvGnoWD4uMMhP_4wdcG6qpx-xXQ-gNJD4wPbC7QZbM09ZWlpyxFG78cOu7ClTURdLVEkc%3D&sa=X&ved=2ahUKEwjRhJvFuKWNAxX-R2wGHYVxFC4Qk8gLegQIJxAB&ictx=1#ebo=2
ovx32xk,https://www.google.com/search?sca_esv=07244f2404158725&hl=en-IN&sxsrf=AHTn8zqhhb6F0Ew0s4Qf1CYaGl0LrIRw6A:1747311033258&q=dr+mahesh+prajapat+reviews&uds=ABqPDvy0VITuVU6vH3XffuHZcMF8MsLJr4TphranvnW1fuS0CBuUcjjNrGMPgFYv-gEDYTFXCtQRM23CenbH8EME5QnFKxuDbiM8XXqgJXGxf7NZmjrtf05YctzIttAOmUnUQEJbZkJ_xHluX3BisqOerQ9_bgnsowawJgdzXMg1c2ZYQ1WmcGwYCAFsxUP40LMfbg3K8jh5WeHNWFZ8FHqq52pnHyRiruD3ad1ceMk_O9BM5Chdy273J-HmqykpSYkqK_lbubSNpkmpZut0rqos8LhJnBSsd6b79dxAeDULjx8q2Hwk2UwnQE2wwP1LceDGUhVtWajM&si=APYL9bs7Hg2KMLB-4tSoTdxuOx8BdRvHbByC_AuVpNyh0x2KzXACpnRyvz_fUu3tVnmeFDH3uo7BuVYCI4uqRTNEoZiu13KwvURdU69V_xSUF2JmUV6HfEbwiUNZLIA1euwpPE5AlqYtW2-OVT8wMHBhl8EXmU4sbQ%3D%3D&sa=X&ved=2ahUKEwjU98vruKWNAxVJSWwGHcLSJOoQk8gLegQIHBAB&ictx=1#ebo=1
maf54oh,https://www.google.com/search?client=ms-android-vivo-rvo3&sca_esv=ba234ef390c7e2d8&hl=en-US&cs=0&sxsrf=AHTn8zp1vTPFEfCWQkQ5ezTaq3NgimP-zw:1747311070411&q=dr.+ramesh+kushwaha+reviews&uds=ABqPDvw20YKL_5_TM0qVuigRcgt1H42Oxv8zWuSBdVBbmqSuEhMbjbzxPYwVRuNL9x2xUvZC2I1qSzzNhS2GkHtnjo_mEI0QzaBYdldjWSfBFEcxN61KUusDPsPKn13Acj0wkQhaUp9ClCFi9Dq5N2c5ObEa3rlgGkfhR3vGhiz3jajj23eKKtOrPdC84KbFxOyG9BLmHw-kBeyQhKT0I6LbVkm2R3I3OnoPcu5t6Btao47ZkjG-0o9XdcPs5lij5Ounw8A4jjVtclGfAhWV5-DNPRugVEjw9gYvnrWmhhkZC_cI3FAGzfjuttoKxNcWLMKWmzSuEltFlidnWGdMEk1zphnq1sWme7hOp-2hHrStATe7iLh6DeYHZ5oWC5wznl7oZPgc_GEA&si=APYL9bs7Hg2KMLB-4tSoTdxuOx8BdRvHbByC_AuVpNyh0x2KzbDJhq7W8p9gS-EHTlL0trZpc7qfNwyPc9IbiuaDWHw0Fe_gxrPQcrMmoH3Z2Cz32DOTbLApdS_ZIYRj3sL4uAwtr9auJpVaVUYabnbTB9mRInUJIQ%3D%3D&sa=X&ved=2ahUKEwje2qf9uKWNAxUiR2wGHUUoI1EQk8gLegQIIBAB&ictx=1&biw=360&bih=663&dpr=2#ebo=1
gxc90te,https://www.google.com/search?client=ms-android-vivo-rvo3&sca_esv=393159a26b253a41&sxsrf=AHTn8zr7RQ_JeWMzei_8iRWJlRJy689vOw:1747311228832&q=dr.+ramesh+chandra+reviews&uds=ABqPDvz7_2JvUSQSOCs2Nd7SFrcf2vDhus2mkj2rpt3Kaf39Be1PdGdRgDZ4O6hChIQAKK1_qkdYrryjDJYPb93BMYUReALNi4FXkmQBh75oA9MCJ20xuaHinYBkDPxrhhUgsXAGLxpxReS3Ntm7SCrmBEe810WRGNV2-4DcZzOChKG8jyxrVVkK8qfsKQ295RmeGGUOdouLd2MyB5-kQBraOol62fsC4B-ykWbpbl0xHdKuwKlIVc63Bib7Zzzqa6leMzMEtFWjL924xfC68EgF95GQ2iVvyP2RpiALcZQMKiWclINlplxKQySnnSHSka30uDIVMlV4B60wmrfl1-lXgE25wWgH417fByrLmWhchxdngXCPmoGuj4lM1JVMwD938YqJTSLn&si=APYL9bs7Hg2KMLB-4tSoTdxuOx8BdRvHbByC_AuVpNyh0x2KzcB9uzSs7SfOoREQ2_WjaKpoLwzd7BcWjDkoSz9D0ITiI_rK2sferzDH1-yCYD_gFJeR4DEU9m1_ZMJoZaQCkzUijDuq3GY-2Gw1x79ZR6CYT0VsWw%3D%3D&sa=X&ved=2ahUKEwjj_-zIuaWNAxWSRmwGHYx9D7gQk8gLegQIIRAB&ictx=1#ebo=1
onz39ke,https://www.google.com/search?sca_esv=6d30932b12437026&rlz=1C1RXQR_enIN974IN974&sxsrf=AE3TifP9Ys0trusx18NHP4Z4wPv8rtDo8A:1748183808084&si=AMgyJEtREmoPL4P1I5IDCfuA8gybfVI2d5Uj7QMwYCZHKDZ-E3Sod8cd0zThU0HpYgQBe6DTt-eeZqKcvGryCDKLLLJnWoAVxg1w9HQYPkDNjK7GH_pcdljewh_0Z6H1XR-bcqV2mFux&q=Mahe+Clinic+Reviews&sa=X&ved=2ahUKEwjh_oeX7L6NAxXwwjgGHavyAk4Q0bkNegQILhAD&biw=1575&bih=759&dpr=1.22
hck85hu,https://www.google.com/search?sca_esv=07244f2404158725&rlz=1C1CHZN_enIN1087IN1087&sxsrf=AHTn8zqP77kHvATWMldsSuT3h7GjrV7-9g:1747311305434&q=sk%C3%B3ra+clinic+(dr.+shivani+bhardwaj)+sapetiya+reviews&uds=ABqPDvxKY6tZWN2XYhDZ7iHJqNjFLWHkA_8RLgpxVKkjWdyMAmfAsoapruQpkNLbnhutlr2xfjmrGKBF9wgxIscUa3ha5TV3KLZ9sGkM5V-k2HfV2bayAkrY7plz56L0xXa6_7glhG9wo5Mo3kTIZovNPVdO6I9lKtUC41ebW_pij1rLzEs4aAowmu7EY_vyT9mGOgN1-wWho6ZRupCoTBzDvQ-Ls_9mGurEYATHIRGX6m_iAqhOCn2Q3ORV_jgQ09i1LH-I6oQx7wgKRacQpZeFCUtqTm8RRXJzQbZipEx51N73otlGPBd3enleXM-n2FsLpI9VRpTiK4yd2pFQ3fJQXGwmx9jd7noWnlAoKP7GSsDwinoznHpnwOgkTm77m9bI8YjUzHOcybDsg1Y445NWa-jUg788r3RTZhrh93ubwZRaAlYSvATOrotsRi4gs88neYJWpASV4C4RcgO2Qc5qrZY88LJpxOdJGMOWDlInlFvnsj2ROI4fmXQYrkgZT_CN1Bx_QuJQ&si=APYL9bs7Hg2KMLB-4tSoTdxuOx8BdRvHbByC_AuVpNyh0x2KzZK_i2HpsIY1yL_1cZFlpFVJCS8EJymLkrS6gyUWL3WpgpBuSFuZLasWTrV1AM9uXjTsnOed813uc_gNiht2OpMTbNClWvchvSHNAqESf6HMH8HFP6TjT1j4Kp7bRfGO5o7lv68%3D&sa=X&ved=2ahUKEwiQrbDtuaWNAxXST2wGHTVJDjEQk8gLegQIJBAB&ictx=1#ebo=1
ufj52cc,https://www.google.com/search?client=ms-android-vivo-rvo3&sca_esv=393159a26b253a41&sxsrf=AHTn8zo4JB1-hd35FL4THnoT37IY2hJzvA:1747311424880&q=dr+lalit+gupta+reviews&uds=ABqPDvzGKNyYFE1Qij9iykNkupla402JbPMgEY-KXrIjNjrdVnD_GzXA-cN1hPxYa9qk65l4u9sGCNE93JH0f6mIozHBOoUB8dEmI8FMcQ5BO3IUfYbiyZLspAWyLnwb57Kipcg0KRh5zQYYHUM0xIKs9y9dy-wpIaPGpk1pqB6F0eedfi9URE9LPc1OpYh7s-oSMRiluqfGmZgCrwf7V6DEXd2kPZmRo_K2mDgFbu_W8TcLrKsUbwlrVTu4Jvf4h15UOMjPGnWdhKN5d6QTRHkZJplgQF6XT9CHKnWx_s4M0eEqBb8OQGWL9cthFJbNYb-Z_tNbn47kDurTrDK3RwzeK-Gaa0HvKkVruoaatY6NN468HWFprjjQ2rU2gioA8QKx2MR_Nood&si=APYL9bs7Hg2KMLB-4tSoTdxuOx8BdRvHbByC_AuVpNyh0x2KzSN0-FbtgOJHJvgrj2Sm5Ig_jLxGS0iMGoqT8Yknpt4QSKf3HYY_T__1b10LnQ-afVfJ1HvLDuyUmiGCe2Zkl-8XVSSX&sa=X&ved=2ahUKEwjP0KqmuqWNAxUfcGwGHeodPK0Qk8gLegQIIBAB&ictx=1&biw=360&bih=663&dpr=2#ebo=1
aut57lz,"https://www.google.com/search?client=ms-android-vivo-rvo3&sca_esv=393159a26b253a41&sxsrf=AHTn8zokoiYRw92CbZaxFOjVcoy60K84pA:1747311463157&q=dr+rohit+kataria%E2%80%99s+skin,+hair+and+cosmetic+clinic+reviews&uds=ABqPDvxAbZDeOh2xNM4DRlO0HKHS6Re71LR5C7uxjhGl0xvjE4_Xob13mrWiAEcD08mrsjR-BsyvPiYMRdWQEI-2tbSZhPyZdenWtoVWfbJDROyOTRQVfC2R1fmaG6v8r1zJ1hkg7gXKXEdlw1cLH0kXGoFWNw9MpyJv_IB6UQxBhCU_7gEDWRCPjFsER9swc43pzqxfExd6M_JUiR8xQIp4t0eMzj4umAHec3lgAxgHE8R4lGt1cz12oW1fpKGIbsLapBurkiWhpNt_rRfo8W8OFFKO0UbNPjuFuiYgmKkffzioqAdnaVWSosZ8o4vKOmKLehmnfXjwHj-5-CfWCSLi6L06h_QM4jBkhobCu83ss5TIkEK3cmSQ_sRRZxNIxRxbIowqr3fS_8RBZOjnPsk2n8RxPEO2NmbtiEfjlXU8VSM3UES3UaiiEZXBKKPeo3THNDv4of8e_Kbm0jN5FEcsqCX_MSregDjtbB3IWwKSpna3CnhAn_OkBQrkBxztNxIOv7Lms0FnkLO5Jn7-fn-vPvzhbuEJZhpolCfgls_TSShkdZwWgX1qgaQu_BimNZCew2aF6zgNMclkI1J-BGeM7jlAs6wi7F_VXQU0pgDFTGjTlP0R0gs&si=APYL9bs7Hg2KMLB-4tSoTdxuOx8BdRvHbByC_AuVpNyh0x2KzYV7xAbyVanMo5oC4zpNA1G_3U4ooAy-PEI2KH0jPSaLxUlZrIGWOhdJcjD_pemO3w5RFK67plFj_T7y0x4JIPYxB7V9wPBpZkPkfq4YzvjfzKee8F4vWZF0yx-lzD5wNDQ4ERPhvfHophUKPYbTWN7UmhBy&sa=X&ved=2ahUKEwjl_Mq4uqWNAxVeTmwGHfswDIkQk8gLegQIJxAB&ictx=1&biw=360&bih=663&dpr=2#ebo=1"
hof69or,https://www.google.com/search?client=ms-android-oneplus-terr1-rso3&sca_esv=ea28a01ba0d65b63&sxsrf=AHTn8zqL0ngvM_l3ceXpU8QX958_9a7Llg:1747311507734&q=dr.+vinod+titarmare+reviews&uds=ABqPDvw20YKL_5_TM0qVuigRcgt15tuTnl5Hx1HPxiEzH2G51kEuoZG_a3delLQ5ioAwY5-RHVWDIuqOVxZDP-3aJVQ8tZK0OTJEOKLKBp8rm2rUK-Sv2w11OcdfW-4dUAsTM2vaUDaMXoZ-jPC05gebfTI6rmc6-vyzy77RXEBMx-G05ICWwA1XoCcU7yM32l_6Jf6cDhpP2N5q1uhWNQhQcqU-5KrPYZG9ufKVZcocdCvtWwK3stNMCLjOgYhbmeOyYttqUIOXhsKqBmefYKevaJJwjR9IgALi_L3StZQ6SQvjDtEgswzXUuRrN6zab9KoUtTYxD0GM4NzzIYdTE0hAbmLz1u_wA830jlWkFjqJX45myep6_bAnUjXfEY0sYFpMiJ-_HG6&si=APYL9bs7Hg2KMLB-4tSoTdxuOx8BdRvHbByC_AuVpNyh0x2Kza1R9Et3q7qC_5nGe2Is92k_7YUEC6-ZD9B2Y7aPuUMdLNUAW9fcu21btEnnZAyd3Vck3T_rUE9wvHYCDCpcIreUIsE_7EnGZC6IoaqPOQbDEwlSwQ%3D%3D&sa=X&ved=2ahUKEwjn5evNuqWNAxXJR2wGHfkHHL4Qk8gLegQIHxAB&ictx=1&stq=1&cs=0&lei=k9slaKfQLMmPseMP-Y_w8As#ebo=1
duh14pg,https://www.google.com/search?client=ms-android-oneplus-terr1-rso3&sca_esv=ea28a01ba0d65b63&sxsrf=AHTn8zq35nVM6G3EnkCXF-tJSJJihecNJw:1747311548591&q=dr.+mahika+goel+jaiswal+nagpur+reviews&uds=ABqPDvzplUjxOS0XmYN17KqrFGxs7oixy6HZjepSv0r0NixayB1Yi407THc74DFzDGG7JqKj3L3rJAqxu0lfrtYlPm1auNgLpyiM8E4pmsKk9bbxGOhp1McUDAHdHfYEPbpkIbwdipZ1G6phCj03saF-wcdYIIiczLrFVc_3lOjSepLZrDAjdztC6odm3fVOXRoKQny4H8lLUmg95HekCoPhn8cg-6zcepq1c6JZFTRhbkb44skYPdFp0qS8gCtZTZu2sBsQAq92L5rFKZ0m9km50UyIAmv6wATyStOzaqOTtTUdjnjkt6-Z8B3XYgCqffrmBHTeUcpoPR7g3l5gvFcZTvSeAfknDuKvRzvjvGoz0vfXWg-P4UBKRW0Ll9seTKdqBRxiBKVRH4Ws-GKcXNRbbRrb7TPDRDHWJwIWheeGMxYMglZQQ4FFi2fazKETbl3wo6-DVhB2VZ3xioWNULGd4Xcox_MHKeU-BUla2gjW6njOEmEk1iLSYJWxgFgnvHWI1JrPRjl_N9H9vB-mSo-jXS_gYH8SicIyg3-iIFAC0KURYMwk5TI&si=APYL9bs7Hg2KMLB-4tSoTdxuOx8BdRvHbByC_AuVpNyh0x2Kze2c3e7844h1hw7nFaoNeGH9065tLSVKaYaAIPYj1XfJjLqD_ciHjZiDCX-yZVWS0oBoP7-wQ5Obq1C3DRqBiAbtk14vpnRStIZaecbY2DMrd_mUXQ%3D%3D&sa=X&ved=2ahUKEwjOu6nhuqWNAxXKR2wGHZ3-NDEQk8gLegQIJBAB&ictx=1&biw=360&bih=663&dpr=2#ebo=1
fcw09kw,https://www.google.com/search?client=mobilesearchapp&sca_esv=ea28a01ba0d65b63&bih=798&biw=393&channel=iss&cs=1&hl=en_GB&rlz=1MDAPLA_en-GBIN1084&v=363.0.743255906&sxsrf=AHTn8zr2aPk4VL-L7wlavMXjr8bnXKadMQ:1747311586686&q=dr+r+p+singh+nagpur+reviews&uds=ABqPDvzG_n85T3rfytI4I9S83c76nlIoUsh27sNr7rymeAFeeTCdjLAeYWc3gw7bm9-sBTUh4_-XVorCBQ7Chf1HWn79hvCMa9Ei2TzeUctbQk_KG4DWlDb1juNpbWJi8E-EQwQM9aOZvXctck7-_gW-MRkfmKub3zRkPNn1APRBpwMjfKi4NVNDQnM6y3wyY6Ua7rVYjAKwhT9G8kVHrFRfEzmmU46hx3v0rl2bvXvTvKiufdJNWXEpMTaIP08EkRX0WD9S6Xv5Y5muDMYwgeJ34ZhIJn4yDw-mtWSuWP8d5hwo0kH25B6gAAsy3l7qjkntH9cAv3Ci7X8WlSOIrC8gac7q1dTlLg&si=APYL9bs7Hg2KMLB-4tSoTdxuOx8BdRvHbByC_AuVpNyh0x2KzYBejmn4MiPPYoZUO_LLQEZqy0Q67YKxW2cR0gTqu0NPNf9wNcFS3iSOOzbN7zUgrR-29VQjoF5Sl-4RgxzX9NzzeWw0jbwYwx8olqt05uA5Tig86w%3D%3D&sa=X&ved=2ahUKEwiV077zuqWNAxXHV2wGHS-YMmYQk8gLegQIHBAB&ictx=1#ebo=1
fao97no,https://www.google.com/search?sca_esv=ea28a01ba0d65b63&hl=en-GB&gl=in&sxsrf=AHTn8zq-JFueSv8dpoQY1lakqWbXRk0TwA:1747311621885&q=kalpvriksha+skin+clinic+(+dr+saurabh+wadhavekar)+nagpur+reviews&uds=ABqPDvxqlEZgUieHaRTKn4sDjvx6LrDESjxgUAdZ-Ye0W7CeHmxQu3pH4PuxC2uT_lVEfr2PBTQwehb0R__kwLvu7NVhrPatu70NvG-pPYWN87GRVuzzOLs3_T7fO-VFReOPcbJRAzhc2UY5U3MRjO5Ii0_RKcMi1MHKx88O6e4SnamLr6jtsbScx41iP_heLhophDDHA55ykPuUH8BmmXqtsBs3KjI73bwOwV6SKOwUIF06FsW6J4FKq2fmno94p3znNtVoogJ4QSzY2wQGS_V4c-xpVvfynfcMgyV1bQ8ZsOtYs2e68L-96eCCqaIjxKa4m8YV9rIJOZ4uEKT_VjEmu2Vk34NL4ck3T5dAbxqywDBRctz3tM0_pl55bS2dGRDBGVW9mngsD3cl0by6xbKP_0jFmN1YR7QCKf_Cz0AxV75VWygR61iWh70rgwDMsXDHxfjIdFuHmrhlazZ1YBoKYyfQHV-jGcda5vbTQWrN1FOhdE2vd8-dtVyczteSH33i5ldNTVaD_8-1LAnBVTn8q58INw1eeVRmn4db08e7fkARxFP3SontVY-iVtXhzsKNw1xR9O5f6AdHUZJw6aRGTgdXY8OTnw&si=APYL9bs7Hg2KMLB-4tSoTdxuOx8BdRvHbByC_AuVpNyh0x2Kzd3ctQQYP6IYHbUaKmzZ158GRPS7qI_nPNspQR3JHGDVKSwM7Vaag9nDcaqcK5wtDrvE2s5i270NrjRCPBiYSzTuKOQtU3QVsaLRGyWPli2MgdsPCQWLUld-VagUHReSgGzxVg7W0sQbmf5Zl9e1lIJ2258t&sa=X&ved=2ahUKEwj_-qKEu6WNAxXeSmwGHbe_HUgQk8gLegQIJBAB&ictx=1#ebo=1
dty66nu,"https://www.google.com/search?client=mobilesearchapp&sca_esv=ea28a01ba0d65b63&channel=iss&cs=1&hl=en_GB&rlz=1MDAPLA_en-GBIN1084&v=363.0.743255906&sxsrf=AHTn8zqiy5vPOiyx2p1Kg0nEks6moDu2AQ:1747311724310&q=rejuvenate+skin,+hair+%26+laser+clinic+wardha+reviews&uds=ABqPDvwPgAGR92OuOF7xR4vAqFAZFlw95Khoy4pIWg6vA1jvnlBjXQt6Iun-N4gY6M8p76Gbk8O7DX77jWKZColKUYmB-YhiF8E0eokOlxZ2OOHW0jgWM4-jecKK4D-mwrG1aPHOzhW9NekrHcB9m-wFMxKTKlF9a69mxTfneqS_wbYWKhdanpVSdmbhpZjSwEEPUpgNIRqJdz1rvC0u4L2WhXzhPKgrKTLeDNXUCr1_vxkD8av_bxCg4Gqw0QzzRRdK_vgD_JhlVCr5A_C5T5Ht_BPd_hg1aTFS4Z9-ChQTMslqzC-imHLWk8Ey93P-ogiUN-nEISO4iTlo9oEm_7Jc4_ReH2d0QiRgT2XmA7I-EEhNdjKfPSAVCfGy3cgAeqdVpH8xFUVKp7LKkmYCLrFFHeC5bngxls-jxuBuPRsGyJNSx-JIdJg&si=APYL9bs7Hg2KMLB-4tSoTdxuOx8BdRvHbByC_AuVpNyh0x2KzSubcYMfuO74sYeT1DQwxuLALYumYhqKYg8IdNvhuWgvocjnYQ88EpOOuP9DiC8_-Zc4iIbdY9yWSBHW7YycsfNKIRNV87efIHljehKqQhrKh-APg71YcReqTZx2iPnh-bX9Z6s%3D&sa=X&ved=2ahUKEwiOwY61u6WNAxXXSGwGHde8C8EQk8gLegQIIRAB&ictx=1&biw=360&bih=663&dpr=2"
ias25yr,https://www.google.com/search?client=mobilesearchapp&sca_esv=ea28a01ba0d65b63&bih=798&biw=393&channel=iss&hl=en_GB&rlz=1MDAPLA_en-GBIN1084&v=363.0.743255906&sxsrf=AHTn8zqA1Qlz_B749iENkmzkshbmile1rQ:1747311672368&q=sarang+gode+reviews&uds=ABqPDvz49QPhl343xiXXHTavheQ2qQ7A0Z_mba_Inl1EzBj7It96-ZOa3ZN7BzDDGcIP9xSZgxIFW6FO_osV03CgqwigcjMCsv4sTwsfSka1vwZsPePap9Ff4fVTjRo5hcVuIJTy61Edyhmt9QLLpjwxwFd9_eD4JLRevOipV96gN7sdIxE32lll5BKjC_oEOrrjPvEHDzh6H18ptV0k42vwKoR8AXLKN_BtNVcARooWYP8PgNnAkuBLFJ3DVGNQx8InZYER1IjDE-UwWwqZPJrbqSfVhhmAeLzIqGIce67oBzOEaURHqbSs-9cK0tJnchA6iZZjwvUPi9R4NZyA5MNZ_dE1yYnIFQ&si=APYL9bs7Hg2KMLB-4tSoTdxuOx8BdRvHbByC_AuVpNyh0x2KzcfJ1p3grbhuNzA3YhOMEwnKe0BpDxKl_wNZ6_Vgi5sTIAAuVzE8PjAJDEIVqxTr8oaYnQkle4f8tYwNmCNBu8w5L0uM&sa=X&ved=2ahUKEwi2o6ycu6WNAxXXa_UHHcMzClQQk8gLegQIHhAB&ictx=1&stq=1&cs=1&lei=ONwlaLanFtfX1e8Pw-eooAU#ebo=2
jfz93sn,https://www.google.com/search?client=ms-android-vivo-terr1-rso2&sca_esv=ea28a01ba0d65b63&hl=en-US&cs=1&sxsrf=AHTn8zrmyc2yQaTTtkQhoVcZBxh-lN4dDQ:1747311569682&q=dr+saroj+mukhi+reviews&uds=ABqPDvzGKNyYFE1Qij9iykNkupladfmqqhHDFH757LOXpxE4LXMsTgp8BzyAb0ev_197Yi5j_mZCDowpbhLJddZtX-LHml2G1jeyOhtcRjzycOO3Zz8kDINIV4O8X-PSnDkE75isG50IDpHfOKG8rCgaK1-v3d5N7fUVD2pFcawpVqdrmu2cHO1B0TDqMnqE7Xq2hei8ZLrYXJ2SUxa1sci0zKtC2zewd8K-jgxjcSKxDzlPX2EPegx8AkqGXEV8ekwHG0W3_UosfpVc9sqsclbwY7qNl2izcEYriAY7P42dmTC29hKp6Q-Svzm5fSW5uSwm-rmo9NZOmhH5KBRcBXXBL2uoGQbr4I3E19QFK_KZpqRCvK31pK9WmDTIBebFBW61jZqY7IDp&si=APYL9bs7Hg2KMLB-4tSoTdxuOx8BdRvHbByC_AuVpNyh0x2KzaifnFtSlXQOHeJkDOD8S9hWRqTKReDeQaOZs-bH2No5Uw1uj_TleZm2qnvba7SjT3H67pEfnycuhZIDq_8Kz7uHm_Ah&sa=X&ved=2ahUKEwiK7LDruqWNAxUWka8BHTuCKqwQk8gLegQIHxAB&ictx=1&biw=360&bih=648&dpr=2#ebo=1
bvh92as,https://www.google.com/search?sca_esv=fee75db914028769&rlz=1C1CHZN_enIN1087IN1087&sxsrf=AHTn8zohIPM7FhV4MhtjMGIyHFQvgNSgcg:1747835268131&si=APYL9bs7Hg2KMLB-4tSoTdxuOx8BdRvHbByC_AuVpNyh0x2KzfVuHPElIag2qoYDp3DLhYSgGGDCMmFFLIc_eNy34-FgSoc5fuf5RXUMDNX1CX9EN0w8hPk4ifHfkADQomteIa6CjJJWaK-eLKEHpAw_QFpYVUFjRQ%3D%3D&q=ENT+%26+SKIN+Care+Centre+Reviews&sa=X&ved=2ahUKEwizuKHi2bSNAxXTha8BHXtRH68Q0bkNegQIHxAD&biw=1600&bih=773&dpr=1
ivy45mh,https://www.google.com/search?sca_esv=ea28a01ba0d65b63&hl=en-US&gl=in&sxsrf=AHTn8zqcwPnTWvqn5-5ZhleTahOvwhWv_A:1747311453286&q=dr+ashutosh+mehta+reviews&uds=ABqPDvxVJXd2VA-hCL8gX-W8OCPEgNnQi5yhRP3SDDrPb_dHnN8nH8QOadEt7CA0pUOSTZpdLwgj5KQvWzX_EOqJ14VV2aEaV0aQqJ0IRS04UP9wtU3D2Yz77NPLUctaQbKm5xvzJbERChMlqXMigSPho1AMeAEmLoZwUswh2Henwy43SgTnuL6Ti7pIr7nXSWmfWKo0FAV-GtTOouYzujIkvtLihbzHLtrY-b-ifaESU-Mixc63-9R_t8lYiz5ZoinQ08KxsAD6FwMP2bu6MQ_HEK_X88AmrIMyu0u4KyG7RU3M-dECpeHgjD-4S_zFZJGQrYhXGWlMUZqQiNVpWTgPgiDzNDCjtNfvZYoEzDYyIW_sIuT7SmEYkgiC7G3ymkGerO8uTR-w9PblNUzVk5D6-JUZX0bX945VTaQV71JZUwFO-Ie1U82TEdDB-PjXK8h9R8JIl4BKqIIu57usQLPaTm4N6hqjfBQXwQhaOPjWnkdx_7q7aZOFfR29FWEwUfQfrgCSKlPQtHxTxw5DTw33XMwi2xywIw&si=APYL9bs7Hg2KMLB-4tSoTdxuOx8BdRvHbByC_AuVpNyh0x2KzYClII8mkrlqUnDgb3PYKywUGRqdAfsreOwpYtsZFtyW00obDLynsXlh3-VjxsD6C8Rrpu_zQXqEZHwQZEka-9Uc6j14nrckSaiNk97VLCPPLtbKAA%3D%3D&sa=X&ved=2ahUKEwiZxPCzuqWNAxUPka8BHVcZMfYQk8gLegQIJhAB&ictx=1&biw=360&bih=648&dpr=2#ebo=1
isx86fj,https://www.google.com/search?client=ms-android-oneplus-terr1-rso3&sca_esv=ea28a01ba0d65b63&sxsrf=AHTn8zr2ANdRY4b9s6H5TbDYeCJokUkc7A:1747311405655&q=dr.+mirza+nadeem+baig+reviews&uds=ABqPDvz7llypczuTwKswHRBORCF_h4RrOxCVslZm9rkfxBvDHAIx52NCYnXo79o_WSR0DOzAbJvm-2gMZY59e3wHW0DnBhUsc8tELadaAiV2n95bh6TKtfYWdjHpj8RF0cWQea_l1dSD7zW6qPCIw_OMB6nFpMkprkF7n373xiKjhzI-tVeYZQ9Du29Oh_w4ZFu7hS_qu2G3orng0C-l809hD3P_zFei-rNlMoXhUkjz2_WOi5jLj_8wXAXSUdBT607YSc6nv5eZEh_ngFdzyv1V5UJueHNO_2-gTd4li2h3mnj4lbWbXdZi_scpeSshrgBT6iCZUKxpovAppRYrA3lAv2UCcj1ZW3uH38F7K4muy4HQI2qFe2BRjfC_Bvf2QhDYQueZtmBFqrS7SD1Iq0u7SmpQFzqUhDldMGFauV9R7zl13louOzcWqWhYdRSHD4v7VF1XtbcGI262d7Np9JSD6F9K9579VCiwFAoTH0iGH0bT-WpFTBhBNrG_2x72OFzAfZY_ls3bkhxbuWEOvzFsG7rJOkjfmLrBij_Dvn-3fOtMGDBH-zg&si=APYL9bs7Hg2KMLB-4tSoTdxuOx8BdRvHbByC_AuVpNyh0x2KzRfGGm9nUtCaUrmPwa7B6d0seO6JqHOlbpk2lc1UJY33XMwOQGGqKuWbIdXNHczXDphB7cWhQZHN8x42dUHrGsb6ms5auhjQXHSW5OUs5Yet9OnCEg%3D%3D&sa=X&ved=2ahUKEwiMrZWduqWNAxX0bPUHHSC5CesQk8gLegQIIhAB&ictx=1#ebo=1
lrg44vp,https://www.google.com/search?client=ms-android-vivo-terr1-rso2&sca_esv=ea28a01ba0d65b63&hl=en-US&sxsrf=AHTn8zr1rQ3MRdKzP2b6Jr2OIKGqgaJqZw:1747311357324&q=ashish+pimpley+reviews&uds=ABqPDvzm-ap1n9ZuaKbCatpJqmruj1wMuCXW3pW5r49TTrg4mzKd8QfRw7DJ1uM3SpCvX16NpbhNnfoo42Jp41ljaBaoX4krQpSqdRuu3B-So3bGHy9I2OGZ5C-gjTQX9VLXtRi5yJfHNJuxf7En0xwE351afyD8s717ZpiPuqWtBvKahz9AIE8opdjLQXQynENk8bdjt9WGgVRp8spq5Xb0dTwy3G3XCeOuQyAuUTgWbCqImcckhHadDpST-NLxm9u6buted2YrcoUNtmgz5LcWcgyY5sVHjaM1IVbKKm1NmxAd0x-7ZVuv5gfLcDvpoSSN1qbmdzXSbRwNYwPYEpVd1pAAsZ9-Rds-QP-1LHG7spfprq_Za6RkQ-CEetLwjq9N860OkNfGeAk54-SU08lMlsgmJ89AoM9riXS_9cNCK80c87y7VdZB-mif2HqfC4X8xfnCzc64&si=APYL9bs7Hg2KMLB-4tSoTdxuOx8BdRvHbByC_AuVpNyh0x2KzQQEiClJxJdmLvuia2lQPOf18EsmSIQXhNa2C6NvyF5aaDg6-ato3FI3bceLhQKiQQPEowPZGSfQcQRcx6M-n91mQlt7&sa=X&ved=2ahUKEwjruI-GuqWNAxWRe_UHHSiOCngQk8gLegQIHxAB&ictx=1&stq=1&cs=1&lei=_dolaKvGE5H31e8PqJyqwAc#ebo=1
ock97wn,https://www.google.com/search?client=ms-android-vivo-terr1-rso2&sca_esv=ea28a01ba0d65b63&hl=en-US&sxsrf=AHTn8zriPTXefIii-J3Kxrrr6Bjt5_xE2Q:1747310826886&q=dr+ayesha+faizan+reviews&uds=ABqPDvxlVI7_VkvFsVZR01k6zRMQkWGcnV9d0TJ0YZq2meBWGc8eTXPhq9TI5SZMvAMK7z_Uji8YemBGS_B7e8BytGzCE2Nqp7JtV8xc6xxKJPyKx0C6JdyGSBSgxWpUr_G6SJUnetaI7v9UEgXgOTmMIwp3JCDwjG-z0aX0on0hDhVc_8GHZIHoHoNyLgXzqPukC7cF_JJBOssA02D9GiaSeCFYtY5f5x_BxIJj0PtjedpyLACqM24FmgkDHGOGDRTIBoTQ9aDh9ivD3Z5l7RAjPIyWCreuLEeNWQ3TeLjWZD3IEkAt7KjQhzExZuuaiNJQi1W7j7fQiHcT8rk6SjcugBsSMdwjW-VWjeJjBhRWIlpDAlo6DxefR2-n0wLDa-gG-0_QHR5f8hOYve1oReH0_VsNGzk-1yA51kZfBXrPjo4cB36N7HqnEZdAxBIyFl_cu0EpAIO6SsmUD3wmHU1zSa9kB20TNEC70H95HPDrMszbqHTbSGlK3kqkvQwdnI1kQTNWzH6odpTPw4lJjrbNAeg9B1czv-zSzsBOaymgije2IazLCe4&si=APYL9bs7Hg2KMLB-4tSoTdxuOx8BdRvHbByC_AuVpNyh0x2Kzb8X9zXgFgHgCm30dJGqUC1W6gRCO16V32Ue07CFBkKcfl7vgQgS0_b4pIT9fL7Lcj_wxxyYoz2Hc05GpCiRe1N8mWqBu0EoGYJxw3BzCvIznDYeFQ%3D%3D&sa=X&ved=2ahUKEwiTjZiJuKWNAxV0UfUHHdDWKlIQk8gLegQIJhAB&ictx=1&stq=1&cs=1&lei=6tglaJPwNfSi1e8P0K2rkQU#ebo=1
dhd55gk,https://www.google.com/search?client=ms-android-vivo-terr1-rso2&sca_esv=ea28a01ba0d65b63&hl=en-US&cs=1&sxsrf=AHTn8zoapZQVhYGLLbcVSzsyWanVz3qkjg:1747310793202&q=dr+dube+chandrapur+reviews&uds=ABqPDvzLb9ymOD8IxwEw9slKAGNk1ZIKlkO2jl1fvkd2-3UGMda4_OoOt8RqjWCbdMRH1gNWCX23gnyxeF0C-n02tbtuF-QvLtPZToyY0i0q4p5aQhSjzLmAYWiKwnzifNKVXO_ZwsVs_zqoA_Uq7DfqsGMJ-YrZSrIaOdwZyraJ8H3gsL1rBOWntTiYRY7nsJJcmOM0LKiukmevHdMQCouJnsF5MdyYF_AAPfZ6-Ms09Q6JsiQrQsW3ONJ_KT4rAgLbwEMC2jRSgSKSaIyeFIly6x1kDbfpKLMeviB6ohwfAU1ww_zV5MOo8OBKKDDQq2dNyYRt7kGrblbIUX73MdCdh7-fh5u7GptSL8BOVWpBk5jDzObPgdcaTL88q2cH0PoI-lVYO-T7z5DYH1DMgVCj0K5sExxfvrHhVGODitTfgW12ZfmqdwwlmG4X04uXuKEEBFK3KPMmGk5BH-yMtHQrbgHj_6akgA&si=APYL9bs7Hg2KMLB-4tSoTdxuOx8BdRvHbByC_AuVpNyh0x2KzXQlSMmhK277Zg9M6IReSzXz2bArNUJfaZX4DYMewhJRYuLoCYC94peslFOqJ87m_wh1GM2C6niqpvBjs3yv8aEO6prKgr-DJ88j5crZ0v2wGquCIg%3D%3D&sa=X&ved=2ahUKEwi3mJD5t6WNAxV7j68BHQScEZ4Qk8gLegQIIxAB&ictx=1#ebo=1
uuk40xp,https://www.google.com/search?client=ms-android-vivo-terr1-rso2&sca_esv=ea28a01ba0d65b63&hl=en-US&sxsrf=AHTn8zr0JrbeVikt30BGFT2jtNB1JJ5wBA:1747310672044&q=mogre+hospital+chandrapur+reviews&uds=ABqPDvyUhFxz1wFCJKKhHIrIluNaEzkxpws3QGQkIcmXuD_OgTvH_apk54Bjkk3E66nJ4UBL-VBTwfqR0HrnsZT5SqDf4oJWOWV4teFsfF544kMk8jMR7kZYtdDuJy5F82208r7-aHu33aoddLwEMWBK9_1s6ZUV1kPE2UwSCVrDdVPRBiyOyJ1d08XoxGyEbNFuuR1-xgdK5NkFUc4oKyOjfB0EuGK3zttVEfVoi7ZCbPM7_abkLqv2nuE-UmGiSRz5jWbp4CRNLuf_scWZFbqZhZZwZzXEMFFemoj3MGVYva1vzeacb5PI5vP5VZN1Zyh5tM4P-9uEqdR6sQpOW7p0zxyLNYcitdnmnCXXXOev8MOZu7YRSLAsPToTYGMqCgeDBuwskqYGLlH1uHqYFcla_S5oQMTdjQ&si=APYL9bs7Hg2KMLB-4tSoTdxuOx8BdRvHbByC_AuVpNyh0x2Kze--tf7sEoVV7uAGThBinT44t5d65qb1jBs636wg2BNBT7J18YJiWy5i4D0L66eUAEqBiHSPVRGJYXDmHSCBnMGd7bhEuB_yHAtT7QisdNvIOfBI1A%3D%3D&sa=X&ved=2ahUKEwj2na2_t6WNAxW-dPUHHT5oEHYQk8gLegQIHRAB&ictx=1&stq=1&cs=1&lei=UNglaPa1Ar7p1e8PvtDBsAc#ebo=2
eos09bm,https://www.google.com/search?client=ms-android-xiaomi-terr1-rso2&sca_esv=a3f937428333938a&biw=384&bih=713&sxsrf=AHTn8zr9HHy_TkF-Re6PYg6-R4FXrtfGSg:1747310624945&q=khupse+hospital+akola+reviews&uds=ABqPDvzZx9FahazAyumoKQJFjE8330MwkvY-JoHi8LU6sTKjhH5A-jkKcN4ELXGW20JNBBvgA8_xUWYVGzYtL3UbH3H-dd22UIDB_UtAAzUwtYaEzMgmLOY6sSNr6HqCbZGNQ9xP_gsKAcW_324RkOVyr4U5h4ggFzzHFCC_dgXIp-YseUrXBb_L2-t0H1HKIBQ4WI2VBgMW_uEZya2giBxR9CXo160-WBzH6qleZLFNfEkozrQR_g42_v_y514PE5JZozELmZ8yPuCRd5tHFtaW0U1mCTRG7-uUMdnczsNPG02I_nQnB-XEGPhIZy-r0Pt1y4Tv4C1unaBId4GJ7tsGfcYB1YwhU1O9hHDd-3cfHSQMh3NS3keI2J2KLSiLyW5vL5lex7N5yMQk1bXFSmqShgrZbg9dVw&si=APYL9bs7Hg2KMLB-4tSoTdxuOx8BdRvHbByC_AuVpNyh0x2KzSwLJPKhZnawWxWwqWkm-t7JRZ8PV2HvfAT4j9nlh9ArMZof4WNIvXnv4NcQf1N6A81FEgnfHuOfRy0P6zEyUWlnuld_uG4tfGs7tePnQ7764hTpKg%3D%3D&sa=X&ved=2ahUKEwjDxPKot6WNAxXAm68BHUGpDYcQk8gLegQIHxAB&ictx=1&stq=1&cs=0&lei=INglaMO0OcC3vr0PwdK2uAg#ebo=2
xco93ek,https://www.google.com/search?client=ms-android-xiaomi-terr1-rso2&sca_esv=a3f937428333938a&biw=384&bih=770&sxsrf=AHTn8zrG6anTErpV3DJhs9qJjPc8nf4Fbw:1747310509109&q=ugale+hospital+%7C+dr.+rahul+ugale+%7C+dr.+mrs.+tejas+ugale+akola+reviews&uds=ABqPDvyqS06hfhfuUNArUyYwHVLMo7x658afWnOpSLcoM-8k1prPT0sVtu3wl_C7OjZC5tZTtxyKQjkMQ250_7ysb66pcC70-Yxzl2bjcJJ_Vw2GXLQQsECeRvwMXUAZIrqW-O2MElG2HvmCeerXtf0lqaKlvxL0BXqQCwmqYZsOHC5flH0cbRnZOKdFHGZKE3B8bJY35SCEKeViWbayeu7TPk798BoPlIXRAl_BoJXQb360OEITshT-5zTEfmSFfpF6Gpa-9Y0rIrf1hkh6L56orcJOje1bMiknhothCe6kxPe4-wkxJOBJZp4VT66Bvzv525yZ6mAsw_-hRBPZZ8csad3c2LWxvGd7yG-e7zcCr58VdKeEhNeP-JFVFGdQzhqUbJ_psmYdQw6ESEP9ZDdeSteSkVJp05gfWqHiYgYrYUOeaw85Fj3wawKpOIJnkhwqMa3QiU4a_5Sxki6JenMaUA2RtZC62a9e__lY7F4UYsvAqBSp0VePrOIzl-IDBptnixF14e_iG65Kz_zVhcE0cMu_yIQGYw&si=APYL9bs7Hg2KMLB-4tSoTdxuOx8BdRvHbByC_AuVpNyh0x2KzTsxobOcxaFeIW9P837aqg5BxdGDnifNXqloJUYETx8BoTkb0pHBOll174J786QpJZpzoFNdfLK4UYYPG4fPhdVnRFT5q-5o5GGbFqBUrm1A77zQKz7qHOaXsEjxLUelyuB3l89tuJ79dv4olRcx94kRphNv&sa=X&ved=2ahUKEwiaxNTxtqWNAxVecvUHHYWUMDsQk8gLegQIIhAB&ictx=1#ebo=1
wsk95ko,https://www.google.com/search?sca_esv=fee75db914028769&rlz=1C1CHZN_enIN1087IN1087&sxsrf=AHTn8zqcIoPJhtssPltqnppmApokWwgbUg:1747833256411&si=APYL9bs7Hg2KMLB-4tSoTdxuOx8BdRvHbByC_AuVpNyh0x2KzWLV2etngeherqgTnNhUKb86UAa4DE2SRKXtZKkH0e4Bw5d60UFdHH2UNLZ-kP_1InoQxGVshfNFy8LDgFt4MGo2YjdND0E_KdH9cXeiK5h5whfRXE6K4TMipitTUafJy_G3vQJJJJkbtmPL3Ejjsjohpirm&q=Twacha+Clinic+-+Skin+Care+Specialist+%7C+Dermatologist+in+Akola+Reviews&sa=X&ved=2ahUKEwjE2_-i0rSNAxWz9jgGHTbyLyMQ0bkNegQIIxAD&biw=1600&bih=773&dpr=1
uqz34ok,https://www.google.com/search?sca_esv=fee75db914028769&rlz=1C1CHZN_enIN1087IN1087&sxsrf=AHTn8zoWWOKLDt0XSoM4LVkGSpzFs_YU8w:1747833186665&si=APYL9bs7Hg2KMLB-4tSoTdxuOx8BdRvHbByC_AuVpNyh0x2KzUrTKlakmEK-Ob3mAhwwITeuuPRFMbIz9PRYd41ldnYnRPNL3cGMBtFkeNLohQOMhCBchUg4K84ogTt-THYNjINlQyKl&q=Pratap+Hospital+Reviews&sa=X&ved=2ahUKEwi82d6B0rSNAxVQzjgGHV4cAVYQ0bkNegQIJxAD&biw=1600&bih=773&dpr=1
hyd32kh,https://www.google.com/search?sca_esv=fee75db914028769&rlz=1C1CHZN_enIN1087IN1087&sxsrf=AHTn8zrD2wIqQXSClTVT0ogN2JUJ7Z5ngg:1747832961660&si=APYL9bvoDGWmsM6h2lfKzIb8LfQg_oNQyUOQgna9TyfQHAoqUua2jrEmSTEZTcw8AavCU9ljN5MJSWUYwqIym-ClwTAmKPsPnx9DpK1H97MNchOyC3899XR3iuVkxLCINKCyvSr33shZh-9Ne46LRabiG3UcTYKYFA%3D%3D&q=Venkatesh+Children+Hospital+Reviews&sa=X&ved=2ahUKEwj90rmW0bSNAxXZyjgGHcEfNokQ0bkNegQIGRAD&cshid=1747832964194971&biw=1600&bih=773&dpr=1
bhg85ec,"https://www.google.com/search?sca_esv=e18b7a3f06f71c2a&rlz=1C1RXQR_enIN974IN974&sxsrf=AE3TifPsrmiWzNawH7UemGCacdc3bKMSRQ:1750317046543&si=AMgyJEtREmoPL4P1I5IDCfuA8gybfVI2d5Uj7QMwYCZHKDZ-E_kXm5EV05RfPCZJkm3ypjO34O4H7pz2DHRQVGfRLgo1a89xQsmUaPzCcheRS6K_1KJAwYRU7yVF5TwPjb8-I0sHm04xfkqgXJbE6KEl1xgMPm0vcWGq4ClFAApYqoj1E5FtML4jtM9Vc19mdYX4X1Rwic6k&q=Shri+Tuljai+Hospital+,+Trauma,+Orthopedic,Dental%26+Skin+Reviews&sa=X&ved=2ahUKEwiHw7aO9_yNAxV5xDgGHckPO3UQ0bkNegQIKhAE&biw=1536&bih=730&dpr=1.25"
bph32oj,https://www.google.com/search?sca_esv=ea28a01ba0d65b63&hl=en-US&gl=in&sxsrf=AHTn8zqpQHz_Rom4mq0R7IXBNJkgJfBmGA:1747309661961&q=dr+sushil+pande+skin+and+hair+clinic+nagpur+reviews&uds=ABqPDvyWqNjMcJWkrh05fYjy2piaCSHO86MvxT7BysTn0OhXzxe6rUUvUvN7DvYSUjxUtsYIBbhBoHf_eOIjM3QwXdzVUlvvkTeHR6phCceu0IadlxUc4l-CXNi1SRFi8O9jxrQwrvjTCHxwlHpsf8F2f7G2wPMuz8hmvCXOil3Y3nY4JVs8PLlpEqnwO8zUb9qb8E8Iy_0xV7sWfeNNiWC6hi1zBT-VA9q5260-Fj_44K8Q3Ok_s0kbVOPYsbGkyDlVvkT0fAg4jV0vwhsn-tI74Yz0tEB8ZLuycoP9d17N4AF4nqTEaBsoOd8vVjQP4SXr7OkF9PLjekIFKrC63Ne5yiaPoza9deHiSNCfQMKXdfKXJFelyyhRAnX1ERwI4dsGbkm67a8S&si=APYL9bs7Hg2KMLB-4tSoTdxuOx8BdRvHbByC_AuVpNyh0x2KzS881GroJqE8d0v7XCBryhYSZBez4n7PP0xJxlFDQW0bGUZ-OcvucmrbmUd3t8n48wuEVsrZxJxd76npevw7reJkzG8bsCNgmC1NgO_NagSeVwTR-5be_AUZia3oQ_NHfR_jVIY%3D&sa=X&ved=2ahUKEwim4Nrds6WNAxXXbfUHHcBvLCEQk8gLegQIGhAB&ictx=1#ebo=2
hab45xp,https://www.google.com/search?client=ms-android-vivo-rvo2&sca_esv=ea28a01ba0d65b63&hl=en-US&cs=0&sxsrf=AE3TifMPYR2hfN1ankt-sHpu2KpAYOLaOw:1748191315159&si=AMgyJEtREmoPL4P1I5IDCfuA8gybfVI2d5Uj7QMwYCZHKDZ-EzoO4fUjzBwEsvYvG3_yqxj9IHQJAwEmi-E6K-XVjRCm8keKacXcqYrKMeCfacPHCvAlATADINYRZWAAC-8OwLOtrhx1MWnS9OcqtBwSZJRsHi1gTVY_OdTH9BNU1hLZDSePbGU%3D&q=Dr+Sejal%27s+Skin+Clinic+-+Nikalas+Clinic+Reviews&sa=X&ved=2ahUKEwiYt9qSiL-NAxUAsFYBHS98NTsQ0bkNegQIOBAE&biw=1575&bih=759&dpr=1.22
isy98yp,https://www.google.com/search?client=ms-android-vivo-rvo2&sca_esv=ea28a01ba0d65b63&hl=en-US&cs=0&sxsrf=AE3TifNXKB1RuE_6W6Wxxdajgr6vNOZiCA:1748191709248&si=AMgyJEtREmoPL4P1I5IDCfuA8gybfVI2d5Uj7QMwYCZHKDZ-Ey1-I5ZnYqtNxEF6JKqooX0Z3-qwXMoUHSDzUezMKk23jr5DbuCJobfT8mC93uY0aB8n0cQBJAAXZ1mRoH0hBl2agfsEajmzCB3hQ-y4EphELRkkXmdiFGWdtbOEsLgiXTbk8b8soSE1GewZwfIcwi8Xg-cRePDaceFdMMWNWZTloV-pvOYw6QDQ8xBe17YbyN5GVg0Gb018e00csmhZDf4IWJXrQgi68pwGA6sskLXnNTxbHw%3D%3D&q=MedDerm+Health+Care+Clinic+%7C+Dr+Khalid+Khan+-+Best+Physician+%26+Cardiodiabetologist+%7C+Dr+Sabiha+Quazi+Khan+-+MD+Dermatologist+Reviews&sa=X&ved=2ahUKEwif2NDOib-NAxVws1YBHZkSECcQ0bkNegQIIBAD&biw=1575&bih=759&dpr=1.22
hpb83rj,https://www.google.com/search?client=ms-android-vivo-rvo2&sca_esv=ea28a01ba0d65b63&hl=en-US&cs=0&sxsrf=AHTn8zq92s6IKOFCQ1wNcwG_naVAUkcWhw:1747828805263&si=APYL9bs7Hg2KMLB-4tSoTdxuOx8BdRvHbByC_AuVpNyh0x2KzQ3l-aiDtU_YsZBb17pHMe_QnE3ftZl7u2fnytFNNvboxMGyzZKXM8RE5F8Ahm1FOTXip3CpsWBfkwuZERL_eeOUaY6aI2JlFwIGlafjJPp6T0wa6AG6wZVw0SIhSc_eJ8jaUebT4KyoNBn0YiGfUd9vQUjZVAMJuyHKRpp_dlAsjPg63M7fbFGa0YySFkdftSczOyE%3D&q=Dr.+Chinmay+Ratkanthiwar%27s+Skin+%26+Hair+Clinic+%7C+Best+Dermatologist+%26+Cosmetologist+in+Nagpur+Reviews&sa=X&ved=2ahUKEwjlocPYwbSNAxWdYfUHHeA2AZ0Q0bkNegQIPRAD&biw=1600&bih=773&dpr=1
npm19we,https://www.google.com/search?sca_esv=e18b7a3f06f71c2a&rlz=1C1RXQR_enIN974IN974&sxsrf=AE3TifNbATJKRgEqUiYt_VYsr7KN5wGIQQ:1748192029382&si=AMgyJEtREmoPL4P1I5IDCfuA8gybfVI2d5Uj7QMwYCZHKDZ-E1pkKrRJENfn5Lv_wEq7qia1zp4bDahy7-5mLqpRsqoamcZNtj8CzicYspIQNiL10AmdZtJ55lpQovbOXyGz1SJLMw1JA_-mw2d7Fa0BcCJHeO8QAw%3D%3D&q=Dr.+Pallavi+Rokade+Reviews&sa=X&ved=2ahUKEwjLk6Tnir-NAxVuga8BHUOvL0IQ0bkNegQIPBAE&biw=1575&bih=759&dpr=1.22
ypt30sm,https://www.google.com/search?client=ms-android-vivo-rvo2&sca_esv=ea28a01ba0d65b63&hl=en-US&cs=0&sxsrf=AE3TifPa8DX9jvOKt0jZ_V4Oqz7TiW1LRw:1748192067295&si=AMgyJEtREmoPL4P1I5IDCfuA8gybfVI2d5Uj7QMwYCZHKDZ-E5TlbWWwceZJWo9g4x3q_CI0Ld_Xk8KiiQK0tgO3jw-3zkjitL_EEcJzG4GN8YsTKkpP4w34IMOp3yMLdWqop9yjFxXFpXABulU2QPSDNFuAdItEeixF_DEBKBUNz31AyjxoH3-zrP0WcQUAH8FpyXKSSXDrtFJvtM7-sOh991hgipmepLX3gozcgMN6cwOW5oZ1XD0%3D&q=REJUVADERM+Clinic+%7C+Best+Skin+Clinic+Nagpur+%7C+Dr.Aasawari+Jachak+-+Skin+Specialist+Nagpur+Reviews&sa=X&ved=2ahUKEwjFk675ir-NAxUiiq8BHe83DQYQ0bkNegQIMRAD&biw=1575&bih=759&dpr=1.22
efp36et,https://www.google.com/search?client=ms-android-vivo-rvo2&sca_esv=ea28a01ba0d65b63&hl=en-US&cs=0&sxsrf=AHTn8zoXweknuEuOX_-169pnvRLPAzfAxw:1747827882188&si=APYL9bs7Hg2KMLB-4tSoTdxuOx8BdRvHbByC_AuVpNyh0x2KzWxNUH2D4NlAODmAHWwd_Sea76ar7uFgoZqdmkVAfVBKG8zEvNqjJA6ixwprhG2I7tqFSWWNAMRfBnbPdh7N60o33pjUK1EYbNh6wn1VmOR2e3wmR1g2XFUX1RFZGXYRvRUGQDw%3D&q=Kumbhare+Children+Hospital+%26+Skin+Care+Clinic+Reviews&sa=X&ved=2ahUKEwjXmq-gvrSNAxW2ka8BHWt9J-QQ0bkNegQIJBAD&biw=1600&bih=773&dpr=1
far77ev,https://www.google.com/search?client=ms-android-oneplus-terr1-rso3&sca_esv=ea28a01ba0d65b63&sxsrf=AHTn8zrT4f2JFGR-4dxWVu5bOJqiAI3txg:1747309171599&q=kayakalp+the+skin+clinic+-+dr.+pradnya+khadse+yavatmal+reviews&uds=ABqPDvwaNfsV6ZoAfm_YJ9GVNTNWeFejioJgb_DKgpVWW0TPRdpMRg-EtxDqx4y1XFunM_g6clcI3R-bHDB0va4p0n3WAyYHFm4w-aMVv8_eZfpt2KTvSwPvKGhBzvBq1HGAZpGzTUSMorS2cwUOcYb1h55djjYROp8VfoxfqdIMInVL8Z35UUosPNcknD7WH-Xxc6dApB_4b7sUZHVuVHXBbxC7tZS34Df0P-NfGJHnRaf3uDcWrklhopPGNXY9yeHQrA_d4zfxzfx_CjinIAQxDKi7olmo9qLP6N4ySZhlJH6fGqNNgrvoO0v-8-RsDm7JmSjV8naMQ3jGsVH3NTFCxhXt5Fju3N1hW8ebcgyH8YjekE3QocaYJaw3w8OdS1mHvm0fQZA97L5aptcBbMgelIYvKnhG4EYI37nquHGJsUBMf63FNT2zjNgMnA9ZwJA2jRq8IT9_&si=APYL9bs7Hg2KMLB-4tSoTdxuOx8BdRvHbByC_AuVpNyh0x2KzfFubbOUK33E63YCozEd8tKqRJQg7Wv0mmN1he21QZhZgBeU8iTvpU8dckSHsu03rqrSy8clzfZ6alpCfX94TWSE7gXCpMpqSSmC4StPbuE0KUmBaePc06w6WnLTo_Sab3j9uadeu6ZzqAnRFgM7jKsQE7oI&sa=X&ved=2ahUKEwiltPHzsaWNAxXqm68BHRstLv0Qk8gLegQIIBAB&ictx=1&biw=360&bih=648&dpr=2#ebo=1
qzi42ah,https://www.google.com/search?sca_esv=482345221402daf0&sxsrf=AHTn8zrsEzsjed7SCJP6oMO1Q703UbXkBg:1747309097350&q=dr+aparna+torkadi+amravati+reviews&uds=ABqPDvx-j0qyK7dC9teg1r2Q6vVfHbF1ljVHFrzvL5Fehycwjtpybs_GZZTPdR-k1t_CyZdRK6mdIgYKv8bPvZUurQoHmAAu9iasgdwWqtcEshmjYwjWQGOjQFfYw6Qecr5xc8qHWqOb4qtDASu_Ig7AP9DAvUGbF70HkHxGv7LTu6UsLenwXAN2qCrAGHB0yDyT4M45OntZqDtJFCE_59acQXyMDaKTQ4T-UrybMTs2-6DQd1AJbsMrsdrV4eUq4OfePAQttHwnC93kTxGJNLLhNW7L_es8XaU3Sr2CwvFjZb98T_ehH2AUffWZXRHGYSd14_Grp2LGzv7wFIxwGX0Udr_AtARF55RtqfrGV_hQiABcpUrTqhQ&si=APYL9bs7Hg2KMLB-4tSoTdxuOx8BdRvHbByC_AuVpNyh0x2KzT1OpjAZmGrymcd68RktUao9t0tS6fKWFUGPV-uqlEj5vtXDqeRYjcx71oFJh1tLMR7--YqELLDC1WuyUvdHaRljlHwASo9HrqNmBfj_rSiJhPcqqQ%3D%3D&sa=X&ved=2ahUKEwi5zL3QsaWNAxX1XWwGHS37JOkQk8gLegQIHRAB&ictx=1&biw=360&bih=648&dpr=2#ebo=1
lhg07in,https://www.google.com/search?sca_esv=482345221402daf0&biw=1280&bih=551&sxsrf=AHTn8zpn1AiZWu4sKoec2TOoZmoorGGOng:1747309056175&q=derma+esthetics+skin+clinic-+best+skin+clinic+in+amravati+(dr.+nishtha+nandurkar)+reviews&uds=ABqPDvyYQ1H-NtwxdxaorFcdSfAlitirMlXfOq1xwxrQJJpbb38wk19f-kw9hDicxGDr61fBNEjYm4nGygJFsWRmFdXW6f74lKvhdIt9SA1mvbQbpOSYtT71JAlMBegmG2uyRQGo7gKk88luLpgURiZ9Q73QySnczTqovbblKuqfSSTV2DOVuwHWzTVWbaAmrGqwizl-rVeHtXMaw6wMYf-dBK_pFAcwpnUtv5QCG4LFAeGxx-xNPu_yvTLB-wMxXP-IB9-Xw_xCHBwCckTiB9pSk1OCVhC_R4vyqwEjD19N_Dy_X7Iw06JKgdbfldNBGZZ02mmPKJDsyr5XIyilX4khGQ5wt7GRYVIbVKTqeDAZsK1gzTk1ku9E7exgv0xSoYSsgmrGqsnbH9XfJISnZnzscUEjwHNiceB5R0lIgtWvVYb4FGEtTWBnRLM4Of5LX_BLO_LmKhVn-cZ3s5o4pPrrJugOq8mq7A&si=APYL9bs7Hg2KMLB-4tSoTdxuOx8BdRvHbByC_AuVpNyh0x2KzTSaOM61jMuooCxMmcWsaF3n7HC5-YvxR0GgKf6CBg8JAccYCyzyrgqDJtHaaYF9p_C625ZjaKcyNATZyBDd-kZXsLMjEtGOHeyZfWvqbWsxEstGFdO-KgjqmTAWDrZTuYdGiEsZsHACgVEbMEs5bhJ9csoDtlA7oeJPspousHWl0bJtetZdLRY6gxD0HZpCSiexNyo%3D&sa=X&ved=2ahUKEwi_wuy8saWNAxXOe2wGHdzqKNUQk8gLegQIGxAB&ictx=1#ebo=2
wrb48sc,https://www.google.com/search?client=ms-android-oneplus-terr1-rso3&sca_esv=ea28a01ba0d65b63&sxsrf=AHTn8zqZ9R5obQLYUtk23LkBhaOy2nwSuA:1747309012915&q=shree+clinic+dr.sunil+sande+reviews&uds=ABqPDvwKmXaXArnXF5HrgvM3IAO_wRGqKoDJnNIItXhKeoGiysa-hzKE_MWZB7rxf3NcU94_0_VWrfIc3zUxWOJA6eP1DCutD-UgztkTTgVZG7mHtXNHCyrs3lLYdcr2MeDiXomR8wqBlSbx20vcJ_TeJTzFS6TWjxCiXFJB-stoqXRF4OOzKglgWCPFPitE8MY3V1DsBEwXog7Rzlm91pz_wqz9_qxSELbYgByIz6xyZy2AGWPqeFvZWCgwcWLrqykH-0E6XLrFmQXsMEbjnr83wvpj9mc3oLfsKXePLEXHFRPiTutcV5wOZgu15x162CvaLPjDjjjsgYU5YdP2g19iPqFhzv2qpmmoaNR50DRHStOfSIxcgg3ydynL0c0gOvPPhwE343B0IKwRFKmM51BfpqsdQ0X7AQ&si=APYL9bs7Hg2KMLB-4tSoTdxuOx8BdRvHbByC_AuVpNyh0x2KzZUKINknRWrgJfHRr8eCt_p57YZhjPMIChJUkbSzVN7692uMznzSfBzFNceKuXyEg57cVljJp4_jjLjARDx04H92UGpZWqxYaKbX1QsaDTiwUJ5V0g%3D%3D&sa=X&ved=2ahUKEwjWjZyosaWNAxUZRWcHHZLtNPEQk8gLegQIHRAB&ictx=1&stq=1&cs=0&lei=1NElaNbTN5mKnesPktvTiQ8#ebo=1
pmd00ud,https://www.google.com/search?client=ms-android-oneplus-terr1-rso3&sca_esv=ea28a01ba0d65b63&sxsrf=AHTn8zpkHqECYNihztkov6t21w4THbhhkg:1747825199342&si=APYL9bs7Hg2KMLB-4tSoTdxuOx8BdRvHbByC_AuVpNyh0x2KzRgym1k3JEU5vXsvnTOFOrs6cfRMruRFzJQMpa8FCePpaHtLJKB4M00grZ03co6LN5s0VFsL2naNECQioNMhoIg1OmGSqFNcyeuZPjqYiTE59jEwjw%3D%3D&q=Dermacure+skin+clinic+Reviews&sa=X&ved=2ahUKEwjGpIuhtLSNAxXJma8BHRJALoEQ0bkNegQIIxAD&biw=1600&bih=773&dpr=1
fuy14oe,https://www.google.com/search?sca_esv=ea28a01ba0d65b63&hl=en&gl=in&sxsrf=AHTn8zr7d1StNBoWGdlxU5N9U4yeyInX-g:1747308857226&q=skineva+clinic+-+skin+and+hair+clinic+in+amravati+-+skin+clinic+in+amravati+reviews&uds=ABqPDvxNcYutH9K4tZziqFw53dxtEmfPOMF8eLXhNPtlc09kEWtaWrbPI0lRw0Y79vXKTCCjo9I16f-nhVOGvX3Ni1Kq5FGoJNkg-WCw34Mid8lpY8FRTkwa0Jl1u67DwOzBTSLp7724HmEs0gewj2uG0BmEtLyobj5IfqWOMYR9BbzUyGFzoPfMMDphilIZoxx1O_O6tgCQNqfTyzpeP10oC6O2XwriD35oDvoh_gSjdHYiT99hSXPLGvTgVK2Oz4L4XI3n7rpLDxt1iovUt7K7QHGxqjR_XT7Nw94GaLcuh0Jdu9CmR6ksAm9FqyQA0DZhbPuFEGVG3q837GSiJlsXG7OxY0wZfueb-nxoqoQ2G6O7CTnhEszSyPy38QLko7AFGc2Vjw6EWBCBKmvRUpogVMzS7YYwAKRnKM67LUaoM3OUNZ83ocEW0F4dVVUwkILZMlpZtfZxC_vgBgaV_HxcthFzUhs25KfnXJxdrd6IVtSS6Yu6xkDHQgBf_641m0MAC3qrxqNFQkdSPRAdAF3KPuCoOudC7A&si=APYL9bs7Hg2KMLB-4tSoTdxuOx8BdRvHbByC_AuVpNyh0x2KzZYX_4PLoNUArXSscn4kXop77ZcCyCLJv6wd94BuKwY8riEobGsNNLqL-Xgd88LV_csS_aIIqxOaMlJb71qrAcyVG-5wR_wgTgHZXw0a-bcRK4K367CduJPxd8uO2sDMpOB9E29TXoFcgAP1HI98hkoXtUZeHy3X35Hv521TWeX4G9Sfrw%3D%3D&sa=X&ved=2ahUKEwjVzf3dsKWNAxU9S2wGHQGTJlwQk8gLegQIIxAB&ictx=1#ebo=1
ctz21nq,https://www.google.com/search?sca_esv=f86fefb562370d31&rlz=1C1GCEA_enIN1116IN1116&sxsrf=AHTn8zpDeVwMzwNi6ZCjlnnoaKrqgWVcaQ:1747308806507&q=dr.+yuvraj+sahu+reviews&uds=ABqPDvy5qtGjNb8MEk5lfx96R9r5dpy7E42e4HAHlXPZpxB1YBQ4eK8QgZakUDAQaTtJ4Bqx63WHx15RjEbkBgxLrbtuSmFV_zj4m4xAmkVNa79fU_6z3fJ3GDnf7upPX2wYxRWXJWHFUSENoS0W1n6qX_xcf4RccndMpaiH5w8XtAnVXqSi0NzRmtrTnWFmucEAn4Ldu7NGQboY27_Wmrto9LaeLmwLRIRhj5dMQVQI8u-33JjsvytG01FcpW575bw5eHv-_K-4WJYvQQeG15-PEVClRm1D0hNT8XvDBFN_cMM2LXvh6Nie0vZNXmEVDZzSpAT4vEOJ8ReNf13RJK6ZAoDjL_qc181EOCHEOuMw9dc-xTZpfQdDAaSJyzsI8RBcW0EDzbTEUF7bcQoZiprRzCfAISqlEIQst_7Zd3FARELXH3SDxpYvRewv2E4dFI8e8ciMOZylsOPnaq_p-5dvaY-ow5-0_5ggOTaei2uHlepnTS7CeOWESBnEIQupO8ucIcYbypQeKiCMnQ6WP7UkYQUmHafyrg&si=APYL9bs7Hg2KMLB-4tSoTdxuOx8BdRvHbByC_AuVpNyh0x2KzWGj1RRqsAXZLOfx4Nbzxl7v5ZxjTuF1yuuW2bSTFRDoRL7lkFp3xwAMB16VpydUhmTrB5mMJPDpOulrtvjjiQav9YoB&sa=X&ved=2ahUKEwjK-uXFsKWNAxVTfGwGHb2YDawQk8gLegQIIxAB&ictx=1#ebo=1
zmp80qh,https://www.google.com/search?sca_esv=f86fefb562370d31&rlz=1C1GCEA_enIN1116IN1116&sxsrf=AHTn8zoG74e5wTS3U6iWJAxs-iLndL41yA:1747308775731&q=dr.+rai+skin+care+raipur+reviews&uds=ABqPDvx9EEIkotjJ_NqBZRI6g_iSms5TK6R8hkrKiwbv2JMYgRsGOZeQ1vu623nwpbcizvNYZNh4JAJOWNvPcsxnR9hmGO4YPVxipMMSCDTaBx1bbuiQxRAiuFIGTltWBDDKDsiWsUVGGqVHCIWG46tYBfFiLrnwRxFFg-GFRFfxP3PjRNGsfQrsw5ef3QHU7KVQb4W23B4yGqDGvKnCQk5FV-mnDceSIEAX3pRT-m87hRXG1UBAqUC11O0IjGFgEqSHkIG59e_sQ9SRI-m4k3oI2MYHNiV6hxEAd3jWvA-xdSe2hSGl-3XFM77s1QopETXPd5yU0MmIbKGK--dxL3G41k8LThX1fmbwqjVPY9cTV3lmhcy3iRAJEuEHQo5B_hjFGUq1Hq5ytqOX4LByx1s4pRGSn2d1imbioP47PPVS1c5tL_6Wz42_Jp35ELqhekOgdL5sdzLNmQLUg6zZiM1WvWatBgacSY6z_tgVCOCq0wf-SRgxkVbFh2vzcHdz0fOQIB8PAryy&si=APYL9bs7Hg2KMLB-4tSoTdxuOx8BdRvHbByC_AuVpNyh0x2KzVpUh16IaLYBuLydvZeSTQ7pOy-wo1iO6_3jCqfPbdQbWFRq86M18kRjeqngw9cc5_U0DoHNs-gXBz4fXOdL3d6ddN7lkOGjkvRAjeq0NyEHGCOcDw%3D%3D&sa=X&ved=2ahUKEwiyxI-3sKWNAxW8d2wGHVx6OyYQk8gLegQIIxAB&ictx=1&biw=360&bih=648&dpr=2
xzw71hd,https://www.google.com/search?sca_esv=f86fefb562370d31&sxsrf=AHTn8zoEGAx4TTtzU2hvh0q_FAEmmPp5uQ:1747308710326&q=skin+haven+dr.sampreeti+sendur+skin+clinic+durg+reviews&uds=ABqPDvzIbcMqkIzBhHCbZLUVKWLfhl8yKRzJKy90C8UYW8ttA7tjrUUJQCsmbmNVXpq5QEnTBV1LWSRMqSJKZa7vVZ7JUmhvCaFx0so2QzBNVxJsakkoAjfynckLIagQ1FRWLF3-T-M8qmLnAX668yv_JZZWIVbWtt4t4wE1dVOCQy55UwpVGbA6AKcuAR-LqqHOEcipgQZumIiVmRQYxckxmkBU3gsoQudoXX_cbmWcS0clFUE_uYWDt13JTdweZuNotJ131gqlH_FCJTPpvPebnl6SMvJu4oV8lnUtrIAtB8wsZIHewnEqaUm4jHzBPjY8vnBmUWORUFBPPdbzCXCuH_4c4SyVPti7MYju2yAsAf9IpspDjSTo9F6fk__3zuxNrMZrgjXZu_4Gs9VULWy4lNKJk6g2S2GXO_ZEJrM1C477Vy_i4KSKqgYcH2VtNsmOGEjtEsTf1V6eywYSPB2_W5CmA4FWfI-KOdu5xbn_uBQN-5maQLzgiY5XCo8S9GfoK_9MdCAOIFe8qdaGRRf62wfS-KFYqZjgw4CLN1w-bYc17mpWOq8arPpxq0NG8ZfxmjsaKwBy&si=APYL9bs7Hg2KMLB-4tSoTdxuOx8BdRvHbByC_AuVpNyh0x2KzT98Nk9kRDGAUUoWF93QZrG7g-vaqmj5O8XPQ2dmV1I3WlRiwEsWTYAGELZaRT-t5B5nhmUoDMgxjpHnsgfjVWNca57sMNDRM_IJPMOY8fUB0EZjEVj6m4W_hgQJ6e_kEvkrjTo%3D&sa=X&ved=2ahUKEwiQwPeXsKWNAxVoSmwGHSJUJvEQk8gLegQIJBAB&ictx=1#ebo=1
dap41au,https://www.google.com/search?sca_esv=f86fefb562370d31&cs=0&sxsrf=AHTn8zrRtfj9zYJpb4NZDq8tlRLdqtF53w:1747824245278&si=APYL9bs7Hg2KMLB-4tSoTdxuOx8BdRvHbByC_AuVpNyh0x2KzZXYq1-gJe4ROVssdiJaeFn4fi-MlnMXnBPNyFig8CK-jW_OwyJNuoARQI26p3BTEjYvJ5tk4POQsDpaT7XcJ-YvEzlA&q=Dr+NISHA+JAIN+Reviews&sa=X&ved=2ahUKEwjD8JPasLSNAxWIzDgGHfqlAxgQ0bkNegQIHxAD&biw=1600&bih=773&dpr=1
yqt03ys,https://www.google.com/search?sca_esv=f86fefb562370d31&rlz=1C1GCEA_enIN1116IN1116&sxsrf=AHTn8zr2Ud3S229ssfXykOBMWuao3tBiPQ:1747824133927&si=APYL9bs7Hg2KMLB-4tSoTdxuOx8BdRvHbByC_AuVpNyh0x2KzVtwVvFwqsCnPNrl3FD53OcUrFjHcW_D2mIjg1xoKn7jo29j928OmNyxQnkkXu367TxMCaGfIu3U4BVlp2FmM0xLLmcgFoDnfQ4RunAgYtS1OAQwfovYFY445A2FGbZHEzfRB7U%3D&q=SHINE+SKIN+CLINIC-+DR.+SUGANDH+GANDHI+Reviews&sa=X&ved=2ahUKEwiusYelsLSNAxVxxzgGHZEcJAQQ0bkNegQIHhAD&cshid=1747824171242690&biw=1600&bih=773&dpr=1
iym24hs,https://www.google.com/search?client=ms-android-xiaomi-rvo2b&sca_esv=e1b0a352cc9e0a98&sxsrf=AHTn8zrkBfGQYCcscn5Y3xme7S78OF9D9g:1747200787839&q=dr+yatra+kavadya+jain+reviews&uds=ABqPDvzZx9FahazAyumoKQJFjE83-gGuuO3BSuvMCCq1bY0YtL6DHnLQrBpKeMrKi2_NsvqgdNkIA-9TpuiAOZKox0xphtynjvU4FjNq-3LVl_YgxIEPCsLFkGIP-CeMJpNQIMNZvPLRg5KyIXwMMnjxdnwdrVWXjm8AlHdFh4Dx7QVHq3oV03KZ2czGPxSAd2IFt6N2bYDujniyXHxbn2X4a69tyIn_5Zz2XvEveLfoEx9alweEkwR2oExLwyzBsVVsiMAJxYZ15j6LKRse475WBYQbfk0L8hHMK1cgSAebOZHyjssIq4YvgWkWL2z_Pyk18JhWfgbDgx5a3sVvOTOZjS4YQdPFsDQNa1kxiHMONAGkq6t2KxpHok1_BS3D2avmFz9LcP5XbDI1jOmpoeYP0EeyE29IFg&si=APYL9bs7Hg2KMLB-4tSoTdxuOx8BdRvHbByC_AuVpNyh0x2KzchWM-4UNnVCS7viteYflwhtts8FaIBFpopsuSfd2Nn_Y3wPrRCk_VvptxMFb9j7oXRS1pMLn9oEHIS1WZxgWxDmNt8gGhZVjzYMcyCnHZaact5dGQ%3D%3D&sa=X&ved=2ahUKEwjC2b2SnqKNAxVqdPUHHSUxHzkQk8gLegQIIRAB&ictx=1&stq=1&cs=0&lei=EyskaIKEM-ro1e8PpeL8yAM#ebo=2
kqb93de,https://www.google.com/search?sca_esv=f86fefb562370d31&rlz=1C1GCEA_enIN1116IN1116&sxsrf=AHTn8zpktultQA_F3Apq4MTfA-5GxJhz3g:1747200968136&q=dr+shailendra+kumar+singh+reviews&uds=ABqPDvyUhFxz1wFCJKKhHIrIluNa6eV_dNvEULuJljOCc2VQkYqaLu5Rns3JPj2JmPnkHCi-VZ_BTZHUZtHEXaCZxtepvDrAi5-uZPWdAXGOuMnLKuDq2UH8uWzSiAnlEhNDh1fwYl7dYAzOcEEnXj7AZe-l01UVEoiIPg_-HFalYJ6SeGPAuXAwD1zv5CzVXGCgngf8IbNgWc_Dt4jnh_aGrvL4wTGtEQg5zEM-tvLT9XqiYXynSq4XpQGUkdLJ0exDdzDxFrppICe_FTy59nBH3N_lAzBxpyVCKxLvRn8VnFLJXIMtL6ZP-pBVgp36xVbkdCkGQrLbNQOhSir-aVM-6lKcIIIRggsKcYX0NdjlBjEGjO8yzuFx7qvdY5jtbyHmxaoT2cnHLJOs3SlfnroMMJ7s0KJtOA&si=APYL9bs7Hg2KMLB-4tSoTdxuOx8BdRvHbByC_AuVpNyh0x2KzaWGp9LILdyyWCieb-J-vT9hBlLVDZhNnCR3qK2Vsy_kyEQrASUf9hdlujRAjQ77LGitvq3B8fb0KYhhiS2irABH4MDATMU-GZWMDrWW-HlWj04Hfg%3D%3D&sa=X&ved=2ahUKEwiMj7ronqKNAxWrZvUHHYcOCksQk8gLegQIHBAB&ictx=1&stq=1&cs=0&lei=yCskaIyLCKvN1e8Ph52o2AQ#ebo=2
wxh53ar,https://www.google.com/search?sca_esv=f86fefb562370d31&sxsrf=AHTn8zqqRy0Ylj7ecJJtBEFzeB9-HX8oAA:1747201274675&q=dubey+maternity+and+nursing+home+reviews&uds=ABqPDvyeAD36F25yuU2B91FoncH320qWhDs-6EpnYPQMj0D6PBNvA0TSvS_inSBZ0rG6eyCsRSa-nw7r7SmHCafgDqS8dgvhqYkfvfuM9sUHva4Il1-mD7FW0nwGiIqkPHltjVspMa8mcnhyCfnb7nDwnHvi_FNYLoVaHGq3OJcmOMSCmboLmycOuGlik7VSqFdWDtmPRjWKI7aOt-WqjR-3rPsOu1Lh3Nb5qVtMvwWZ-l99KA69r3G8et4f7O1CdUy5z-7SV6fDTWG88BlS2T4CboTetjHz77uY8GIVFnmC4dFQH9gk09o1AKKodeEBT1jXmKOKXhiqRG6kJrcf6Af7jaetUkXAC5qkIx_CHfRbQaVzKNnIjGJasqMKfLYEmK6rDJOtf1ZHrJr7JW2wQDI9X895nSdDXA&si=APYL9bvoDGWmsM6h2lfKzIb8LfQg_oNQyUOQgna9TyfQHAoqUicbXen6W6FW5hGOnNtlougoyFP8xNJKWNES56vQ9A2PSQLFL2BupgNsDEZwX6mIC67BGQa1kaACgKIyW02pzKoQmVMZf6ZCT3j_YqYXg13lbh9Wuw%3D%3D&sa=X&ved=2ahUKEwiP48_6n6KNAxUyc_UHHSX1BvkQk8gLegQIHhAB&ictx=1&stq=1&cs=0&lei=-iwkaI_-KLLm1e8PpeqbyA8#ebo=2
gtf34gw,https://www.google.com/search?sca_esv=f86fefb562370d31&sxsrf=AHTn8zotzPOzdrDAhDP2uPR5Z2xMc5kAZg:1747201454885&q=dr.+piyush+agrawal%27s+skin+zone+raigarh+reviews&uds=ABqPDvyU4PclDrjNkd3dGiJpMiSW_GBEA5_JP49ZHDBOMmgwVgN8xo6wWwQodGMDfIAgFsvsbC3xO-SkzSf2fn4ALsUs2ojN5M5cBmBThRUO-RvZ2-jhCuAvxK0ZYWUDJsTC7FBUP_1l7P8-TxEm1mZ3tsWilCyjIQEhZF0iwMvl5zAC09tVQtrUi9nNcHalsYvaC63kjP-Lr41MOVTO2jMB6VHVLoyKuT_uAbW4Rs5764hacUocNtWMBhSUR_NlvBH16QHswguPxAMgLMVp6_w2hRQQj-QFpT9HqOwT5Uob6DxJpp7yGjIoDQ2As1tmjJufeYruSjX2n2lLfAv4ImcDcoUbaHkEkKqolkD2WFe9w-k3XVpL-oizQpkIL6ifvOXbRE4Zve9pjP72jYin2FTqSXaU4Sxtze0R1UEz3CKHfKZ7RtLuYMM&si=APYL9bs7Hg2KMLB-4tSoTdxuOx8BdRvHbByC_AuVpNyh0x2KzRoPDzyL--KEXjHIL17dkVAbCb5fnOuuBVmtCwcwl_dUeWzopdleBIfqLnR4fJb6KsHICvYJ_X-IjgRYFly4lFQNZtEeQl12VNR4MoN9-Nm82A8U5Gugb_r2MNC3DDdrkJFiDzo%3D&sa=X&ved=2ahUKEwj588bQoKKNAxUtb2wGHRjeDUsQk8gLegQIHxAB&ictx=1&stq=1&cs=0&lei=ri0kaPnkNa3eseMPmLy32AQ#ebo=3
vvg98fm,https://www.google.com/search?sca_esv=f86fefb562370d31&biw=360&bih=697&sxsrf=AHTn8zqtTKaFZh4w-nRU2ZlF1IbGYHwtEg:1747201647615&q=sparsh+skin+clinic+dr.+akhilesh+behra+raigarh+reviews&uds=ABqPDvzLP3SRlPiC40tU3RKSDRjloHZu5h2u4kT1M-sfFY7XvM2wP_y3fmvO8bbA0eFSNRndNojOL1w-0sjxnCKHqFVpbJi0M1-A4TuOkWfoYpG6eniAOfhENKbp0TtwOLQwNA5aDXXi2Bkjc-e8qwGa4PWpHLt4CNQZgztcAld9GABbNcMLTvq_y2dS60N2T6Nrx2uDW2ljMRkHX3UuPwHs5DjQaNWvHQw-nl6-9S7U9iQ52heJQXB95Zah5bbZFl35kF4WYDuPE2J10ogPs9O6pMWZHnAhH3DLgpg2hi0y1A3KMYJf2vn_pP8YnwclQr2gIuw1Q0OCyYwJjb-MQfS487_mwYjocX_ykx5vwhiNgX4hEJF7-QLCn_dKDUqaGLsoe62TD7e-H_nH7cLPaK6zcWx-2VqWdY-yWijSmTAVne9YUpZhGCw&si=APYL9bs7Hg2KMLB-4tSoTdxuOx8BdRvHbByC_AuVpNyh0x2KzaPYO458Veoj6kRGJtrgXvs6sHU5hFoam2Ywt7nS7j7jrd0VoeufCE2723Nc_YzP0MsgIb7IxxmVGsDNNoHdlBH2lKP6E0Wfs0_sjoH-3ztZChTHvkQ1-ai0tsxInr7tQKj8Ap0%3D&sa=X&ved=2ahUKEwjMn7qsoaKNAxVlXGwGHRseHEMQk8gLegQIHhAB&ictx=1#ebo=1
ghz41xh,https://www.google.com/search?sca_esv=f86fefb562370d31&rlz=1C1GCEA_enIN1116IN1116&sxsrf=AHTn8zrUEbHsZUuXPFqVx8JaRFbt9uIecA:1747201816607&q=dr.+ekta+sahu+reviews&uds=ABqPDvwefdiPXZpuXH-tqapfbJRFeDBbjPNguNQVyBsV6unwnxwqnj8sDIEaR7CTFlLZaCYp_1M-WJmIKWFHlTVKqqLsT13UAxIE4UrKQSjWLuY4DmiWK1WccQD_uKMNAWZmP4qE2CUtkRJF_ElN2Y0rSugCS9imvPGBdayyIBcEtUCrYdN71Bh6Wf3dA10Qtyt2GE_BgoLS9WRMTtjjLb4_aW6vJS8uS0v_IUSRhhsHtyjNgimIjblq_mbKYVAx8ajqWxIORC7TjxkFtm6H3gz6F-8b5oavKVH0w_kwOtYTforOaVHD56YoZZJHO3vgI7HNgnj2Yp83a-_5tjxYWWEXw0y1L0ARLg2Na84hPmXlv1D2Djs4BhVqKOPWqBlBQk0PmQtb2LFD&si=APYL9bs7Hg2KMLB-4tSoTdxuOx8BdRvHbByC_AuVpNyh0x2Kzc7t1B9Ohnebr46OlyCBaUH4nSivnN-DNDTF-oyUKHHEymO-i21TntFLhL6VxEzBhNdZtyQ8iX-dFD_kDbzkIQXgM7yZ&sa=X&ved=2ahUKEwiL14T9oaKNAxXZlK8BHVWgHSEQk8gLegQIGxAB&ictx=1&stq=1&cs=0&lei=GC8kaIvrJNmpvr0P1cD2iAI#ebo=3
irv64bi,https://www.google.com/search?sca_esv=f86fefb562370d31&sxsrf=AHTn8zqgdtj7TQISqgcdP4thfgYiUyqQ4w:1747202032308&q=saluja+skin+clinic+reviews&uds=ABqPDvy-9pA-373qTS4Qlhdg8THFVkYHieii5507UTwA96h5es3cWPI3OsYTXs-ZNQAabyVP7F6A3GpE9LjAnEigDU11esKoJme4QJzQ3PL9EAoH3TemmQhyqSu1m_mmWQFcgMuiJzQji0dplidXb22QinaMF-jH_9_RU4A3Dpy0C1xVAyasWlrg6cqwpaw6Hm-fVfkmjgPdmyEYIXnlB1X1vgLE8WaS3R_bqMYkrItAkxi71pSm6yyqdXi255rfsRvmtVkw8_sKFRj5N7Wo7QwjpxRhoQNP_voAGTATjYsaLs663aiLAQ0CSN0sGx54gq_X10SA8rbLsyMhQW19HqITONjl4PX2RWRETNZSaYtTsy1davXPFP0mpLBP_Kqj7O_MYq56WjHhofFFkrekcvme3JXlACTL08gePz8jc_iQVbpHhkYkJBgUao1xYcMXnPeRfAq6zCa015lB2vCFyDsgi1C4uxvazKgWfVb-BTIzgVc44q-i3ZQlBaAtwGWM5vQaYl7zwCaoJ6eTodz54UYNQYKDQC8j5Q&si=APYL9bs7Hg2KMLB-4tSoTdxuOx8BdRvHbByC_AuVpNyh0x2KzTGqN55emtHVWzWhFIxG5kvdr75IbIApY2zTpJdUhwS-uP9PDRfdUR7VDbaC7QGTERkK9NWB7XXmyckrMFQUXSqfwNQ5ITnHYrJAet_xJY2LLQy3gw%3D%3D&sa=X&ved=2ahUKEwj3gPLjoqKNAxVtcGwGHYs-BRQQk8gLegQIIhAB&ictx=1&biw=360&bih=697&dpr=2#ebo=2
srl13rm,"https://www.google.com/search?sca_esv=9a8ab6189a2ca03b&rlz=1C1CHZN_enIN1087IN1087&sxsrf=AHTn8zpPYv6cL1IvfF7ZkeXHKT52v2de1Q:1747658784041&si=APYL9bs7Hg2KMLB-4tSoTdxuOx8BdRvHbByC_AuVpNyh0x2KzQc59mxjZ73TWtxm5e-qGhYFMyM3WHs2r3MuRhEw7_1Sx8fP36ids2vEZW2UACmJ8Y2YnTraCViLilAbUn01QYzRVjeu9QaPyJiNQPUv8oSoTiWnBWT2MRFTsmidhIOG6RPOAfKuPsyB56zSJz4wj6Wb7Os2MAdfd5HYwG0asU1ryOwx2g%3D%3D&q=Radiance+skin+and+hair+clinic+%28+Dr+Sangeeta+Bharati+MBBS,+MD+SKIN%29+Reviews&sa=X&ved=2ahUKEwitrYuoyK-NAxW3SmwGHUBhGXsQ0bkNegQIMhAD&biw=1600&bih=773&dpr=1"
fec75xi,https://www.google.com/search?rlz=1C1GCEA_enIN1116IN1116&sca_esv=f86fefb562370d31&sxsrf=AHTn8zrQn5AOlfliXkmzRrX8VLwSxp3LAQ:1747202350676&q=usha+memorial+skin+%26+eye+hospital+reviews&uds=ABqPDvwz-tXNakStEg3H0C3DS95dJ_suEsZKRdMV0lrR2850766kAcm2jSw-kaE3KH8_PuuIH80MJQnbKVosirTsYwbUsbOK6ZseGIE4QCxfcr0yRXbZpkbEzV-NyePEqDo36g48yPEzvZoCPiqr9lAzhvp_NNs9VTXbkkLDCwvMCCvGQ4-GyAFjJoHqHO5K15qRJQpgSwkFdbzot-Lxu3nh4DFV1R-iQ8jm1nNx-eAab-NztTzjIM7tDpRtsHREDOx-iawbk9MBu1UCHC1iskoS-FDtkcT_3tAoEVJZiUrDHakBd0JuGf_rW-H5mWjs7p1Q1A-ZNT6hY6f6LYUoCxrJQTzMwpnhBVUykKo7eshk0M6W4ef4xFUjh8pIPm4d2iw1sU9HJfyC49aYsqzTV_PTiza24klsbpZIzQk4hXXtKLpeR4nFWQ1ojfzyHAS2ROqEFeT5TYTMBSGg3xBJkSVRHUOhiJ5MoUCMzqVUu44axMyDUMz5eps&si=APYL9bvoDGWmsM6h2lfKzIb8LfQg_oNQyUOQgna9TyfQHAoqUswbYy9RbMzqplOJ0TH34kgY-xWjW5xxxaYVAQmYJzjEDt8njMoXbho_1lOyz4eibmM_2f2L0-It9dpCC92Omj4emxgFqT7HTtbB874uL6zOn2SvVWRcGFc2OaEztklfDkOMIaA%3D&sa=X&ved=2ahUKEwim1dn7o6KNAxXXXGwGHdQDGyAQk8gLegQIHxAB&ictx=1&stq=1&cs=0&lei=LjEkaKaGKde5seMP1IfsgAI#ebo=3
kxq38xq,https://www.google.com/search?sca_esv=6478dd876990c732&sxsrf=AHTn8zpXmbhZRph6LhYeOUM4nESitu13bQ:1747202697147&q=sakina+bohra+reviews&uds=ABqPDvxQYUoB_OOjLUEn36DzOcQTWe12hpvg2WYHWSMZc_ssM-veEtutsCCQnuhvBEyyltfEJdIwP7qcmrqZh9kcVE-FwfaT5cBI8gZu5Uh3EtONBLr21hvANCz6PIMqrCiljCeuhn9RO-hHH9CC-yiVTpJoYStldVPNv5smg_8TQk-bglnF_Hi_pwk3Jf5RVOWO782I4Co5mLm1lmcJiWRtQ3XaCoda8dZoGRiKn9im6ttq4nu2eDWvYu_pFstzAlLd5W3yJ8W42C2v80h6TOX944xQ9exsIwPkOQPjUwlXsKPecZOAXZ8i8p3dHgCPl-CIYyy6RU7dDyvyLGLpcoxBsmpVj1u_pNYWa_3klie_IJ3HrI0eRY-jw6RWIYRQT1lkefRIUZBw&si=APYL9bs7Hg2KMLB-4tSoTdxuOx8BdRvHbByC_AuVpNyh0x2KzTNzcBV8CgVe7VuVAXJ8ToRXPc96YUQuxN4hvOybMRub_PwJ3rUm_v9IOOci3DLZcQZKRrFhNXvHvdbtkr3GOxKUrGxG&sa=X&ved=2ahUKEwiezfSgpaKNAxUHXWwGHW22B_QQk8gLegQIHhAB&ictx=1&stq=1&cs=0&lei=iTIkaN7kCIe6seMP7eyeoA8#ebo=2
tiv63nk,https://www.google.com/search?sca_esv=6478dd876990c732&sxsrf=AHTn8zpWDgZCtUeMf4d2CbTUKs8NnrELOA:1747202805560&q=skinnovation+skin+clinic+jabalpur+reviews&uds=ABqPDvynT4ZwSQ6c6O31Iz40MI5xlzw9IHZIRknT6m47BK9BOrZrUnjuMQmHDhek3a74J_G2avf-HaOP5w2ww_sfGseauUgz_Y7EAd_IHRuw1AJDiUc_6JlftAJ15Ckbo-m2k0apJIXS-InWH9j5kLzaZX61kbkVc7Oxc6e1RxUFBzurXuHHhNKRMEji7pyeh_d9uJshC9Ih_SWnCuyZbR96iszG2-rNpGWlrbmDFY5ea3wn6cCngjBwTg4toCr8xmwHFUpdiSZJDzqDMFB0chE9YOF3XQsbkj_OoNC2Lj95bqlTThzF5w-V6hVTApu1_t7UtQv_z47OU6beC3ljOFN6Tr4F0GlipviMLo7isCPDn-Ow9YSZ0ceCD8ECZ7WLiK37SPpZxNFen1UWv7sIeRHT1JI48VNnKg&si=APYL9bs7Hg2KMLB-4tSoTdxuOx8BdRvHbByC_AuVpNyh0x2KzW7by98yQfZ8IfHodzRPQLav1jjYViwxoLZlaUQVv4N03Zjr-CazNXNCyqGjQLTQnZ__bkezyBVq_0IbUBp8cxepub-Fjxq54tzpTROzDGBuRCPXMkvthvytbbu3P6hCiflVP0Y%3D&sa=X&ved=2ahUKEwjpzc3UpaKNAxUlS2cHHbOrDkAQk8gLegQIHRAB&ictx=1&stq=1&cs=0&lei=9TIkaKn_IaWWnesPs9e6gAQ#ebo=3
zgc41zx,https://www.google.com/search?sca_esv=6478dd876990c732&sxsrf=AHTn8zrU0_PS0yA6E2sygDRzD0CD1_wyMA:1747202933568&q=dr.+rupesh+sahu+mbbs+md+(skin)+kayakalp+skin+clinic+katni+reviews&uds=ABqPDvyaf41O_JrxdfPdZ0gVpVpZzc23ZtjRdgq2eQzjJaLDcA_2I2urxlkb3t4ry1Kjp4IL27dx4Ke3LliKMkOKl8wEXwIPTLP3V-LVznKHjBOJ32nAeoaF3PIqrjwJp8K2up2X5lxRofNV8DsKZORmLQ9sGo8mRakW8Xr10JH-2RUpEE1Av-cNvZBN7Mki5NtkdrFOTam61JyjMoGDYvb06wbwKF3Xjy3oS43RHjBfS4X7v5SdMZUYKqD2GyM4ntBgFwBkSHbEgPPKWSz_aDua23q38zYj5OtceScJJ6K-0IN4Q8Tq3kMG_IOVh1cJpXEzdFIW5GlA0iOKNFktd8g_pNOyB3TKnrdp6bxXld6bn4QlK7p4hRMoa5ctubsv0txm3VEWe_cEKEPEY-G-nc1SYQCBA8wtiYAhVChJ7wMZhVZ486bG3v_P75UZPrHHgWFVW6hYlXJF&si=APYL9bs7Hg2KMLB-4tSoTdxuOx8BdRvHbByC_AuVpNyh0x2KzXs55se-YFGcaZg3VwK27RjDuq9xnbl1lmpSfA0ZDRt5IJmB90Ev8UEs2buyY_eyFNgqRDeBCdoBALl6f9a4sFuI0EUXPnhRnxQ-k09hiPSZqj-Fhb3rNyC7WhuySpXuCOkKaA0wpKfL6TQFXpaK2Vo_j-Sz&sa=X&ved=2ahUKEwj_1dKRpqKNAxVoSmwGHWsoEPQQk8gLegQIHRAB&ictx=1&stq=1&cs=0&lei=dTMkaL_HIuiUseMP69DAoA8#ebo=3
qft89mg,https://www.google.com/search?sca_esv=6478dd876990c732&sxsrf=AHTn8zph2sS-Zyg6b2S68HxBTx2dHFjWYg:1747203057553&q=dr.+s+k+yadav+jabalpur+reviews&uds=ABqPDvwwkg-WdIUzd_8nFlzlnf-kSegAPcyEIb3fXrmOeDMiy5Dw9p1__NW5lLd4M3LHBWNeRrNsOtHInVaDExA4E9f6BWlvgg360GG9HG3cNTo6NF4WRVydeK-qE0by8Gkvxr7oQdcGkpmFm-ZFGQuH6Csq2cF5-Kb8SPWqi1azq1mJdofId83TM2jkmCnv-0O8tMZwcLcHCg9UgZ-p3ObJLW0naLhIRyjVx8HHhvN00camAhKqdMsPbxYZr7lc0pYK8rJEe103p3LaL2iBsEjXKNeMcjOoy19qSNzROpNdM6rfNKTMmDjaqImZmQ6OzNcbImmTSVVaPUFtQHGCvWXNBt8qo9UdPtvt4JEh-1s0D3F3UQxjWGU&si=APYL9bs7Hg2KMLB-4tSoTdxuOx8BdRvHbByC_AuVpNyh0x2KzQTc-VKjdxl8IAjXwwi7K7-zY42iIwR5R0Y4dddY3OoB8R_00y0DmNg646sdX3ovTv4SIXYjOaXLNZD6-UmOGCqC3x7ZwhA_q5skNI9QZUiXyc8UEg%3D%3D&sa=X&ved=2ahUKEwidg-LMpqKNAxUod2wGHSVEN1YQk8gLegQIHBAB&ictx=1&stq=1&cs=0&lei=8TMkaN3GIajuseMPpYjdsQU
hqh30zh,https://www.google.com/search?sca_esv=6478dd876990c732&sxsrf=AHTn8zr1t5EtO4Up2rbc_nNT6sysRiW5-w:1747203252493&q=radiance+skin+%26+artia+clinic+kolgawan+reviews&uds=ABqPDvz0JJX82zqoqK1GoMI0aIRfDCvF33h6ET8ymr769qFEscKnxZhkqG-gWN4OryTotYl8tOGQz3oz2GJotJwAGAb-0INLX2R_2GxuMatlQaISETTDaZ2okqViXDrDdkEanMFuUyzZqBaUAj33P3MNq7QEXVuVNz6q94iBX8cbmQkw1FhrParW8YDwjYcNeCsrvdTa4Tgg1Vd5CdEMXiwzrVEKwm7SIJZSwivTmJDrcetPujFZMNGZb9PphlmdP4Hu34JzFOiNrH108x9WTJgoKwc_cBjdSBIANBcn83yqOLiGh9dgHHG0OZl6qJl1qc588mrc-FBotaQMCXFEXBJLyXLdEmrLzzylZSEWNzg4WNbj-IRc5da8N4378EQQqdlAeMTZ6d5J47trdtcg-AwW0tvaZIB7P511qHvsvaImGauafjAtHZQ&si=APYL9bs7Hg2KMLB-4tSoTdxuOx8BdRvHbByC_AuVpNyh0x2KzaCc8DmavUQk7AI7i0KVQQOx6PIDOnTAb4j919LJ6bFxkm-SCNx_1qe-O06R48tFhGE4bJmJEx1Oss7eD77nVb9zXADABV_hTvwWVBBU-xcNjoMhuYRNBLNHtA44ezjR6t2-gks%3D&sa=X&ved=2ahUKEwjt9dupp6KNAxVUR2cHHad0A2UQk8gLegQIHhAB&ictx=1&biw=360&bih=697&dpr=2#ebo=1
btb69pa,https://www.google.com/search?sca_esv=6478dd876990c732&sxsrf=AHTn8zo2ATlpYZ4yLMBIv1iKFohxvrdpsw:1747203440910&q=dr.+anup+mishra+reviews&uds=ABqPDvzLAuN_z7omrOtiJVCtoPFmZdHDpRyNreGyHVQ5elRRA7dB-CeaDvRva6hymuqJ8dTGDrSXP9s31rSPEpTWNituNy1CieDxdrdklYYDAethwozEXV6lv0yuL727mh7nuVgRkxVT4wuElcOsu3lZ96BwrAxwgBjpomvJL65485mIXwarh24tVrwAUOvpU02V5mtc3vZeWX5-Cl2jVTLI-nH266DS77jGUxrOXQExmiOWtUSqWRC97ZcCwKiHPuh9qNKhrdDAGM68vGWcdMB1tunAqMpfjczJUB9JWnhu2H_X2wU2nZdmz5K-VrwkUXEg-fjb7iKeyX3fp6n82-fUrI7ln1ta0mcyyTOwYzpn_RS55pHPd253BKrTBnD2cO7LNY_WgPSE&si=APYL9bs7Hg2KMLB-4tSoTdxuOx8BdRvHbByC_AuVpNyh0x2KzXwa9-dJWs7rGI40ZlJLrFClwjXEa6RTXeJ2X6Ttp86gE8hR-hymycAB_VZOoWab-7PzOpmV8sWY6tTvIo8MQcICGIv9&sa=X&ved=2ahUKEwjHociDqKKNAxVNka8BHfxeFYAQk8gLegQIGhAB&ictx=1#ebo=1
djq36oo,"https://www.google.com/search?sca_esv=482345221402daf0&sxsrf=AHTn8zoKRyBep93JMCj89CMoTkcAio_VNQ:1747203607607&q=sonone+skin+center,+dr.anita+sonone+reviews&uds=ABqPDvw3j2teWAitbAZlQuAc48XyrmpmAHzl41rpHlPuh681EBioRzKKKiDpxvrlgfrp7WYNQCxDUJbM0gUOpy-cZzOilQvezvxdj4TMG4SveLyuXeym0ud_jH-DhEwNQXsHAWaoPlwgFvThJNVZs6wh7c2IOdi_Q0c-Swa2-Dsmq4EVYYVilQD6jyHPAJ9-CIjtZt9RQ1bdjcKEqvHlGaYEk5I95Qwgru6BH-yL2vw6tbZMDd7ZqltFcdJqCc2K_M8VuMDklMfU3Fiyg2Un69n_s1en5Lr3XxsyVfiO5VVTbuXNqfybDswWgMNhHeOH08MdlgSicuy1trZvrDjEo_FvdGHn3KxQ1W8GTz4BXMlLsYJY3bNsBKvjHJrUc4T1TvJU6ctij736TxVWrGjIwvrzrl5XFumaZ0InLWeO5ZcNxYQssJ_g90Kg6iu1uSb08xaOlt9aCsVCtdM_IOzjjxNuPDYkWkY7_Ou7VTxBj4m1IDDvzoVV473myF4Vj52o7iKalUH1dVG_4fWDoPEBg-v7Kex9kV38YpmULEgqP6oL-RGsqDqem8g&si=APYL9bs7Hg2KMLB-4tSoTdxuOx8BdRvHbByC_AuVpNyh0x2KzRg8WsJbaV7y57n2XasLjnApZFu_PFVq9Uq1SA3Rb-MfAKxrbo-T9zrIN58JvnGSO6lwgLKNG_8Ydiwkl7BTzTVhjpJ-bTGDvUkGuIwhruuC5ILI8fsAsAvK96U_-STvtavXcb8%3D&sa=X&ved=2ahUKEwjIyIbTqKKNAxVBkK8BHWMWKVAQk8gLegQIIBAB&ictx=1#ebo=4"
jmn66gl,https://www.google.com/search?client=ms-android-xiaomi-rvo2b&sca_esv=2666264f46ac7bd6&sxsrf=AHTn8zpEB23d0vuvT5bldb-_P-IC97O90w:1747203809636&q=skinoclock+indore+reviews&uds=ABqPDvy2oiqO6xZHcwsJo1yWq3paD40Yp09dhQfAYq68C1DhJXZWPrwjdMoTjy7CRk_n7VzRlKOmAY7QF2UJ0mntZMEHmaRyTpfzkjv1jeFuZeFXwhbMjRwLY1D3BpcyjFRlMHBypfMWqIaAtelaltksmUDKnrMfP3umiXUH6Wx7Ay0Ah72-On93lfAXrwL1B8UKpyTyu-qkgQJ8DDEs7YodYgjD1aGzTgOVClEyGljAJC8mS-rvlm7fg6a5EwgVAJkl7jzTKVCEsF5iIcFuL1YQAnKcQW81NLLm75tmGais30D4620bCfRXNijGjuS9tlm748NBsLqjR7QYLnbXa3xtXV112alDOm4ztVNrXZ-CkwOYLUGvLVyganNAOolixUE7Xy58UPS3&si=APYL9bs7Hg2KMLB-4tSoTdxuOx8BdRvHbByC_AuVpNyh0x2Kza30FoXOsUyXdJgL5fO6XL107lcRYsnIQBGgic62B1NFK8-wJkgcCdTZqsiuWeCgkiXoy9prYNT0nR8f-JiUnCvGKMTSIj6nZuDHEPpBop-keQrd5g%3D%3D&sa=X&ved=2ahUKEwiGwbGzqaKNAxX9QPUHHei8GN8Qk8gLegQIGhAB&ictx=1&biw=360&bih=697&dpr=2#ebo=1
spf19vq,https://www.google.com/search?sca_esv=f35c2738a467ab50&rlz=1C1CHZN_enIN1087IN1087&sxsrf=AE3TifOyi_MOv3Ucg04FFmW3b3Yrg8nLuQ:1748237663053&si=AMgyJEuzsz2NflaaWzrzdpjxXXRaJ2hfdMsbe_mSWso6src8swiHOuAdNPN1lwYcdCnpNJRY5qXedhYWjUudYqhjKJ3lZPqcK19-yZ5ir0-9QKDKL_s01L7RhctE9Skot98obNDJurnRhHmaNAm9rh9qJAKeneSmC4XLUU-Hgzctd0WbZvRmTd7pajrMx9iTSIigQ_IZ01-mhPR8xhVwWdT2-OCtdmlOPP2535NZ-NGHcAUnHvoVZYw%3D&q=Genesis+Cosmetology+%26+Hair+Transplant+Centre+%7C+Dermatologist+%26+Cosmetology+Centre+Indore+Reviews&sa=X&ved=2ahUKEwi0so7ntMCNAxW9zzgGHfb2N6gQ0bkNegQILxAE&biw=1600&bih=773&dpr=1
trj75hm,https://www.google.com/search?sca_esv=23e5dd8d03570428&biw=1272&bih=594&sxsrf=AHTn8zoNiSVVKx-kMCF_CMCfbaDI8fz_8Q:1747204040256&q=dr+rahul+patidar+reviews&uds=ABqPDvxO-_MrqVUTz5RREd2TXpoWDR29r_bCvn4c9UC6T12sQ1n6FMiHKIdWDNBqacCqMaXACeO0iS6xNyO4O2x97uAbtmN9yiz1FYZpXjt0icTSyR9GkpNUUE3jqqXnfb_3876MEEEX1azxlIRKzqYM98ZuiIMJZpRDhnWwV_Cn8vYz-Assj3HG_AvfVoqQbiY21PmAHI_V4x7QQf0xJs64BcNgxQdWN2Xr_MCm25ElJyYFumAbbwSHmIBeKNTu017VUE2A4upi093DAgmRwpRAeEIFQDZ96NM7gRuqhU4HYDugoSmkTRyB4GOE198uQrljayhn9shrw1s5O2RPRf9zU8Ywm4-EHwiT4Q13GMdI94GT7fuErLp6XbMovFvn6q0R47oD1k4I&si=APYL9bs7Hg2KMLB-4tSoTdxuOx8BdRvHbByC_AuVpNyh0x2KzbmNGkmhu04UI_DcjDbE2BSSBqHv15QHyGOAb1lK3AMoiZu9-JYckH3UpNwRjl0lq99Evkypy6UClyiUDxALE_OzW-I6FbEuA54NnzJtBxx0pBtKwQ%3D%3D&sa=X&ved=2ahUKEwiEvq2hqqKNAxWdma8BHX-8G2MQk8gLegQIHRAB&ictx=1&stq=1&cs=0&lei=yDckaIS6D52zvr0P__jumAY#ebo=2
xhm87lw,https://www.google.com/search?sca_esv=f35c2738a467ab50&rlz=1C1CHZN_enIN1087IN1087&sxsrf=AE3TifMTmtg2pVj0eNh_pNIluNyr7Em1Ag:1748237987501&si=AMgyJEtREmoPL4P1I5IDCfuA8gybfVI2d5Uj7QMwYCZHKDZ-E9tyAHnz1JxwMXcMaj757HeQ5RXtIfca9mkVITdzdqAP-swkspnavSG3ihlJl_6azgKjNSGudiJGYUKdi6X5PayRj-qNhvObjJq_wDOySU_9uQqxDw%3D%3D&q=Monaris+skin+and+Hair+Clinic+Reviews&sa=X&ved=2ahUKEwinj-mBtsCNAxXTzjgGHWyQESgQ0bkNegQIMhAE&biw=1600&bih=773&dpr=1
xgm27az,https://www.google.com/search?sca_esv=23e5dd8d03570428&biw=1272&bih=594&sxsrf=AHTn8zrQcFEqksr4ggDb9DeKw2lNeLpvKA:1747204248860&q=dr+radhika+patidar+reviews&uds=ABqPDvyDjvNEwKmCaeRXRFnJOT-xtgOQC6QG1ld7vvLSFjw82aA2wqhqJfBoJV_IB881BLQ9E-lEk7AtbMcZaSdnImA3Cs7G0TH2mZ9Q7VZKsCkgpGGbB-YWXnDB_xV1DH4vF8uWMmk6OwBsOutSqTqmDSD0QHzpddZDdCzmyXhJ6TZ5Fulh7Psk8ybGHSCySKTzth1m4uwjQZTW6WZqQF7KWV18pDbSdx66I9BjdjBvQU45OZCtav_fcPiUNVNlx58lZ4NVYbpeOWRpktTqNwrQ7bmbKzFCgn-ZIY4Q44blmKXFUsx4ehseqtNaKwv2TfohDrE8Y20XFez0qnX8KF0gB26I5nJL6Y7fiSQPlHZBT_X2_QAbLcEZuYRj528DQ6afKoDpRrSt69JbCSF0VAfG4m7Z-paQwKhR_P0pqOSnAhJlZCtA7c73ZDAhJFrRzkN_WcQ-kW6pcZ9BxG1Qz6i7a8t7_lhLcIbw3XWdhOn0mAqfF7Rs52loFg5OuPxvq8GW0rILdqe3lHppIBUsDpFkbVYaBLGBON5MQxG2DULBbuzFPK2VqoU6GP125XAo4D6euVh0Ix_P&si=APYL9bs7Hg2KMLB-4tSoTdxuOx8BdRvHbByC_AuVpNyh0x2KzfSnJoE9GT3uueNhKA2IEM6cTi1AmQYc-yXG5PcKGWJ1TXGfyiDZxjlhEvje16qI9RtOPgJ0gKoCzMduMpcwM5cZJ6Y0cQ4rVl-wl5Ql1tMw1tsXkw%3D%3D&sa=X&ved=2ahUKEwiJ1-mEq6KNAxWofGwGHQ7_HWoQk8gLegQIIhAB&ictx=1&stq=1&cs=0&lei=mDgkaImrNKj5seMPjv730AY#ebo=2
fve26ea,https://www.google.com/search?client=ms-android-oneplus-rvo3&sca_esv=072bf505c6b5844f&sxsrf=AHTn8zpiJF7uxNhDvOERm3LZV1a0x5IMHg:1747204330536&q=resq+derm+solutions+:+dr.+anushtha+tomar+%7C+best+dermatologist+in+indore+%7C+best+skin+specialist+%7C+best+skin+clinic+reviews&uds=ABqPDvya5Kzm-9QSQUq9NH4UPbURLt-IUUDTXctz2wqDJWkfA-hA4-_BA9Lx_BHLGOYPYFLPO704FCeC3xjVV-n-kQljJNaWMrFv24sYdxX7aASIs6NHvKH4UV134g9JG0OtFNfNaPdmABh4Ou9drp6_egbpKN8a7R8DnNR4bKcHuHsepNrk4hfB_CEROC9mRH4lYpfl5arVa4aY2OW3U8ffgrkWqPZzgfk-dNAyj0lscbuTfn8dG3XUzf2Vy6pB3xN1cYqLgYL1yE1rwU-9Y45CXMtK0pucINOpLaAggUtChuelQescRnXBkzsLzn_wJ4EtRKSwK5gNKBHunk6qntgWgpz6fB2lullTHLytl5DOIMjyCkl5F-l6pbt1Mzzez8Kebj_xa_CP_frXzRX8SUzDLgwB6sD-uqNvpbC_jXGBMslNQYeNoUcIip_PLKegzr-kmgJoAiOIcfouLd9dpjoOZO0c03Oq5cxYoZj-LL6c9PT0NC1E0dR4iAuMJczKV-YhBXemD2ybgl2wxkP3Pa3Z1rvIBjQ_v_iH-9ow66BS8QPLrSgpldHWPcYUz0DkphqIW5OiToG5&si=APYL9bs7Hg2KMLB-4tSoTdxuOx8BdRvHbByC_AuVpNyh0x2KzR5eG5o-xyVl_rLRHDuFOT_ha1IKoAQXIPLBqgSYtQdrzmtG8Et7tGUGzoXkikpMAkbhUzi2fsq1VQLdq6Bs_Kk_CyjgCIiP21xejVYw5Wbozkldz8IcSRaUv9Azk5TIvknBhyVLL-RSWFEfc6ZfNzYIEZHvBi2keoi7vLhzsasjUgaZy3-zoZYzGdp9zS9dajTfnB-DI_BffcaN8hlQsRarrjTTKUa3Mw4wQ-SefuYAdFBPTg%3D%3D&sa=X&ved=2ahUKEwiV2-Krq6KNAxVnSmwGHVyyAs8Qk8gLegQIIBAB&ictx=1&stq=1&cs=0&lei=6jgkaJW-IOeUseMP3OSK-Aw#ebo=1
ctw04hj,https://www.google.com/search?sca_esv=23e5dd8d03570428&cs=0&sxsrf=AE3TifPMOYycep4KJK5ymbpNWmg1tJd_1g:1750256697287&si=AMgyJEtREmoPL4P1I5IDCfuA8gybfVI2d5Uj7QMwYCZHKDZ-EzK_BTMT3q8QdjIxPNXOr5naMNby0CQn1LsGg8a3yeIy2RKEPwGBP20q916sux0D-D86CLv5Py--7GCjxzJ5XpKvC8hjmf57Cwr0Ld4TrhBYywZBbg%3D%3D&q=Porcelain-+Skin+Hair+Wellness+Reviews&sa=X&ved=2ahUKEwigmdSllvuNAxWXyDgGHcdyJ3MQ0bkNegQIJBAD&biw=1422&bih=650&dpr=1.35
klx72nu,"https://www.google.com/search?sca_esv=23e5dd8d03570428&biw=1280&bih=551&sxsrf=AHTn8zrUmg8JO2peEGmneJ1hxFsv8VHZ6Q:1747204581914&q=dr.+dhruv+mishra+mbbs+,+md(dermatology)+%7Cbest+dermatologist+in+arera+colony+bhopal+%7C+skin+doctor+%7C+hair+treatment+%7C+laser%7C%E2%81%A0+reviews&uds=ABqPDvy_PCYsYu6S85JiDZTqA4lKI3uwnV9rUE0OXiEmY3LMWVkp3_TaiyYe5pC4mQoEFMyQgwKMhvNs4vNemIS9ooAEAIqTPcPsyocrdNTC29zHTaoIIkLurQJ2r0JmmIL1M7fqozznO3-Ci-fZiPPf8DSpDXgQ_w8rCBO4mfcMTVN7qprPlLCDRMUfu3KZDcmdTXfIywBJZp6dCKpm1QkXukPVMqdClqn4qbfeLd83yY4NtCm5Fe-B1sR_UqXDcm4hDz1YZNw8FJGBONHPrX5wcgWIiI19AILOdGL8Q4-Wiq7jhcDMWBlGbJeCH5HKHXcOGNRKNQkY_pAMAlbgi0yPoM0ywcFb9R-Q9yPwvJO9GYZHFjJX4gP6stoir3UQzCii3fXytl5QZaX8xtteYEa3AkiZ_KupeQc0Vb1tBRssXcqIlh72iTrvp1XZOnPeVqbrCSc9YyNwooiMCgJQCuKcwCo-wJM1OGxl7eJGq9j_aSrEMUl0s2cfVX2kHJ-loVjRdj3vFw_MSkGDhlL05cc-nWP599UdYmY0QalIfBTzWanVFAo-SzZfE0sVsW1dVuyvZtggVHUzot66fxqCf76A0EAc0mNzMnmvimZmBOoDdtDk43n4oocw6rgCprkGJ1baz25Y1fPJ31tpWs02WTZqSpccEF0uIcV1Aimct5JJsDo-k-4UUNWbcESfOt2n9hX8B4R1Kz8LLP8NF6civOA7F02R2v4QAA&si=APYL9bs7Hg2KMLB-4tSoTdxuOx8BdRvHbByC_AuVpNyh0x2KzXpUvprQ9L-JQo_WAEXiZekbBuPmNgy0lNSOcUMyi0aqKnteG4s3h8KQ0Heo677_nUbysvwBJVB-RFA7XhQnqmUMFmXjh93PxskoiR8dQiz_r-TJ7-TceMuYjOv0pDpp9tfYqBEM0CdW8q8BTgxtgE9Zf9-wCWxTTp1NQDs0btQvK2IuLMt8IUWNTZ0MgF21toiVFXEnkB2JF3oheeDb0H-Kf0X_Kn9CjHXLRexaIvsn-brOTg%3D%3D&sa=X&ved=2ahUKEwjH09GjrKKNAxXtra8BHU9_OXcQk8gLegQIIxAB&ictx=1&stq=1&cs=0&lei=5TkkaIfNN-3bvr0Pz_7luQc#ebo=1"
pvx67mu,https://www.google.com/search?client=ms-android-xiaomi-rvo2b&sca_esv=2666264f46ac7bd6&sxsrf=AHTn8zogIlDHu6rg4_x0UEYqd43PspRjXQ:1747205298665&q=dr+utkarsh+shukla+dr+aastha+shukla+dermacure+%7C+dermatologist+bhopal+%7C+skin+doctor+%7C+best+lasers+%7C+prp+botox+%7C+hair+transplant+reviews&uds=ABqPDvwICSulDLiNyBt8RveRtTgBlyOtaY8AyH9fmh1gJciXuKABds-qhEEnJLsrOZ9UfjWIO7CZa8wilESTROAem0ePENNLPf3IBzUl22stK4WeZ-LjKUoXotmiuoOTP_vryFVLwxlCcunQUqBMtE5aaUKbp4454kr_k0LVGbK8RgUusFeMCGrSckLRhqkGWYBXxezZIk8v4g6PvNdGTiX1UsxwpxzXdhbxgbK5PS5rEIS2ohtkmkty-sggFfAR9TIHpes8yRRegy5IKxdfSh8XRWOatjXHr23AnHPntywHhJXbnVl-YmrN2nt5lvO4vQhuw8b3aI_yb4pGNyViUP9fP_WrMLMDho0rDEJJVgD-eR1WTj717SJkbFLPBLA8notjUHHDifK-GOqqxUW-q9Yt2acAhtdK6Bl9ZHKEeaFQjujoR8Oj7gZHUaEtBkcNuun5qAhLfel3460XSpNSEklLW0xEuTPzrjllMJWBa-guzbaz_9wSHWsC3fnLpTtTCuenUCMXrye2BjAjIyDzb6SOdEnDDCxSFg&si=APYL9bs7Hg2KMLB-4tSoTdxuOx8BdRvHbByC_AuVpNyh0x2KzaS5HoLs6chj3vFpUk_3s_UJmSkErtKeCkqpXER9R9cCxCpmYZXlRi-tAqfcvlByAQtWtL_oB_Imw1BqUfv_6UiOGyypAWWwY3o-5pxivZdGxQBlH5zo0fDm96Fw8E6op8txSopCZctbBc0YQsEFqJppkLMj0vxr19IQK34kEjZDOi7hR0pW_YapzEmXtg71riJO1OtpspWysdGvcBGCDzDkV3CdlsU_NzBMJL8fEEoGmCS6Gw%3D%3D&sa=X&ved=2ahUKEwiK0rT5rqKNAxXQXGwGHe7vOCQQk8gLegQIHxAB&ictx=1&biw=360&bih=697&dpr=2#ebo=1
bze30bn,https://www.google.com/search?client=ms-android-oneplus-rvo3&sca_esv=072bf505c6b5844f&sxsrf=AHTn8zpDyvu6zxJ8dDS-wLps5cd6XK_hzw:1747204744526&q=tanya+trivedi+reviews&uds=ABqPDvwefdiPXZpuXH-tqapfbJRFbNf_LQUqzQpXWdjpsWfQZzUr0QVLVJ51Y-zCJ3ixxxDenSJfi0S-AT1hNdH-sDE-EC2tFv7vXOoIXNKk7txwVtcPJ4hLFRNlvClaemuEPUUw90QyxdbY_JsaXigN2zab_Q8Z-EVJk9TtzAxZFYHNwFnxWHwNsj8ut1XT7Y2r0xbehIEKY-Afe82CEZ112RDmUi-i3h7_gXfL0aAsJYXlTiATEYcurrQ_Uad9oP1TSMZVlSTfCA3i9m_8slaNHtsgw2XF0Hdctmbac_sRdT3_oEJEZvJ1dJDV-tqqAmH-2Z88YLc4iIAEJjEGR82uiw8e-PipT4-BeUlj1Pro8izsiKcoILZxR8bvyVtTZUK-DU64QYuP&si=APYL9bs7Hg2KMLB-4tSoTdxuOx8BdRvHbByC_AuVpNyh0x2KzVVoO4N1vZ3RquMx27lE7Ste8z3gyBUndw_AX367SokTJiyTRr9Jzz1FOroHidQ4tCGLgQFkYF9q9hs7xyr7k-Dri8z2&sa=X&ved=2ahUKEwj73pbxrKKNAxVaS2wGHSSoEUgQk8gLegQIHhAB&ictx=1&stq=1&cs=0&lei=iDokaPv6H9qWseMPpNDGwAQ#ebo=1
zuk62qv,https://www.google.com/search?sca_esv=23e5dd8d03570428&biw=1280&bih=551&sxsrf=AHTn8zpcnBlvbhiunvzj__ytRp0mhDHVjw:1747204846285&q=dr+ekta+sahu+dermaplus/+best+skin+hair+specialist/+best+laser+center/+prp+botox+filler+reviews&uds=ABqPDvwjSo8lp0kyEcH8QA7tf7fkM3FZVb9mQtwxUo_PDFEPB6aQiNYxQ8koYZA1JCkTFlYfiNhY7yXi3Xn7oI9NYkhCG5sf54k_J61l5lboofaeD0gC-TlryWTPhlsK4ishzdQOXsrl3Hqv0Ab1IkpuNB9LqlK2ScV9z5uoMPoJUW9wwTGwK3SyIo6d8vCvUWCv7Vv0JGq0TESWyKHtcoh2HCt-jsoW4H11DKDq-5V-ZV6331IuaX8xdHc-rjbi2XKoE-qVUPnmbxkJSAuIx5xDefgwhOvvCXGsi6KeD1OkFUg4ILBo1vTbIcuPKrKPBmd9yWWe6F_OfAu6WEOZbpmNxCwKg57UO9LDdYSFMCSfkHCTZ4Do94g57lHnmdK6qgoohmITA3Zo-ZUzl5RB6CGgeiT9MLdFH_Xf6sQ2VXL8pB5OB6oIcvxfvjKoNmfAe7YDltCvdRrb0ffUheSWsUs7UGq0jUacBGUDwyKuAJfmoNsSlP_UZi45OjjQggoFXaxeR7Jv0Su3avakmPL85QUP1myMPwAz8ShFAulCbpvku8XmnqsIDD4&si=APYL9bs7Hg2KMLB-4tSoTdxuOx8BdRvHbByC_AuVpNyh0x2KzXIMUIIaAQQXgw4_Ym1IFpXu7U1Ei1H9TND2AniWDWSbrzZqbuLkj_9cfhtSAtZ0x-tEbRUt8hUPqpGV1_BacKiWY-04dpKfzR6gPA1gDoLF_y4tC7Bqve2F48tvITTDpQOmK2DeU2nMenTyBlnelvp48suTzSy4nAFQUB2EHMH1N6p4UvH9O1w4FUdlyFjBeCjsnj8%3D&sa=X&ved=2ahUKEwiSwdmhraKNAxUcRmwGHTuELcgQk8gLegQIHxAB&ictx=1&stq=1&cs=0&lei=7jokaJKSEZyMseMPu4i2wQw#ebo=1
fyh94xt,https://www.google.com/search?sca_esv=23e5dd8d03570428&sxsrf=AHTn8zqnPCkni7EbdmzlyJcDT-UADfX3XA:1747205395099&q=dr+samiksha+jalamkar+mavade+%7C+vihaan+skin+clinic+bhopal+reviews&uds=ABqPDvxTbpeeICSv-tdIjsNHA2iFm3cqayS2kc2sWm1f28MldNXf3t6KiQZSxy3hCjv5GLNtyCtgiY1RorRRnMmZd4JCXBAs7yTyGBmLI83suNuGqTlmw6vnzceOfbLuIGLMH686vqSxmtYk7TNy-R1xyJ-9mJvx615lPNuMNDumHELuOsq2mHOPZtLSGV9jofWCF1WqKlqzjjBphrsXaN2tvfA8zNK9qEPP14QCZvtPICNkfajx-z42qoGQYWhEqSg7AWna6JQpiGGaO-EyFF8hGaQx0RxWTDYtxth8Kd0ZvWXOuvvM0qxVtOLEZWC81x7lslcVqngJ5K6AQ9g3kak8ICYcjdpzeBGyGs6QL7QH23dcz4p61AuWtfY_TNaG5UOhN4jNvjKvuollfAdaD52aFsqKzMcAmg&si=APYL9bs7Hg2KMLB-4tSoTdxuOx8BdRvHbByC_AuVpNyh0x2KzTJ5rA_DfKqWpGRB1AQ2Yk_4fXAK_lQvQh6HK4UtIhysxYson9prWYrxdKKOik2daK9Cb-8yyRIbf13Zh3ICaLfr_XAwuqrBreLmghqzfD13hb8mqOPK5mNe-pI6ifEE5m2F3mWqfhA_STNNBMdubXjfDM-p&sa=X&ved=2ahUKEwjcwLKnr6KNAxVTR2wGHZzCAwkQk8gLegQIHBAB&ictx=1&stq=1&cs=1&lei=Ez0kaJzrBdOOseMPnIWPSA#ebo=2
dxu18xe,https://www.google.com/search?sca_esv=23e5dd8d03570428&biw=1280&bih=551&sxsrf=AHTn8zontIsKSh2Ag8e6KvKb_eEasAwpgw:1747205522754&q=dr.+akansha+bhargava%27s+skin+clinic+reviews&uds=ABqPDvxglH1m8Hi05E3K9bUotz_UX9QLFhSOVbXrnjURdNHtZ7qWUBYnni3Qyer0XAdKCylnzjmqzLxDsdFYVk4TDBAQiTLsX5xxDR6r-bYJvfeAZZBGJbqlJs8GbmBZgD0CbX7AKw16yWuZhRy1YV29rSsxZGVDPeNIY2Nh2mL7e6ryLJd952rsThwlLNQ2g3-P-vn5OOLPIQDxFTfjfbO-0BTOWGA6Fmeq9siHqMeJQuNQl967RTNSB77CKo-Aq2EXe6VdB9jhCY3-LCGTevupYH-3p0sG_Zdnh9LnvcOzz5I4IRAu99vDdYiDbs4hufEO1YUIHAqLqiyXMQfKcMYWSkGxs-uR8trlbDTUAL5Cb6oM0fSpRfVbH7m_WkrVJWQ50rBiuLfg_s9VZeYeGUZ6zofzAZKunXa47qe-og5n3C0vAdALApo&si=APYL9bs7Hg2KMLB-4tSoTdxuOx8BdRvHbByC_AuVpNyh0x2KzX9KGYMTbbOMndCKenDRHiDxnVtu-QTHM5-ZcuunBJXSkhTeXm5dpjW1ZaCcPnawu4QdXHOwXezAzt3_qLGtEp6j95StH8o2MJDiSirskHURLPPxeVxPeYrR-EMKzXiyhj1UBEo%3D&sa=X&ved=2ahUKEwjx6aHkr6KNAxU7cWwGHVcLGwQQk8gLegQIHBAB&ictx=1&stq=1&cs=0&lei=kj0kaPHYLbviseMP15bsIA#ebo=1
gec15ab,https://www.google.com/search?sca_esv=23e5dd8d03570428&biw=1280&bih=551&sxsrf=AHTn8zpeum1JXADjnaXhRtPLOJujWDOA7A:1747205599499&q=skins+derma+solutions+-+dr+charul+agrawal+%7C+dr+sagarika+agrawal+gwalior+reviews&uds=ABqPDvxkWUZDFN8_1QQNSqnrgYKwCFnSsSVih5MW5seb1RLydU2WkO_IEakLDKcLJXbD2WcCT1tGdmQLX4buzDiUeEb2bU1hRc039wQid0E8trsOEUBXqiQynJb7zQvwsL-rK1V3U4yvW2hwLs3EfkfRDhkfNtlTS4MBzdXkH-Kr246QvKKWHMOXqZ6xr7F_0ORpokRCwhp-Rg2qoav_v_dD0EBjWw-gwO6F2tQF66og_brXdJenhPHRA39aztN-ApXljwliW_n-MMO-HM5bPSlfCHZGODoM3-aX8RFNCIkRPk8GXmhYvEU_BCT-xByJe2J36faaYn8zCDJBb9b7sgAxLG_5RG64hBkr9_ireXq5sOLI6EasMLRX4exVHKF6lj54OcgW0W4_ADS4YxQHTdakwl1kbe2BbFobOevXpCY-lhB5R02KgEqdId-Pxc_yzaowvnE3s5z3Yyx-YOC1An5CWYf4ntq9UaRz3jkBy0sSKqm1XzmDCE_bNuD71njdwmeThZwgkU0PirCLr9n2pt7UcCGC47VjzkpPtHdYW14FTxkvp1WHyqhKolQqTeEIL9-OlugsM6dnouSNJ1BGLbZx1GAKm01Y5OesK4MJh0fFeSlYqU-oaqZdyAlm73e-9SWx7VRc2Wrl&si=APYL9bs7Hg2KMLB-4tSoTdxuOx8BdRvHbByC_AuVpNyh0x2KzRWcDTaPNei-XccQJNAUL0Rz6kPBolby0AegZaYCswLqKe8HkGGmlS7QnzG8UYPP0kRnxyZfxgnH7OrkXWEZZxLbDi0bCU-ShSk2sfvo-aE59iG2Gb-cgl6O3OJhoYYsyISvsiq7rHTYBiNNFpz-nPLZ4fnKo4msvhL57RcxFnlqWHYNdA%3D%3D&sa=X&ved=2ahUKEwivlO6IsKKNAxU_RmwGHTgALu4Qk8gLegQIIRAB&ictx=1&stq=1&cs=0&lei=3z0kaO-oHr-MseMPuIC48Q4#ebo=1
vkk64dt,https://www.google.com/search?sca_esv=23e5dd8d03570428&biw=1280&bih=551&sxsrf=AHTn8zqtiqj2QJ0voDYu-p5S5jwK4NMaeA:1747205683104&q=garg+clinic+ii+advanced+centre+for+eye+%26+skin+%26+child+care+gwalior+reviews&uds=ABqPDvwtYvc-wx7X6rR_ig7C_Irilqupw9rR0TsIIW14Q5wK4Tfot0QNXPBlOogLTZtKk_i3hiYo3YjT5NiAfNqHVhIDuTu9mUr9-Vth8ylOllqgUOVbfB4iSaQ8-EZli9Zu521mbUQMFXc697cSor04BY_9VqG_G5OW908YdwtGbnDjlj1ZIDrlbN1LP5qHm_W1WZjjxPiHnQj4o_7G-VarNhWvRYdR9X0mW1O3Y1Pkrts8sOOjNjF_NWffnTT6cabmHbfM3rc-BuS-kDhWptokPVvf92xcmBYU825ocfu3tOlHqmzS2dxDdRnRf_r5KVRIL2ROqWp6rv-s2tX8fU1XLOwnOzUdydWi4sATxRrvP9o57tCw1NTb1cekgwlWDfvDyrMQVF-x4-YbJAEHWs6xt4CdPP6RNHvzYm3RAFeQXtpiHfyIRPpys3cAbhR1wKRJO7bjuNdakZchGGpS10mKZIw7O2ZXBPo95BG_vyD2wQoC5uhuLp8ofJE6JnwDbClTtYdPWYN3TfaujadAMK9e-sgtrOStBTm3DXWsPUUKj6JpAEKCGD1TAsUoszInrQAaV35TLNMeJo31zkqcjfAtL9KZ4yC889wAjVMVdQzkGS_ZuoC7jDmPjuenlKvglbSTq1SQGofQ&si=APYL9bs7Hg2KMLB-4tSoTdxuOx8BdRvHbByC_AuVpNyh0x2KzTYaE6j-oPqajJsWNlCanviUj9_QIBuJwORWsFpkoyXOEO-NF3qYRdPjNlGi9Cbe-puz-8Uxjnbc9zWikCrNrOtxe3yMspN_6qUP2m52BEK9yWrG159Sx3sM7CcB_2Fcc-Zfqyn6_C83KufL6NwQ7kgMEThzAkTmbSgAL9GsGkxaRtHgUQ%3D%3D&sa=X&ved=2ahUKEwia-tywsKKNAxXNXmwGHePRFWYQk8gLegQIIRAB&ictx=1&stq=1&cs=0&lei=Mz4kaNqUBs29seMP46PXsAY#ebo=2
kmv71po,https://www.google.com/search?sca_esv=23e5dd8d03570428&biw=1280&bih=551&sxsrf=AHTn8zoPMkpKIVaeGXpvAp_b1X8iECkoZg:1747205791412&q=vedant+hospital+cosmetic+surgery+laser+and+maternity+hospital+reviews&uds=ABqPDvx6VCqqUMdtTcGFRXzPP4d5VqI1fCZrlbctdDvaGryySz6MVbx3iqJbR0wWT78j55kw6OjMPtLCwNG-SVMbxyCZvmdUwio35vLWc4rrgZ6QQnWJ7Kq09tLHRHpcr2BzTxiPiFWRkCMe6HISsxQWJx8GTfcuyKzADpipZe8yMhnim-xVTXokHL0R69nYCes1_M8NQfVkcPq2aKAy01Bpt25MT1ApPGY_kaF-9a65-_XWqoJsOZpADr83yrIvC_QNi2005j2yUUbnFff4o37uP21WnJPhLNmf5fqZDgkOAyI1mMonyJ6wnq4ODE4TsLG12uKwvRBS5P4iUzytfGu4gEQ5a3GKLKiTIdsd75CNJSy4a8KvXqIbyiwqyxu72yWwdxcVYe2W1hGTONffyHVauNzPdBuO02TS0R_0_T-iUesJNsacfzCup8OMKxPd9tPgFXXep2oYjy5DHXcQAMGia3sEYwZZa_8IzTPuN9R_STBLxiqWRvOvCYiT7MwmIiFNBCnGiWJVcFJmvIo--0PprkDsc6SqV5E27i9YnaRXr2xg5srzU5pThVVIifxWtiBPsyW3UWT9T5O5LVSpeuCdEm3mCtzcdQ&si=APYL9bs7Hg2KMLB-4tSoTdxuOx8BdRvHbByC_AuVpNyh0x2KzZWdlNVheA-W2cfw0mRinSDXVruM-FZskWd9iHzNzAzL-IGGdHr2FndRiXYI-yEfbAzO0qFCNpBtZif7wYq3nP-4BJypTqfcTD4M5EUjFXXsuQHdNMEowh7bVlLYNLBhbo_NsERdwrAJBPMTGEkEyBcl5Pb8&sa=X&ved=2ahUKEwicwq_ksKKNAxUNUGwGHdpxCT4Qk8gLegQIIhAB&ictx=1&stq=1&cs=0&lei=nz4kaNz2GI2gseMP2uOl8AM#ebo=1
gid70lw,https://www.google.com/search?client=ms-android-oneplus-rvo3&sca_esv=072bf505c6b5844f&sxsrf=AHTn8zqaM8mWxR0PGdUCJjGok-Fvs2noKw:1747206104517&q=drishti+skin+%26+child+clinic-+dr+neha+shukla%7C%7Cdermatologist+%26+cosmetologist+in+gwalior%7C%7C+reviews&uds=ABqPDvy1HfflC6EgJoreiIntWhpQd5zV1tuDuN2AoPb2f_s3ueOYlc78qU-7DItIRCXOBbkhFMOf4F1DVhCJoK0b9pvaghShCEpTQc-hGaytII8UQmaeoATN03kMeI-geH0FZDSAVmUnymmV0xLuflWEJILJ-VZPlo3EFG8RoB-kcnFnsTK5YGwna9jnqtJiBJV_7MsKb_OEm_giOuEFjOP30J3QXh5ScpOX3helpfQO_DAi88IlcjwmLPdzhHH87__bMFDDHEkAin6yN3o5iZ2azL0ZWPEig5iCapS-YKAQ_DPjByZ0jsa2tIEib3mDYrBOmt7bGTLFbZwICTM8LBnPYQofqnAoYSdIFonqx-OSclEr27hCSvLy_2gt7XRWfsnfEQAlDBO6wdUvI8vXmAvD8nMfO0_dKO6Qxqf_UPnwVa5MHZwwXyN92AZGUrvGtV0NAaQWU1rtVboCNkjjU1utRP19sC3MFGwuzPT0HfkKxGvOW-2f0D_7xeD6AGZVxSUPPYf3pR80oqbAoqDQE3NLiguc0ZZY1Q_l4CiuG-hZFWwHKct2dS0Nsrl_Pul_kHI0NL_EmuGI9fUOyCtkutwm6PrvEc_HzRxhUrxInE23zgFtJUV06nmZ_CgWrBa1kTrGSm-MY3g0n_sYACF_0tT-76G94-JrJfhM1bSl_qIRd2PUPNECakA&si=APYL9bs7Hg2KMLB-4tSoTdxuOx8BdRvHbByC_AuVpNyh0x2KzTeFmVGjDZal_mmZ6SJ92DRFaVx4-9YFTHZTBw7HrFHHfArLBEXQJUy4QAkUQ6IclGK9BbYgBUlcjE2mXz-GiSWI93aFbnzpcCJWA8zA1LVyATXeYBy5FbW39tUa7q-LaXK4rwU_-6rM24pcN0_GJxFjvtDIVxNn1BtX4kTwP286m39UOQ7P7BI5kbehKWLtsPvaTW8%3D&sa=X&ved=2ahUKEwi__dX5saKNAxXxdfUHHU5cEuoQk8gLegQIIhAB&ictx=1&stq=1&cs=0&lei=2D8kaL-xH_Hr1e8PzrjJ0A4#ebo=2
bof08bn,https://www.google.com/search?sca_esv=072bf505c6b5844f&hl=hi&gl=in&cs=0&sxsrf=AHTn8zqFGyGGycscVh25xEgsTRmGReOzRw:1747728234933&si=APYL9bs7Hg2KMLB-4tSoTdxuOx8BdRvHbByC_AuVpNyh0x2KzbbhT8oMX7yXrNBSPUorZ0XdttrrqdKVD7hBq4XyBCIgsloZxyRN-sp1gyFnJ_2qH7A2_QZ2KjXKgRoARKw7xRoEAt_9SDzI1wk76VxIPxSu1FLzBJg0nK2QGW5hpdej3ZrpFLRc9H6tYXvVuR_Ne3810A-w&q=%E0%A4%A1%E0%A5%89+%E0%A4%B8%E0%A4%82%E0%A4%A6%E0%A5%80%E0%A4%AA+%E0%A4%96%E0%A5%81%E0%A4%B0%E0%A5%88%E0%A4%AF%E0%A4%BE+%E0%A4%B8%E0%A4%AE%E0%A5%80%E0%A4%95%E0%A5%8D%E0%A4%B7%E0%A4%BE%E0%A4%8F%E0%A4%82&sa=X&ved=2ahUKEwinte2Ey7GNAxXS3TgGHWYzBkUQ0bkNegQIHBAD&cshid=1747728297320143&biw=1280&bih=618&dpr=1.25
hwr83fr,https://www.google.com/search?sca_esv=23e5dd8d03570428&sxsrf=AHTn8zo5-nOoEitvq6A7b1cZICLates0GA:1747206459838&q=dr.abhyuday+tiwari+reviews&uds=ABqPDvz-OtAby4tAUiLRIdSfx6NzWdC6LB7tFPNjZCjUKDQmuUAcZtZxaKOwo3wpVO1JW1oQ_IHwwtOnJiMg8JcSIJObwkgeu3HAe9N1rbWPC_0fFjIL7SGFo6xxOZDe861F-YDVLxwNWTq4qlZuAM61Hcc3eh-mRXd3f-Ftx2n8KpxZhVz3nA3ltOhcbyrRhBWKeF79LJCwWwRG9xeN2xy2IWh_XxuTLunLEaknVbsvWXLD3x1JqP9AzGF_zNUwA3qJTaGlAK1IPgveHyN9jL8Lv-5P2si6puRXu0ZfLK3yDUnx1utVfqevoGmklkCfXVSIICRRXqbwK3RjxHm0Gu4jbxoANA8dJiCpE3m_Km1P-sP8MwLEacZk8q7VWnFZ2i5TgvJkkzPrZYlXIkZasnbr5ApGGzg6wb-QVd3Ju9vzArEttAZMwW5zDXevj_GzL8lf24h84St2vLbxpTsyrVbZvYbbOcUoREVXvAzRLmPr_ta4xEuWAdERgFnmP_ylOqlpL7adKwAGXLr-mkH7IT-fECo8I96oOw&si=APYL9bs7Hg2KMLB-4tSoTdxuOx8BdRvHbByC_AuVpNyh0x2Kzd7f1Z44cMraP62Kf1ZCEH8_P4XrGq2heA_MPdV1Ta1hIWC9PDnFI9F6Eb3s7LB2PefJOpX-Ry1sPe-mvFJ2-IOx10LcRZWIxU_pr0wDHna79wZaig%3D%3D&sa=X&ved=2ahUKEwi2_Yyjs6KNAxUTia8BHZYuGIMQk8gLegQIIhAB&ictx=1&stq=1&cs=1&lei=O0EkaPbzMpOSvr0Plt3gmAg#ebo=1
zmo12rl,https://www.google.com/search?sca_esv=07eb3e101ba9f47f&rlz=1C1RXQR_enIN958IN959&sxsrf=AHTn8zqDgxk2E6AAmpvAzKSg9rW_OETjgw:1747206530089&q=dr.+ishita%27s+divine+skin+clinic+best+dermatologist+reviews&uds=ABqPDvz_H8NmBaMPMJW2hVW69r7NfItEfH9hI2UtsqKNsvoaoZ0fB485awYHlWJGoCWacbBUz_3YrI2lYmgtxNCfalHLYcNsMwG5w0vVpoeKx0l19iGtQGryLiLmam29L_iN4Zr7OquH4oJi2OJIq1hi-nm7YGNAEpCGozmV1X9OUDuMzli2jh7GQzZRSFVakjwfDXGzObgmFGmYckGCKXLL_TPOxIPwMTbee64u8SHZLfI-Y4ILpCdiR8qAdooo43vcZkzBDjdZM7eeb219bSw3mXpBM-0U22oipYPIsBVYBV5DK0ZdVHGZzuUmdS-rN2gNND8hzNYRB2BBbCYNH50vz0C26d1wP_j0JiJeUsQUVz9XBb2Tc9aak7JLFuYXVDdaZ1sMh4vkn8f5NjKz-tam8der3iGA5Jq0PLhZmexsyKdl-jzUpWAzStXGdfWrP9-HQLAKNIM_b0r9ChP3bzLJo5AJgn4wPRAwWBgVLvlHKWBUoMWiXs0f6Pvxm7-f2TkY-24OBUk-P-pwUtCTE_fQWyw20L5mKmAZbHXNGet3x04-CjroLmO9J0jIAFdPti_PMSkFbaUb&si=APYL9bs7Hg2KMLB-4tSoTdxuOx8BdRvHbByC_AuVpNyh0x2KzRUkIYklkx5lwL0j64Z06_pdBDG7gxKyqZ2fbRgIr78mSiH4xDUKBlQjhtRRvxniUSE0EF5odUvlNMjn4r-b2-46ykY7WuZB6XMSrzCivYkcCeelGBeuQsGmdOVbwkIv2F8xNGOSODdsxc1DkpNCVFBbsRo2&sa=X&ved=2ahUKEwj158zEs6KNAxWfla8BHU4yBugQk8gLegQIIRAB&ictx=1&stq=1&cs=0&lei=gkEkaPWeBZ-rvr0PzuSYwA4#ebo=1
xqv80kh,https://www.google.com/search?sca_esv=07eb3e101ba9f47f&rlz=1C1RXQR_enIN958IN959&sxsrf=AHTn8zqRRhIu8VZGzgeNppHdqxgwZqitKQ:1747206635416&q=dr.+k.+n.+saxena+reviews&uds=ABqPDvxO-_MrqVUTz5RREd2TXpoWpFfW_AdXcksTNN0evcBED6hBTpvhi9rkjijlS53pLcVlaVVRyaHbFmvuJBv6bTjzV9xyI3TAKk0pngPpxAnshuYcX5xdzO7Oqdybe4b8eaclW7ChADALjZSuSnBzaGo6nm9KjPBJpAE2TpizNCtKn7CjVSLyMKbJhJUoMU8SBowjtZLi2JWmxPl-1cwmv4w6Frs1dCVfJey57yDPyo7wWAuwWtXfngSIfq_rI1BT4AD3MEVlI2Bde1jNqbAeQ8tVRx9PKyYyBI8qZorfqpKPVb7QoRpqVosEKdtVK7mqEpmbglHzb_VDtLM6s3CtqMMg2Ur_srnP1y-fV4wmbOCl0SB6wHpdchHzrHpJKPjV_ytAuSKF&si=APYL9bs7Hg2KMLB-4tSoTdxuOx8BdRvHbByC_AuVpNyh0x2KzV3R_H0KFbVuL2GaYuBXqHWY0Vojavb4Rg3VqDRLVLyyVJe8JajlocHWxjwBmoirITyH33JHbaSRrF6OgzkLk1wx7LIDWh7GQn-l4-Py0t6ygN4bAg%3D%3D&sa=X&ved=2ahUKEwidvun2s6KNAxV9ma8BHXw6APgQk8gLegQIHxAB&ictx=1&biw=360&bih=697&dpr=2
kve60jz,https://www.google.com/search?sca_esv=0c5f1603e7a55361&rlz=1C1RXQR_enIN958IN959&sxsrf=AHTn8zoBwPdidot6hXr5Ga686hR2yJNuaw:1747206681671&q=dr.+snehal%27s+skin+clinic+reviews&uds=ABqPDvyUCZ9z_cpeJ1plF8lzZ-nGgWYTCahlj7Dt60kVrlmLfzojCuxuMX7TPifrd-gYphVozR9hJ9cnhfLuQXfC0K742egA5LsT67GkIVDsZP_KPRQACEy3U5446X_yQj83vj9QDAKf3R0ixa1UdSabHYVf11GYkkDA-5e2qT5Y-7EXkZRkLoLR5nytpEpTmuGih9yd7XE8Phcl4c717M4KHadVszmLaS2SqqDaICninS2HY61ROL1Iqd_hGkTWgoQaVtCrQqdkLaLfMa2STJI2ELhaUN10Cnln3dwuUjeDGkMP-PyT4s2QMeFXu_chxWmOPoETEWjc4VRE9AQYizaU2kuRo8SV2bjSMAP8Ifytfzy_NxhVghg0aHTcXW2d6dIjFA4d8OH-uYJcO2qS8KqSTh4uuNhpq9SQmPVyGebYpzajboou9whYOOKg02rAQKiKYDMsPTRwjDE1VtqNSXE4BuDsrIpVjzrCY2RYec8a5UGmv-eB2Oeej7AiXm1W0ynDKIU5eQnFmZ_WQYFYDPM1un4_sIQexsYf-JgLptDsRlm43zM4TRo&si=APYL9bs7Hg2KMLB-4tSoTdxuOx8BdRvHbByC_AuVpNyh0x2KzajN06B51NYf5OwFGkNkQchG-5v4xrog0KdBMZiJhrXtaeYpQHerZ65SeB2qzIj9oM94AunO9JD5IXPzUubdoCV6ILirkRb4dbNapdhAYu3UAtKUJA%3D%3D&sa=X&ved=2ahUKEwiFyvCMtKKNAxWQavUHHaIBNDUQk8gLegQIJhAB&ictx=1&stq=1&cs=0&lei=GUIkaMXZKJDV1e8PooPQqQM#ebo=1
zwb56dw,https://www.google.com/search?sca_esv=8bb619a2aead404d&rlz=1C1CHZN_enIN1087IN1087&sxsrf=AHTn8zpwRyCLJeM25bPuaF0Qr3COk8voSQ:1747730328159&si=APYL9bs7Hg2KMLB-4tSoTdxuOx8BdRvHbByC_AuVpNyh0x2KzTdVk1xVg4a9FMH3lVIaFwuUT3Fl8ssArHwZnWqVVd_-rAphYM8x8BiEoHoB-ngtQs-s1WtF6IzBShRaOVfvRCjULoJkeLV9ZzSS_0youn1Yo_miA3g2BjzfnqOyRe-y43T9Q77uguQEjIETjdx0IwOYa1r5Q727Plge8a8tAtS8sILNCy3Vv5_wDtPY4TGogVMi3PrYCJtQd9PtTsGumgPn9FqwFXi0dEFBm-mB2c4CkJteIQ%3D%3D&q=CosmiQ+Clinic+%28best+Laser+hair+reduction+in+agra%7C+Best+hair+loss+treatment+in+agra%7C+best+skin+care+treatment+in+agra%29+Reviews&sa=X&ved=2ahUKEwjw5v3q0rGNAxU-bvUHHZpyBnAQ0bkNegQIKxAD&biw=1280&bih=618&dpr=1.25
neg31jt,"https://www.google.com/search?sca_esv=0c5f1603e7a55361&rlz=1C1RXQR_enIN958IN959&sxsrf=AHTn8zq8jcAQQn3y3fqjOnvIUTHO1venlA:1747206952371&q=dr.+sanjeev+gupta,dr.+rekha+gupra,arjun+nagar+agra+reviews&uds=ABqPDvxwbkfKbq7fysxw9a16_eTT-StTkz_rHXOTZgLmApkS52ZLZ7CyWUOIpCdsJHWsqmj4pLK0dyzFgFrzzMSScHChXc7pgh05Itl_zazjLosrTmxZUIEv7TIE8pXhDX4QCnoGwn09MNE_VoQaX9W35JZCdG4jOm5yAkvUf7x70Trq9hXLeZ5VaPIFofccmpuNoHwqrwc2l6srYojOhG4Octts_jhnY0Isnmuubn6-fK5olALcLpn1OQrKNA5GZcK64azVaX72t1k2C9jakaWiCoMnGY0xwjQVBVeKSgO10y_w8pAGeu-pe01iY-X8dX0Ju4WyGGjdA9aRZL1Kgqtyh22obRNbTBNLX320SR5KnVEa5lmsy08IjupfNXN6WGIeZOwAhXTSm8By-QUi5loN46Ut8ojQxWMoo3sLUPgzbx3etbNhy7A&si=APYL9bs7Hg2KMLB-4tSoTdxuOx8BdRvHbByC_AuVpNyh0x2KzQpKLvOMhRQcu79pMkyFdrFoPQObfO4O-9Phxlowkkvil01hld5lJIba1wPpcYHSnPfV-7YpUMDNvrxbcs7B9SpoAdm9QqAfqs7NL1xMZktCUeOUaw0Kj8w2EObmcEcRNd2McQ4Jz-BRq-QauVGCkt9VQki8&sa=X&ved=2ahUKEwji7PqNtaKNAxX9VmwGHbN0B1sQk8gLegQIHhAB&ictx=1&stq=1&cs=0&lei=KEMkaOK4Fv2tseMPs-md2AU#ebo=2"
ffz85dx,"https://www.google.com/search?sca_esv=0c5f1603e7a55361&rlz=1C1RXQR_enIN958IN959&sxsrf=AHTn8zrc3mreZ2lhU-_fPQJumJbkgEiYZw:1747207031437&q=dr.+isha+singh+md,the+derma+clinic+reviews&uds=ABqPDvxglH1m8Hi05E3K9bUotz_UMDcMQ3cehMLY7464jOalyu9QXCFOD7gAiez2m3M65s6JCdZcjCPQl3DY5893Cv52CFAyS21Bj7WUcOXBeD6oN4hZ7tlHil1YOoUwBW2NvCMJgP8vwR14vvey3-2C6JBLHai4H_zshz6vWu6LNfNLQQvk0GrkyqSGLGgeMT-JgKrNhlfqR8JF4tnqvhEXjvc04zrDJdKROP3GxFlaf6eulXzeKP1vbvgva8613x8kuzG9_PStJNlZGxw-C8dyFy-Zo1E3DkKjSUtIg5AoARsCdPrv8yanCkCRXTFCgX0tuv-rnKdXJpA4IpcgJhvYPDQYbecTaXoVwsSPjZjnehVBfRZXid2lDMjSoh4lU3jhu0CatxMC490Eaym3HwFb7yGRKIP3ajjvw2sK4FPOZnX72K0tXPQ&si=APYL9bs7Hg2KMLB-4tSoTdxuOx8BdRvHbByC_AuVpNyh0x2KzZ4YTrkrWlDpVFhZFBm_WFjepz6-7PfzuLejhFlQ-k24f-G3YWKYL6woABk29mJkzMVwMjmPcAVOsno2wcvGC-5ABHkYxLaWAy3uY_fCkqfVhKaPRFq021vB-7a783fxYR7f5N8%3D&sa=X&ved=2ahUKEwiX2tSztaKNAxV-SGcHHSsGIBgQk8gLegQIIRAB&ictx=1&stq=1&cs=0&lei=d0MkaNfCGv6QnesPq4yAwQE#ebo=1"
sam69uk,https://www.google.com/search?sca_esv=0c5f1603e7a55361&rlz=1C1RXQR_enIN958IN959&sxsrf=AHTn8zrYlHeUrzCTS4ZKSUbtkHSu68G3VQ:1747207092667&q=mittal+skin+and+aesthetic+clinic+reviews&uds=ABqPDvyUCZ9z_cpeJ1plF8lzZ-nGzfhfYqsQtVQcowO50EjD9RZbQjODkZZFGAfWlnBWWvmzHGT_emikwI3x8U7NVBWAn9lcS_tsNHFKMAlrXW9Ou2YFue_l3DeFkgHdCq7yGiv-YUL8tK83wlH05xT7LCnW7Yyt2tJWNPMtWU2brFkdLoqrCU97rz0TMhAUG5bWET-pXKj8-OfI6kdF0VltIXt1qEm9fui1PRJR3GYgnDcyczhggH2SbqKdgXmlryX4NKusqIRnVTEv5Konlwg_qrAJRoydAFputwk7fSmteuMeDtSc6o1d0MvyI00fUsG1EdJsTp7iFlQtOruONTLCccFqQ91Ge4dzmtkfQoxT8H1tORTkEypSaWZVSFW7qvlJSQ4wzJ-JzLlxixds6ZPRG2lkkH3O8iBVUFXHDtqQp7uLwFIH8I8Y7x5sdTrLuHHllB4yrj9akZrJcrmm3zvrumoSBIl0aVwcwhAJqm9abeNaMP3YxjUo2_DZSaIldvWvb_4C6X3PgmgPsjkIMJF6puzZC5qcvKEGGZ5PJiDQ8t2Q6xUGdQw&si=APYL9bs7Hg2KMLB-4tSoTdxuOx8BdRvHbByC_AuVpNyh0x2KzWrVivT0cesN1vUcgI9rho0lemyxI09r_lyQEVh47251ghg0uJBHIPv09ZyqKmH-ewvw9GdI09UNX1QshPskb_C-kErB8DHDk-E1XMFZtjhkPdMegWpd9AjRniCrnXxifdWq58Q%3D&sa=X&ved=2ahUKEwir8e3QtaKNAxVqXWwGHStyC2IQk8gLegQIIRAB&ictx=1&stq=1&cs=0&lei=tEMkaKvHKOq6seMPq-StkAY#ebo=2
vak69ie,https://www.google.com/search?sca_esv=0c5f1603e7a55361&rlz=1C1RXQR_enIN958IN959&cs=0&sxsrf=AHTn8zp9p-6bVKkuVlUFiyJaLhs0CeL_Pw:1747731222956&si=APYL9bs7Hg2KMLB-4tSoTdxuOx8BdRvHbByC_AuVpNyh0x2Kzdlo90je7JYFmmRyDYR6QgIvGrEQLj7gvPwHYS4xAnWqvu9Lp9-e3xR-r7ZVEvzkSzfYDWmk7jc6PuCGYHfuQqfoE9TalrWWw-7C8cxEWehykpRhugfuWt81Acj8pC6Jf_UOhe0%3D&q=Dr.+Meghna+Gupta+Skin+and+Hair+specialist+Reviews&sa=X&ved=2ahUKEwig89OV1rGNAxUGcvUHHaTaK0gQ0bkNegQIKRAD&biw=1280&bih=618&dpr=1.25
mlg27ak,https://www.google.com/search?rlz=1C1RXQR_enIN958IN959&sca_esv=0c5f1603e7a55361&sxsrf=AHTn8zo7sd-dasHQLH2PHuckSnC28RuhkQ:1747207381368&q=meha%E2%80%99s+skin+and+hair+clinic+ghaziabad+reviews&uds=ABqPDvwvtWsbXSDoWH5Dkj-vWfZRtu6pybLyzr0T7p8b1AwdqUORspbqpfD2TN5Kxbn_NurHw5PJfiLkz7195l-OS8igG5ViFCytbF-1gimDk8AlsPRztR1Nvxjn5zmtFdLPo7YBM04CgbdG4lO7isol59s-B-JWAuHLU5luIg3IWdAt4nhNTMLnHijM9Xs2DsmaFgNDHik34CRXnCBD5ywZ6Xqzg7tuc2v3IFDqQus3eMT5vBiuQ3JcEx6ocXizZ1eN42ldJY65kPhNgipsRwqALD83k5FmGb64glwHOq2_Rijuqdpn-Jc44QRnoWydBvsifdzHMzQ0-PRyn_zmsGFm2y6-gmTKJtbTeFxuFzZLUui18zJ1qjM4SyZdxAdyLzzimDR3tHjJPa1k6UiZH3K40f1DH-tJG9TS9tnrnwBMaagmcmuz4CE&si=APYL9bs7Hg2KMLB-4tSoTdxuOx8BdRvHbByC_AuVpNyh0x2KzcYXB-lW5n5VLe_Www6oIrfdnX8ju_sCTg01anPwayo2wu4Q7rQNo-3On7ZZQkNd_ZjvhEbBtTL6A5hHI3IhlTIura3zjNq-p3WI4HmmxHrFwB3F192fkUnXENe5NUiTwiY5tcQ%3D&sa=X&ved=2ahUKEwi_28LatqKNAxWfXGwGHWRfEVMQk8gLegQIHRAB&ictx=1&stq=1&cs=0&lei=2EQkaIzhOIiXseMPvPWtmQo#lpg=cid:CgIgAQ%3D%3D&ebo=3
dfb40zz,"https://www.google.com/search?sca_esv=0c5f1603e7a55361&rlz=1C1RXQR_enIN958IN959&biw=1366&bih=599&sxsrf=AHTn8zrDVMQbu56LrpkJtGH1IWd43jHH1w:1747207468408&q=dr+bhavuk+mittal+m.b.b.s.,+m.d.(+skin)+,best+skin+%26+hair+doctor,+patel+nagar+first,+opposite+old+bus+stand,ghaziabad+reviews&uds=ABqPDvxbKMuZOtKOhIKg9Q2fHZWP6q5ztm7N2ZECoxgIHvi9D3JvDU9YTfRJKr_hskLSy3_tblOpofiGddeEVKt9L9LaKtzMRBpCsSnlGT379m00w9yJrjn3aelaWinL-J7fzK9EpGIhU4qId4l-ngi1BDyV275oUnP0S57jZzg9rbTCbGSuVJx6ZYbk7ZfXwzzGc1qLgVVu363ohAdOoOkdXswOSIvpPnfdkWe6_QK2aPc5Osd1WszLoeNi3zyXIIpM6rKsYaO8e3wfUcr6XFdaHJGT1t8uBWUO6okXZcnyMjS_TN2XTt3S-y2LVt6xYjMv-JLLXdCIUl9Y9tUQCJ39HkVYSfYBy1ZYlvimM-GS3-0e1Y_gWh43AJJyH1D2MOGCNbW4WhXnf_LVkSuckftPOF1hhMIl8LH1-kTElt6aiDE7Lyq_G0BZfmI96jbDGDrPhH02dwyRqw4F3m-QDHjEZ-RgUEg6bl5DObIIGY4VuamZyptGXQi8PnBXqzrO29Ym_2I6MnjkV1y_8ltA0u9UxUHZ-mxzC9ZoVzIAthhte8yVIHVoixMouKiGN2NiPh3yLfjA_fnnnzuk7_pKj7VhRPsuH6xHJQ&si=APYL9bs7Hg2KMLB-4tSoTdxuOx8BdRvHbByC_AuVpNyh0x2KzVaCvK2AirtmjGB6werURMR_siPiITg3lU9zfSg9xb6HQJ5xA7XV1N8yECgSR4TJlEjMpQgDrbneCcjd212kYlb87f7ZJ4iv9inRdNJxTZrSv0lxAdA5_yrqUWOh0qcR7_Absgp7aOzIkLJe7drfJ-IakcBwOxMLycLP9T3T8AbsCA06LPTDpfNb-ZWUpOZcGWt_0tW_6Quws3m3h9gymWxJJCg70Vi58tyQOTc-Sz-ok_LYug%3D%3D&sa=X&ved=2ahUKEwi1n4OEt6KNAxU2R2wGHeq3DjsQk8gLegQIIRAB&ictx=1&stq=1&cs=0&lei=LEUkaLXZGLaOseMP6u-62AM#ebo=1"
pnk71ha,https://www.google.com/search?sca_esv=0c5f1603e7a55361&rlz=1C1RXQR_enIN958IN959&biw=1366&bih=599&sxsrf=AHTn8zoAdxGMkPsAVgqU0Exkc4n-W1fgtg:1747207601670&q=dr.+tara+chandra+reviews&uds=ABqPDvxO-_MrqVUTz5RREd2TXpoWPkvylMCybRgADbWLto7FXczUzs3A4QJ6S_3kW93oZRjd4RtAXBxrKDvWJPcRetOWHmLvigFay8uNhhdinhGtKqG42WbICdWh0yw-im0xICR7GQ6lT-VHY96wr5GIhga3qXDlW3gNdNrQnUKmd3EDc12hj7eb2V55YPSHgGcbVBf7VoiksEu9JBeCYTbCqSb0FDkdWrWeNqmaR-kJmGhW--TeIo0sKJErz1QYZsVijRG7eT4fpmm6vK5az1elxDioE2HfAQwdEcpzlNsOTaHhu_b16HQBiDdank02LMM1FBFa8MrGfjNNMW4BMfp79xRmoyg6LrsI8kwr0YiOs2MpIixA2Rx6tHpRo-D6d1VPySlxCyuj&si=APYL9bs7Hg2KMLB-4tSoTdxuOx8BdRvHbByC_AuVpNyh0x2Kzc0ZfW7xMKmJnBWsk3GSbbXMCe9IReyxjqh-IS5aYiCAQ5dcji4gGp7AxbIeQQRIAREd01iBHkoKwpr4SF8RLF84Ql3hcOLrt6iqt02OTuXDX-MUvg%3D%3D&sa=X&ved=2ahUKEwie_sjDt6KNAxV6UGwGHY26OI4Qk8gLegQIIRAB&ictx=1&stq=1&cs=0&lei=sUUkaN7hKPqgseMPjfXi8Qg#ebo=1
pgq01fw,https://www.google.com/search?sca_esv=0c5f1603e7a55361&rlz=1C1RXQR_enIN958IN959&biw=1366&bih=599&sxsrf=AHTn8zpwhJpPzqfFqEKLyh_D7PM-eMKT6A:1747207675938&q=dr+sakshi+garg+reviews&uds=ABqPDvz5KUAp6-HDZPW9aMGJ1EfAZvqATL5f3-CUDf0aPCgnB8RusjWSDCXNcGAy0-Opx1JICkUUSX6IK_FZ5ZOMFHgn1p8xy3W7qHqyHhUJ04vEhi99Zdh68OCPwMJkY0WsWBMMA-MD43eZ2KMkw2z48EsEpPIBMh6clsP5XyeqZqJGzD50AUOth-TOwBjWY_9F955CdgRJ0qehCRQ3s4oMoAwWuNdyL7t2GRv-NxjxgCYG3jPkxfvS1pjHsemjm8xqjU9WUMAC1gtMDswB3sfEgjtWs2DchUueOj6JfopOgiXG8tagXJrrRuNn-1jKqzWQjGPKgt2lJt0obYlSvQT12kMnHt8zZg&si=APYL9bs7Hg2KMLB-4tSoTdxuOx8BdRvHbByC_AuVpNyh0x2KzXfuokztZ0Sog6bcBkkBgzoCoOp-xuheQBul8vfOTZ0yzx2mC2PJ7VJAsMQrADAP07R4l0s_o3wJJZBdQ4iZCY_4XecE&sa=X&ved=2ahUKEwiC8_3mt6KNAxXZSGwGHdZ0MsgQk8gLegQIHRAB&ictx=1&stq=1&cs=0&lei=-0UkaMKJOdmRseMP1unJwQw#ebo=1
phb61uc,https://www.google.com/search?sca_esv=0c5f1603e7a55361&rlz=1C1RXQR_enIN958IN959&biw=1366&bih=599&sxsrf=AHTn8zoKU6sZtqc6bS5f0MMGFYpH77JGWw:1747207755592&q=dr+pradeep+kumar+skin+clinic+reviews&uds=ABqPDvxTMF51tpmiH324jRRbuUvCa4SeM13lOs11--o3duo3eMCoVFbD_C-uGdcbWdfuKNhbJTX437jgiPR85rvtmlJ37LC9-EcFhuUv0I4UQ4NcFScKNv9VIJJUs1fJ-vcj_Wscz3CWH2s1-gq7IsInMOkiBe1TvJ0dIR9Xt9kIiJoQR2Vy4xO1IaDQUoTo3870a-TndsuPo-zGqKuM-mYYkUWK5m1451XULXB2eyUTfYNiMC4MFZKWtlcswmuD-mdY9k6gV0Su1Jiz19zHH6hu5WZU5cKA0gXF5unggYjitm178Rk15Bzu3NZwC2C3083joPBqeOVe8Slea-hvVqh__QYJ2g7ejN8p59de6NG3_naB_NnT8G8xFCf_8NbriiP5ApbHFjlP8dkH-CQ_RtE00eVJJDrx5Q&si=APYL9bs7Hg2KMLB-4tSoTdxuOx8BdRvHbByC_AuVpNyh0x2Kzf6uL0G2SoKrwGDY3-HAsQvuWgTQkHGSSHB48Vei-kblAzRaKKWUsSvIwUO7bZpCP-P6vXtFm0NVuUHo5x_5VbV4GhR6thVz-vaFQM8Z0C9CUpEyYQ%3D%3D&sa=X&ved=2ahUKEwjDy_uMuKKNAxUkV2wGHewPC7wQk8gLegQIIBAB&ictx=1&stq=1&cs=0&lei=S0YkaIP6I6SuseMP7J-s4As#ebo=2
qqr42md,https://www.google.com/search?sca_esv=0c5f1603e7a55361&rlz=1C1RXQR_enIN958IN959&sxsrf=AHTn8zq8U2Bjcdj3CpT-ClIYaLRmFoWy5g:1747207858231&q=dr.+wadhwa%27+s+skin+clinic+noida+reviews&uds=ABqPDvzqvbHGU0rg66bC0fGF7ASd-Kqf3j9KeJbKHXF2ogj63F6CsiaChlEIwe04Hwp4QFiWMEeWOrlEAfQO6AMxpR84_XaJZ2JDpkjhTSC1pJ64y6KMeZrwIiPMp6W8-OnDabONZIL4YgpaYWZxeSCzPAeqYfkK5v_Md7J77RQ5H7_7VvGS8MIB8To42xlL5LvOrGTUrJw0jh_H0L2OdtxqrOHAJ7M3pivHIJrGXfhKtXoL9V_xr-03kw0JgYMAS7CVhSFR8qHE85WyyXN83fZM5_bNw26j-ecV-SsdmPeKEQSiuRzidLOtgnHU-HszItS4nR70xZOjahsbKTKRMTvxXfx2pQVbAEsK86sz-AvJQ-fXelhDs3DHFrBBeP9CUbdUU7tDNVbJb1PGvy9fA4MtEMz_W-HbEbNGGXBu1QmF-tL8C4EtIPKKUSF3IWYmEOnWH7JP2Bgx3ES59IcY5WyR-uSKk73KT8H-CHtF0cwQeO_3YwIlaDeHc-4AJxZJ0YXbkE2xYnilmUvHIvdm6WAmGP1zwN9PwhdBbQFMPIsYTN2FUf3zGOY&si=APYL9bs7Hg2KMLB-4tSoTdxuOx8BdRvHbByC_AuVpNyh0x2KzSs1_XfKmXpn8mtN9qh76AVFXYogf-cwV1gNyp80NnCN54bBhEhIxh9fVgCZ28dsNpojcart-0tVq0Lr-V5nVMDi71sPNP0dkgIKVRDePzn5go54Rw%3D%3D&sa=X&ved=2ahUKEwiGkvS9uKKNAxXSUGwGHUV4PZcQk8gLegQIIRAB&ictx=1&biw=360&bih=697&dpr=2#ebo=1
loz51gr,https://www.google.com/search?sca_esv=0c5f1603e7a55361&rlz=1C1RXQR_enIN958IN959&biw=1366&bih=599&sxsrf=AHTn8zqv5QNDMmVaBqq3-cfGxS7FjtQdjw:1747207955535&q=dr.sameeksha+chand+malhotra+reviews&uds=ABqPDvz-EdCm5-Ptz3WuM0XYlzAg7V5jbFOGLRJA-n18yt862Yu0IVv4scfTNpu9wakcsORkR0Rpy2o4g3nWI8Dvus2sxsrp0E8LncX5Kzytj6CNC-4RgngN4R0_t_mVY_GroTJiXRZyIXIWMw5rVIsnc4kCpRu_-rr2bHpwmmGGKXNW-oUxqMMNn-Xlk_n-op0dwyNnO_lqZWUhzIH84muXv2o6-ImPjqcR24eBEDx0U6xrZg44a8NRAy_rJL_oH3wWM4gsn9k35abc1DxAXLtvO26ksTbDaIpZZ4YB2V6Ft_yGwh0iHO_07qlkbkvPdlptAYBNFoz6sVImvyGcKrhG9NJOXt3rsFfVuE2MM_Etk2jfkjWEDNUqJJ7tqHHqwCqkskkh80inaHlRwHcENxfGT01LaR0Y7hrmH5ZNsoI6aQTdws0LL6z6jeYVRlV6b71v6fpaYxhxLwNwhhMHIjSNruGbqPpKUTebrAR0m9caO_EHy7gTLL8&si=APYL9bs7Hg2KMLB-4tSoTdxuOx8BdRvHbByC_AuVpNyh0x2Kzc9YAysB7UyaT6SmJw3ZvZpOhTs9nndZZ3C9usCkn6E9ENfoT1_bfjkKvelAYO5EOyoVGZcjQ0HkhRAPHitKMcQaV-qv1dPjAzJ4IFynp5mMiQx9LQ%3D%3D&sa=X&ved=2ahUKEwjzi6fsuKKNAxUxRmwGHUWsIjMQk8gLegQIIRAB&ictx=1&stq=1&cs=0&lei=E0ckaLO2ILGMseMPxdiKmQM#ebo=1
noe90ug,"https://www.google.com/search?sca_esv=0c5f1603e7a55361&rlz=1C1RXQR_enIN958IN959&biw=1366&bih=599&sxsrf=AHTn8zqHA3IDupcN8BE9LsmilFxMb5706A:1747208125181&q=elixir,+speciality+clinic+reviews&uds=ABqPDvznwVmRZ6Uexi1wTBQKkDRohLtZnhIXBbMBJGruUjvLM_Fm50iaQAYT2Vqooc1LrWf6hlYjYr5vVSRGg7MRWpVwnE-nfS0tlljcIKMKQpXa14WMUeWVj_I0Yn5SZF5LslpUKK6teFLjF0b9B4j618CgtbxvpkucIFOksx2ZitTdxjzj3jX3pY2QCJOEm8c8rfDcO1ESefQEuv_C5WZLSmcFMk200Qxnmt91H5iqOZibG-GlCfh1vrSZxNkz_vq1UPPoPnsT5JaMDRdfk6D1PQOmI2eYe65yJRGskgD3WITiYyDZ63f7ZxmnoK0iUvjDlpAIWIkLfhuocDuyFDklFO0Z8Flz0qHs5wnDHVzrLL7T1LnO-yxnRj1XBNPZLAY2PD7mKLyzaXOh4rj1DMhUxYqHg7L47_-clsUjr5s8liT9umkTlkzE0YOO0q4gGRpkMiqKdefJnxa9AhPyzHktCy7U9p1SgMODLP0pFudszeSt2S3X_kGZNg5G3Dk47Yjtl5W8RYBIIOo1mYT2zZsFUtnk0iLk2NchxeuxRuk8qDQuuePtxuo&si=APYL9bs7Hg2KMLB-4tSoTdxuOx8BdRvHbByC_AuVpNyh0x2KzUNiCXrBUdwxO5-1Br8ulUp4-D_-uIb6Rn6-J317eLOTJ2HsL_TplHGZKaIPtITCGqZWb2O_XJrMlVqSnEOOk00DtW9mOzyDtEH2IjMtkG96X9WFdw%3D%3D&sa=X&ved=2ahUKEwixsZm9uaKNAxUrR2wGHW9IKT8Qk8gLegQIJRAB&ictx=1&stq=1&cs=0&lei=vUckaPHeCquOseMP75Cl-QM#ebo=1"
sjy91ga,https://www.google.com/search?sca_esv=0c5f1603e7a55361&rlz=1C1RXQR_enIN958IN959&biw=1366&bih=599&sxsrf=AHTn8zqIOJgAGVkeQD5rp5XFat-CoMPYjg:1747208219040&q=grace+clinic+-+best+skin+specialist+doctor+in+dehradun+%7C+best+pediatrician+doctor+in+dehradun+reviews&uds=ABqPDvys01hMJXss3Rerj0zKHHdSXM9gI6RmFCLh7rqP5bc62418ibuNPIFd4tsMkk2jlT0pK-IEQdBOQgNqCeCr-qIzp_G9mX__ESJFu_2vqMSCA7NG0CxcYt2e5GpXllmN-N2kHldXBfuJoq7AYI4r358D5GhxxC4pv2BuSUmWfF-5rVy5PvELbnxU4sqDbd6FH67bzYdrMP1H9ucUkqyHoz_EULM2pAD9D6VoLWZlDLe93wDG_WY_1-uhuKIizJwFsS10VgLqplAGJeHTPJv0X7klW0dAQdSWgBn5XJpFk6o-Ibk5RUQW8M_uSuMV5JOPcaD6RjesLphSLsId1PvZHWcSrZzdAu06GaHRab_3ppTcKPI--URm1ZHgpRHyMMxnRqguOy-HficR1-0q0rLjJokvSebDXvbJY4-7urjOFkikv9s7rNj57Ha2O87uA7OeP7nGhgxLzd_07PF5xfwRLUmEj-M0iDjN8isAjUTAQL4_ZzUBQgCV9kUewdXOHANL-fJlf1Au4l69KZ6dB1t0OD9eflNVpjld3zPxnWBlsKGkJYl0pUI-EDW5C5xQsehippi2dEmE2vr51Y-muuXosiCbWt8dQWXwu0oxBx58Lmqc2dUqsNDytVo6lae8F084b0Xz_gytY3fILk4uskHrwEgtYm8ZSA&si=APYL9bs7Hg2KMLB-4tSoTdxuOx8BdRvHbByC_AuVpNyh0x2KzXc0vaS6YYlGMFK_TldJyQZ3UDX0sxitdIe-BVqhew_jzK350ljh0GkACsbYii-BejZzIe5d87VO-M8TCIkQOLPCz3qcQkB7Gpv-qKTJlTeCpXKq1OBUeDJwT3ya0ZrGJRL5hEcVH7oWm8bLZKzNFlJgIwrGIT31CrxYLK7_7o_w4jCWEK6lS_RuOlNxSYuyufASNRE%3D&sa=X&ved=2ahUKEwjFl_rpuaKNAxXPT2wGHSsSIQMQk8gLegQIJRAB&ictx=1&stq=1&cs=0&lei=G0gkaIWeAs-fseMPq6SEGQ#ebo=2
ako75pa,https://www.google.com/search?rlz=1C1RXQR_enIN958IN959&sca_esv=0c5f1603e7a55361&sxsrf=AHTn8zrtaQ97l3Dh9U7xfuBrB2d_wGpMLg:1747208348013&q=dr+vinay+kaul+zutshi%27s+saundarya+skincraft+and+laser+centre+dehradun+reviews&uds=ABqPDvzRbyLUebWh8VaELVSZrJQWoZLpgam5HmSo1xfx-n-FDHPlMUp7839NpWUpzA10RYXGppDdHqMVp-3f3cIDw_TrN9Q-yqxsm7xDkGVuPABiLypIDRS55S8BYuasVByf9dCJhg2BOvfb8NNLPs5RCgGOfB-cX5dUifKgmwddmJB7uDZaeo8JB-VXCxkISu1IH2CKRt5kn9LfS8PR9iPJwShyCgXMG6ggBCXgtYT4_Q57YzxS8JLBnncLzRkhwDxt2ODVmZLV_innXNVLKBqXBiroXGyAWgvPwmjjus2AwwbxPcLbVakdgtrvda33oOIZfThNihVUMWeKxpBdEsWFS1zH4nTkk2PRVsHZuVTbU7eK2eWdabseMMHEXTVCXWpxML4syYzYlfVR84B2wUmGkN5cjKFLF5tavZE9Tv5RistWyFcf2mCilOlLJY69bg8wEBr3GRbTC3jJ8XiDh5RFnF9ATqB61U04jXAY6m8kgemnLHrvHbFVN1d12m-0RypWu91cI2xLR_d1N1uJYvAf7Lp-AVAl3qSO2ZNd2wydYXsIvHvMax8&si=APYL9bs7Hg2KMLB-4tSoTdxuOx8BdRvHbByC_AuVpNyh0x2KzW9WhnM1sWIb9F6Dj-rNHh0s3V2Al-lVHarfAoMOfkdowzyAz9Og8zgj6gEGGxkEqn-z2SF5_llP0UMGhmKw0ifZ6UJrET0HD8umGKknSosvxJ_5Bw67p_SZCkPjXZa5Sbp8flU6Tui02ryqcBoy9UE_UqLsJ6Lq74m58Tu4W_p7vwgtmQ%3D%3D&sa=X&ved=2ahUKEwjbj7qnuqKNAxXnSGcHHUu6NzEQk8gLegQIIRAB&ictx=1&stq=1&cs=0&lei=nEgkaNtR55Gd6w_L9N6JAw#ebo=3
kmo00zp,https://www.google.com/search?sca_esv=0c5f1603e7a55361&rlz=1C1RXQR_enIN958IN959&biw=1366&bih=599&sxsrf=AHTn8zpFS1pjVuBiAjdA5AMNI9_7JxLsMg:1747208482024&q=zenderma+by+dr+neeti+reviews&uds=ABqPDvy-9pA-373qTS4Qlhdg8THFdGUd43FyeKcTqqgZwrnQs7LBJul15GaxV_dfJ8tdvZoeoi6FtHQX2cxtUOg78YCiEusfegBufizgb2V9ozTlR1E1LWMTOc2z9FW0AKfw7Bgp-kJV8UZsIDhhZ-32JveS_kRWeV6z4pFfgKarT1D3l3J6YyyngLBCfbImIKcRSAKKfw6f6m9Kvl9c5GFjgbeuauVAxmJ-ejvehh3hWpq_LaiCKGGKW16QIeOYWFvlzJDSeLEsEGJFOk4IjpsUIfb3BId2lXU99vzVy9iBrhp6JwXPuCMjftr_TobaGWiwbeGvyqqhMgp_uqHa3DsErHXfU2LRG5tIfgDmZADNEaS7Ld56DCTOAGKifUA40vDvdCScU4pPOTjnPPqx__fDayXVQU6EhOUr_VVyjcoSvFg39sGfv4v5-Kn1dCIA4JfeHSFI42uh4IUTK0Bv596ClJ_EtNL45sKEflZevl_XLgES3Wj1L7Ep45rLsdSsOtewUKu_rxFaROMMjG09JOC7jI6FSDpPlTeJkJmm3kpXKzHu82Ij1-oSc7sDn63Y4o9h95sJ7pXV&si=APYL9bs7Hg2KMLB-4tSoTdxuOx8BdRvHbByC_AuVpNyh0x2KzdBtcwO-SMIMuML2-i7AaUiBY6CaoqIdVTkYYzaNG1293kR0NOdiBcFGTSMY1PyaeHdnxXQbH2Tmj81tricoGGetaTRMfK_SJl6NjY8uW1lFlZ7cag%3D%3D&sa=X&ved=2ahUKEwjXuK3nuqKNAxVrUGcHHciIHhkQk8gLegQIJBAB&ictx=1&stq=1&cs=0&lei=IkkkaNefAeugnesPyJH6yAE#ebo=2
bpk46gf,https://www.google.com/search?sca_esv=0c5f1603e7a55361&rlz=1C1RXQR_enIN958IN959&cs=0&sxsrf=AHTn8zr-jJXWSLf3IMZSXn6XvIFcxdWwZw:1747733510833&si=APYL9bs7Hg2KMLB-4tSoTdxuOx8BdRvHbByC_AuVpNyh0x2KzR-scbkUGZOYC4Eds05SDwvvcCnJN01rYSQQDYrDOc9HP_MpPkfk7EcmpGXh1ZSKP70U4wjlEvYiv3ycfKO7S9Mxikn2NA9luh334ZFqUtabtNrai6doKgYnY_8f2nguWmTajI4%3D&q=Skincore+by+Dr+Aditya+Rawat+%28MD+Dermatologist%29+Reviews&sa=X&ved=2ahUKEwi58MzY3rGNAxWxzjgGHUJVFUwQ0bkNegQIJRAE&biw=1600&bih=773&dpr=1
unb33bc,https://www.google.com/search?sca_esv=0c5f1603e7a55361&rlz=1C1RXQR_enIN958IN959&biw=1366&bih=599&sxsrf=AHTn8zrJYRvT8PUPvtrASwGvDKr7NWBxrw:1747213607877&q=kala+ent+and+skin+centre+kotdwar+reviews&uds=ABqPDvyNg1XrlT2jORgNMlhFLwWveThY3mDPghaHD0NCc2OBvbrTA18ZDWqD45ZyYM252MH0Ch_IzNKq6BnHtTrTeNpwItYCj3DN4OcxRw6Za8q8NkrJTz9ADirqX5o75UwJl9nseusNC6sehJEB9-tVsAzPuzsd6Dp0qyf5ny3He3Rrsj7ndjb4FLhvh-LT5CDfQKKALbE_dXRFrMfy9tH6Mqk13fprEcY3wqPefdD28PybajI1Yg4uTZifJNBCk-cd6-AHs-s8lOZr7Q1wLnSt6LQvjCRgkZmVdZAdsfHuDNjgSMZ559k&si=APYL9bs7Hg2KMLB-4tSoTdxuOx8BdRvHbByC_AuVpNyh0x2Kze1dnQY2-EZCCPgRpwYyhuqFgy_Yij3he7EmurKLednlesAJYb6hWLNH_6N7_A4hZQOY97DS6sem55y8sqFTwW8FZyiNZOxS8p4MXWmIIKfkZdenv3vOu0DwzrjxNMUAwR4jidw%3D&sa=X&ved=2ahUKEwij2sbzzaKNAxVNV2wGHddyI8oQk8gLegQIGxAB&ictx=1&stq=1&cs=0&lei=J10kaOOqNc2useMP1-WN0Qw#ebo=1
wsi05pf,"https://www.google.com/search?sca_esv=0c5f1603e7a55361&rlz=1C1RXQR_enIN958IN959&biw=1366&bih=599&sxsrf=AHTn8zoImDpoNzqbIb_M2dMcgiEH-AxoNg:1747213684763&q=divyadeep+skin,laser+and+hair+transplant+center+-+dermatologist+%7C+hair+transplant+%7C+skin+doctor+%7C+vitiligo+%7C+leprosy+-+jhansi+reviews&uds=ABqPDvyCTVUavDaaJEvpATdiLBwhkVdY0o885fFQJ8CsDAXvHU3NLFo9lWrpCCD9HtlRmEtRA5ygk3ERIoB9c0_I-JcZbhtJkRPttoCqvdASijCCwDNLltK3NhckrirNRl_Yd_K-cZwZuZ08Y2Fj1Z0tGyB5Em4usnQhDnYTXj_iYlqQoikBe1BqFI05h2v_jjx-j-U_48VRkLey6InN3Md7RB1vVKXUHlwqmaad-QL9rDiR208qKof6mkf7O9_O0knDrvC_JjvJ4WVyKlK_erThFbaFaPVmgDLc_BymG6bQGpaycWa_zDMFycDyyNPxOa4E9SGFdGTsNBODprb8QeujWhe2fXrijSg1CJiqaFNmySoFKQtUkAdrHiFQ-QMkslPSCs2BEJpU9CARQj_1TcVr1N05bpvDm3DvZWCgu6VceFxI5Len9SWpoTk9B32TEYFJv1V8zQMvCRjjCOOUaH90NIR1wFiWUStBoBfrnffUNA46ssepOzdFYw4ISdXKF1AJRZVSEcpWHsOFWJIZ95QJ86lt-nHYOvrfZ0sTyE0SEDxlqv7zPag7v09yCGBDeNJA7UzebtjLl1Cc6q9fMRRQegwzHnREGszRMMGiGN1LQzu5Fwx1j7N2iJl4IgCzolmqXlcRQeD1MYpbRSU8rji7kF1NHJNE_49257BFfneYnFNfh83jUUc&si=APYL9bs7Hg2KMLB-4tSoTdxuOx8BdRvHbByC_AuVpNyh0x2Kzeg5m5UC209AsspY0BAKc0EyN6xooKXqr9Rt0YawyLLjdXnKGSW5wWSPMMIrZYTpaDJ6SpL-5LTq7yND8U_lOCrnco1bMAreecuDJm4Bqe-SEDdj_XX0PX_ISxFa2mWuJkPtxc09I51czOxT1qJYhSlOGPuugGzD4-PrSKtnvCVXdlJlPQYMxOMH0epm9h5exPB2gouCpeVqAhh5bqj5kQy7sIQCVh4tuA5bPdPa_Tnekp7Q8g%3D%3D&sa=X&ved=2ahUKEwj7uZuYzqKNAxVhcvUHHcjfMlEQk8gLegQIIxAB&ictx=1&stq=1&cs=0&lei=dF0kaPuvLuHk1e8PyL_LiQU#ebo=1"
oby20ob,https://www.google.com/search?sca_esv=0c5f1603e7a55361&rlz=1C1RXQR_enIN958IN959&biw=1366&bih=599&sxsrf=AHTn8zr16cRwWCQXcRAgzSnZlC3eb8IfGg:1747213757840&q=jainam+clinic+dental+face+skin+%26+hair+laser+centre+-+best+skin+%26+laser+%7C+hair+loss+problem+%7C+best+dentist+in+jhansi+reviews&uds=ABqPDvz4nCUw_UfXB3qAYXOJSvhLMSGwTvgPNwHsDybIkyQGM4SpvCc2kut6Y9HhvJE4zW0bjV2JNk0axte84TmWAUmQI1AajD9RjfFQUAHq1yUW6aF5_yIlgSqfoE77kQsg1KwLkBVC3oi5TDjbDuVMt2llBPOdxIJDJGWCxl4iVJ0LplQM6Yn1ay6Y_sORXGq6rWKi5d3NVUAFvDt_ndjtv7jkioXUlRvV_9IuAmYTtEMxMwzfJcymsMJKnkDaP7jhI1jWvgDZX2QsX51w_wzE1LBE8A4IMe5NCZhevbhRiK36zGTcL0l_W-93b6eigyOGQccnqWJUsxddUs1aLvQtCAaN95rdFu0DjFO3oRSLDnUtugQqgAqRehXJ_uj0tzMnIC-vm0rF0forL-oBmrelYBax_Topf8thwBxI05qOd_3Bb9eT1FFEnTLYFKZDbuZUB3sMz6y_OQB5JWEGcVSfywIFio5CCs17O3dT4hqJc59dDRf_3HLS_M6wWmsORZqyFQMujhDhFZB6gNCAUX4cxDFdaI4nyeft6dylRt6UthuCh4ck3Q6Ujrv4TwkpJQ8J3TH7IKt9&si=APYL9bs7Hg2KMLB-4tSoTdxuOx8BdRvHbByC_AuVpNyh0x2Kzb5NlCOXNWDdERG6wJ-Rwuz3Kd5fTIOTIPynprJo1B4yBAG8ilR9vjKjY2Wusk3t2k-VDkQgY2RtImRcDD-1jj8Uru3A32b_G9KI3KEyjM0VcMAvszeJCzkm-ko73EjhvaU8udP1Y9paxcj4i4p0XLZSHbcNq9j7XTE6u2Z1oc8xa6y8lJTFrNO0zwPw0B2ZaTgvHhUQwG9AIlkFVcBa8sSSi7GvsPbDur1C1eelkN3LS-d-TQ%3D%3D&sa=X&ved=2ahUKEwj-1Ye7zqKNAxUOZ_UHHdIvGCEQk8gLegQIIRAB&ictx=1&stq=1&cs=0&lei=vV0kaL6DM47O1e8P0t_giAI#ebo=1
tce76zd,https://www.google.com/search?sca_esv=0c5f1603e7a55361&rlz=1C1RXQR_enIN958IN959&cs=0&sxsrf=AE3TifMy3H00grW5oqRx90F5BYDTR2rpAw:1750321013238&si=AMgyJEtREmoPL4P1I5IDCfuA8gybfVI2d5Uj7QMwYCZHKDZ-E9ArvqA4t2mekHXTjnfAkVCzwjmvWgJnkAeARWrwF256nXC9kAM330gt2LqJmRDEFCDrjnOHsCCUUdACnO9-wFKFiFJd8arTWJdteakvV7w5bVidnnt8_GiYWL8C_f_RQLVstv7o665EhSZtxVATzRjMs9gBlJE5QfcZx0IqQjlikXnZcyygHBJJ3uVwWYWzjypokR8FEyX2UT-WoOAw8NGlZ0Kj&q=Dr+Gautam+Porwal%27s+Homoeopathy+Gastric/sexologist/skin/cancer/joints/paralysis+issues+specialist+Reviews&sa=X&ved=2ahUKEwiasPLxhf2NAxV5wjgGHQASFXYQ0bkNegQINhAD&biw=1536&bih=730&dpr=1.25
izo44tb,https://www.google.com/search?sca_esv=0c5f1603e7a55361&rlz=1C1RXQR_enIN958IN959&biw=1366&bih=599&sxsrf=AHTn8zpdWT8uJHK7H8FKuH1hAs8zKkfIOA:1747213913502&q=dr.+madhurima%27s+face+and+hair+clinic+in+jhansi+reviews&uds=ABqPDvxcouhzj1ADQVkVj_pmLilOLrww1W5y6HfNgHGPjxwHVDf2srKAeZNicRDWE6_urDEG5TGkdsRsS3xr6o-ZAZY28OzYVgsD6PaC_hSsmh1kLGn6o6huWIwtBneu0sRO3HptYP8Ru8PG45LoP0bdR_so32VwKBUCoyJZG--dedz0anyTUqi4Yhp2xAWZxDyPhIl8OcXlzaCO9VsVpRL0JflSWT5OapZoSia8ocInFRALnS1S9Jnu9XgCHHIzT-pCAZRc1_kDdSu98BpSEG2MQi_2XVXAH0p1ExBleKXjRllAZu7wJk0mAqBO4w4he4ruVa4H8awzmHVOONL_pdgQ-VNnOBRdhR3jtpmHJdl_vGiOODVHxvKuQEqAb4sBfRBqWt0mCaoJL1RSM7BqBzG5INwSlaCCRbHB4hswopB5A7JahKsQu__AZ5ymE9s8PAF6l5GT9Kf2jrneCDrqw9J-kBHBqLax_weOcqwOPe_THzq7uieXzYf1L2CcUlklKjnu4nZfjPQqXHR8Zj2ksAMROELOI17TKgm4uGVVy_FpOk-3EAq57cpTk4dx2vSmVsbfs-k1b2lC&si=APYL9bs7Hg2KMLB-4tSoTdxuOx8BdRvHbByC_AuVpNyh0x2KzYq_3mh5D0e5COhwdJVx-JF3qRBpMfwKeLbnG8uqKcI85lAEdfOl28V9PZuTw6ZrgqctJq13hO7C9W8A6jcNGnzDzC7JMMpIPwgSp2DObAub57Njde6l_Ry096a0RD2BRny2lts%3D&sa=X&ved=2ahUKEwifwqSFz6KNAxXTnq8BHR89EJUQk8gLegQIJBAB&ictx=1&stq=1&cs=0&lei=WV4kaN-xHtO9vr0Pn_rAqAk#ebo=1
qnu38eq,https://www.google.com/search?sca_esv=0c5f1603e7a55361&rlz=1C1RXQR_enIN958IN959&biw=1366&bih=599&sxsrf=AHTn8zowvNaIcByXux3eRm0MxDiwFm3Z9w:1747214045870&q=dr+dinesh+govil+skin+clinic+reviews&uds=ABqPDvwKmXaXArnXF5HrgvM3IAO_CCFeO6eFveK2Kuz6rfOK3vwwTPskxqi7DuXruVlzp4ZsQfcTUvPmjCm3wmSz8p7b294DWNMpbDHrfBN4yCCywcnSe0vlHBUfIC7F3kCKh9rFsE7B4_zZ2Y0lPgaXDwT_tCHgeshScBq8nDBkIR0BCW02reEP7Folfe5VPtsR09YSuSB2zQUCwTHJTKTuK4BExh4N9NvDzhJbUC1DhI62CK7SALmKfQY2NjG0-siN6AIpbqPTF4Rc9407J9X9o0LiM_HIZeA1dX57RiXe5buEp3Smhpnc6nsSdbPt1DPxV_QUQxGoTfW_iWQIHhTN-7shUeD4_ljT1JC3lUjeFAnvfK36Rj3Fx4fndcHo0SVGltHrQg5HRRiv-a5dlYo03wxDK2cT_Q&si=APYL9bs7Hg2KMLB-4tSoTdxuOx8BdRvHbByC_AuVpNyh0x2KzY5Ua00r_2w64pRbW44FgtO2FqwO26NvlZZcpnApDcH7bSoPVG-JPeMTKL0h7tBArl9X2zQc9U6X4SCz8wD6kfsjukqgDpoTeYbwyiQDbgtDlpjZQQ%3D%3D&sa=X&ved=2ahUKEwiP2bPEz6KNAxUGh68BHe1tNo4Qk8gLegQIIBAB&ictx=1&stq=1&cs=0&lei=3V4kaM_2NIaOvr0P7dvZ8Qg#ebo=2
ghn75fu,https://www.google.com/search?sca_esv=7d47c209775424ca&rlz=1C1RXQR_enIN958IN959&sxsrf=AHTn8zrUo18fy6sBrbOUYwxTU86YNYh_bA:1747214150836&q=dr.abhaygupta+md+physician+reviews&uds=ABqPDvyle7Qi8NxrYgTZ2KwRrb5wUdsSGKVypn-bgB7nDjH87AzO1XkvWXCuLpzvERMpqXkgrzaO8_a8Bv_lWAM-O-sv9DxwAvWY-ODPUSvam83MPZpS1qKolU1BW0u5tLKCov2oMeUz3Q_j4TkZkhK40JhB8q7ObN1tn0i6j3cKJjCAy3KvUmKKZ2Xv9BXXVI0c-BrfhvAPoJw4nZD3gsCCYAk_Fc1F6iVvyaKvLRezgSPiMNqbgRjmOkAn1rEQoFOkYkXwu6FxSnt9NS1XdSsfwn7cDRDutfYkivrk0dvIf66bIiCCl8tyo_11mkhvCbyfUkYtcwXz1Zy5oKAQrVozvPhmZ--uxsaWfyxJASeMANTtjOVOwAgaTGS46nsnDddt4VvDPbdJjbhuEotyx7v1JSwVIh9dPeq6rQgsuVl9NX1UUesMxVjOSf3WPyRfWEGeFI6DNHNOka7ZHuvk_c1p0w0-wLI3xdHriAvvkUqt7r8rVod-849t9coh73aEKiRSgeecamHijHxOJOW-12B09e7wpm08YVsPVswOpvul7e0B1nJ0D5I&si=APYL9bs7Hg2KMLB-4tSoTdxuOx8BdRvHbByC_AuVpNyh0x2KzbZJCW6sBF9Ee6ULq5DqgV43AutB7E1x4GYb4bSpUszHhw2lHD5ojlhOPcg_RMhw2JCtmSqS7bmGGR3zxf_57ltt2F-eBt1BRIbGmRte2ldszGuZ5A%3D%3D&sa=X&ved=2ahUKEwiepbr2z6KNAxXHjK8BHVPIOo0Qk8gLegQIIxAB&ictx=1&stq=1&cs=0&lei=Rl8kaJ7qMseZvr0P05Dr6Qg#ebo=1
det25ie,https://www.google.com/search?sca_esv=0c5f1603e7a55361&rlz=1C1RXQR_enIN958IN959&biw=1366&bih=599&sxsrf=AHTn8zqUKeRvs0yj8P9KuGmv1dS5VBCfbA:1747214313698&q=akash+ganga+clinic+-+skin+v.d+maternity+%26+infertility+center+%7C+dr+anuj+kumar+-+dr+kumud+gautam+jhansi+reviews&uds=ABqPDvxbKMuZOtKOhIKg9Q2fHZWPODAeZ77IKW2kVEmcjIrHB4nmj1hksoGV5cQJy5DHrLF4pk1h1uoXilpyJ4XAsWGillovjWlPROLdFChyvHg9mrwRnJSTNUPTYwSaqGtsgSFvBkTalZl7k6R7zK40CKg5kJPB3zSueLUvVy9vHCFE4bQvtqQj0aefilqu_vaiDFrA-NTrhNTQRz6JMQkE1rkq67bNWN3X6pJneLoNV-XRXicneVjC5aeoGD0tQjVOy2T6nwPX62iKWaCeS-niAG7OZQLNDjtKOUz13mpqL_DOyon1c0PIv4SJyqHi8xxjcTCWDGU83YWxCGI_uKP7b3_EJlLabNKhLlrazlK0Jl_968eQkS2f6CWy2GorVmpbzQ48yv8pwutMw0E0x5BHQtsCss06x-ikg5220a28ToRPo9G0npjOCALqqDQpNjj31L1n6593j9-1OGYbeFtghlWyMwwLgE4GfxTMPG3SekyF3-kSIury-xHg-OC7qM0-Qbd0tznkB3ncGyRMLiZHGDH6J7bumBHtXqA_dftV9dCZ1EwdfHw&si=APYL9bs7Hg2KMLB-4tSoTdxuOx8BdRvHbByC_AuVpNyh0x2KzSGuWf81FxxT_O1T4VHyR_Fj6NozbvRoXf7QPzhazdN7mqySmVLFU2C7_R7td-pL1p5K7LZ_lNCg9t4KLwLZfK6jyCMAvEX89WmpU-NiJRXvVmgwtZjAUkiiM2PECRQIjmqcdZ7t694rYzk7z1qr-eqSFb85Fbt3UjrCXXtgHa5IDGOXankbQL6VlqXS_6usgCbozCxf01Ug6SRxM5I7mJwePq1x&sa=X&ved=2ahUKEwiTzo7E0KKNAxXiUGwGHf_RLHsQk8gLegQIIRAB&ictx=1&stq=1&cs=0&lei=6V8kaNO1KuKhseMP_6Oz2Qc#ebo=1
roc16vh,"https://www.google.com/search?rlz=1C1RXQR_enIN958IN959&sca_esv=7d47c209775424ca&sxsrf=AHTn8zrVPjoSfexdkWwdqH_S7PfgFCUYpA:1747214490837&q=dr+amarjeet+singh,+md+skin,+dermatologist,+skin+specialist+meerut+reviews&uds=ABqPDvyMn-RXv0PvChDEyptXokByC8nqAieN799WRr5A_RsK4-bFaEM2W7yONnutL081aRcQljpztASmmfNJsg5rAtC4R_DZpsTgqBuvptLbmC4GydUFI_lekZP7RUQKtmQVrEfa4QTbhc3y14sx4VMa-H22LCerAyqRquTQSOzRkoWjhAR1q81urggsVdQNlnd8FlzBgGZPkL6IwO3yx4Fp3g6mgZXI27s-ZesGi9TfLpWQKT9XW6VmKcA7AweOe1z1zYkG07YTU5CjV7NuSIcOzkd-AsF930LPA2XyKwPeG4A40fIPIsKqRTtiGKIzjS2XAVdmwRqxrMLFzhyWrFbnLRDK-LbgThusa1zyd2mEpSWSY_WftfwZ0nIjhGlfAgP8AfO8wlFQ0ybIQBzzWC3P-BjsF_Wi-S7U8BPFi6NnJvBDR21o0CdHgzoyrWs9ZTMFvCFjVOwNW7iQz52zS9KATH_g7AT0i3rE_AxPvdC_VQah9ygkZRCIGLISIagfCNWAWa4svmI1Dg2c_m7SmIGNJltxeK_8VuuwNkTOY3SyrvsoX3nCk7Ht5eftFtZjwR-BYZcMsPpC-6tt34gcIkJ17lviBVRylWWcFzTS4NF2M59dKwVjhLgnPHL99zm9B4JHNEtCwBpX&si=APYL9bs7Hg2KMLB-4tSoTdxuOx8BdRvHbByC_AuVpNyh0x2KzY86mKWP1C5qdKdJM0FLhtYRevtUBXQBhtL3HYfZ90ioPb1jKAvYP756_9zm24P-aix0PSKmZQZtqC6evIj-lPybHW1hX-5xt_n7XHKpc8a7QTLOwq5mTpVTCzhiMaUnSH0FZHllf6tmeN-naBKLDbXUD6EwJE55brE-KSgYRtMqmsrP-A%3D%3D&sa=X&ved=2ahUKEwiao8qY0aKNAxXJcGwGHQRyGoIQk8gLegQIIxAB&ictx=1&stq=1&cs=0&lei=mmAkaJruMsnhseMPhOTpkAg#ebo=1"
umx23bt,https://www.google.com/search?sca_esv=0c5f1603e7a55361&rlz=1C1RXQR_enIN958IN959&biw=1366&bih=599&sxsrf=AHTn8zpnmUMtlly2Sq-P5zlNPppxLs-RkA:1747214552076&q=dr.+amit+tyagi+-+skin+specialist+in+meerut+%7C+best+dermatologist+in+meerut+reviews&uds=ABqPDvwUApWxblX-fASqdzT2A3HEhFuzxJXY843ObbmzTqXXU_3ca1UvEeVU-kFAw_hZKZmumoli0zHoa-RDQEa2scjBnvqhOa8mhVtJHnOeBo0nDsIwL0vt672IOHrREU3Eaq5HNv6XiL6XtKg1gYCDEL_CkeFXfydO6gW2otpok7nC2aLRZ9vu0_g73KFMQYbGPMSYet610Vfckvx3CSMtTH2V-3oCF6vLXK19U_IIF6bsdYtorDdA8p_1UC3H5nMLqdqAkmUSg8vWgNM34tCy7DCEbk_oPmzh_3GY795E23FAJgxtuc4ZScYGbaaKUUmnmZvK8H_5ueHhYWMI2z3e6cFgxvi34cI3sAny0VEnnklimViei1FIZ5fFK8BZXl2MLGySN6b8iP4SEczxAlUKrdGtusjuiwV0WrwjeU_BfVXDXg81grlO5YS1JI-D33mJKsU_trUUijVX7FmXRbwcndLT6D831A&si=APYL9bs7Hg2KMLB-4tSoTdxuOx8BdRvHbByC_AuVpNyh0x2KzXOna6q94O9QyBlaPnPJgw5kO9cAo_kC1kSRVDBJbdC10CpKwALAzJpyyTqnqJxWgqJKLP2-3L5yDDPlQjER5WQ68T0XTOGZpR7HvYv-LlJhauUGWhKd9hrAnWrc3GNp3hXdSlMWIc7rqWi5tQG57a6QIXJV4V9q08jUDO4IxrlOm8Ou2A%3D%3D&sa=X&ved=2ahUKEwjDhOS10aKNAxVYWGwGHWdtK_gQk8gLegQIGhAB&ictx=1&stq=1&cs=0&lei=2GAkaMO4BNiwseMP59qtwQ8#ebo=2
igj92rc,"https://www.google.com/search?sca_esv=895d31f9ff2a2e3b&rlz=1C1RXQR_enIN958IN959&biw=1366&bih=599&sxsrf=AHTn8zqf3vsmTi8gPjb0fCR1_SJw8CYNTw:1747214610339&q=dr.+r.+p.+singh+(dermatologist+and+skin+specialist)+(m.b.b.s,+d.v.d,+d.c.h),+iadvl+no.+up/lm/2317+meerut+reviews&uds=ABqPDvybxfblLlEHVuetkFodhmnKphunEMFbZzl3Q1TlOdbUOkvpmoc_lgV_D6e_xPKtCS4bkuGR6ysoJj8wDYFs94UQJPZqjlQh4YXFyQO2FaOoIw9YgeMdlf3E0HbqxO41KlHyJpfKtqmNr4kNs9ztDfGAMykOsSVL5K71Sn4KQcX7BRWGcoBrnt3uIX8_Zs8S50Fq_W9SEnYhugzNjlHqN4ZsxDiwt9xeGbkcX5l8omB-8Lkvk-G5ly6AgCDbfCgENqzVaZ5bKzZZPvfrQA92R34qnFKTEVkqrU5MY0DsIr3-uVt-6LB7pSj6KgxG_MhWUPPSN4jRScp0ztHKIinqIpnhQmFHkWgTCYkeemGgYV6Wk_UoVcBLzcMeHl5w4Uk440x9Kt_2ayrHho-4C7psQunMQwmXnwOpXPOx3wV9BI08gJxEdosxF5LqxoJD2n0RdXUhNEYtBsWjYE_abhXJdpTqrB7mjaTBKfhWvIGOt5zAM0J9p8FILC-x9ZzgHmZEgbHCwmPGdKmMFD5B5-zHumc1zrTMRIaQZSKjlztzl5D3fG5h91NOzCYi_TAME-XdfIsen0T9U38gKecsXqo5ulFQOfSHWK2u2u-yC-nA2XtICwbdIjJbskEn_Sjh7tdSACRudlB4qSXE3ixRyy7cH21xnxgYZg&si=APYL9bs7Hg2KMLB-4tSoTdxuOx8BdRvHbByC_AuVpNyh0x2KzUPMPFLXqDGovwASMXAwAdfXhTUKl6pbV57E9lHZe97eEFCzeTWMDWShMLQkBKI0K4bL29HOSCnDnf2ByxeQuiu9EFFdtLLxm1XYG9HtO8QIPaRcI5eWK66-SVZu04GiG_ZIYRwA5XkfCRmZkSsovUp7pf-TvOBe-dlg54b9bW2PJbz8XrHEgcw7sLVTySiCxUUSgg_kbWOeTG-j5OxksN6-7sg1&sa=X&ved=2ahUKEwigisjR0aKNAxV-SmwGHZlZLQ4Qk8gLegQIIhAB&ictx=1&stq=1&cs=0&lei=EmEkaKC5FP6UseMPmbO1cQ#ebo=1"
ose71cu,https://www.google.com/search?sca_esv=895d31f9ff2a2e3b&rlz=1C1RXQR_enIN958IN959&biw=1366&bih=599&sxsrf=AHTn8zqkIxpwy0ICPR_OwT7sknECXhG_kw:1747214669293&q=dr.+anurag+mathur+reviews&uds=ABqPDvx1859Jc8pfdvsrs0s3lMbdJC2VV1seZQtoCnW_HOw4dZyvKq_1M4bL2SF7laWQ7OUy2_gMA9RTG8tiDaIAt7Y6f4_VQCMKeW5_rXsQmrOAIuxCbg4J-uFdZSC58RN91Bbk3eOsbV8blRyCmy14H6UV8YpcwjE5sSOouTniaZK7AjEW_GRLWtTIiymoQiO0W78plzhdSd93urtJjn3CExihv0ZEyySqBtKCbomyZ6g2GUakt0oj_YKKySYKZogFVL22JKfinh-elqAfN4zM2feC5oHm_Z50W2C9rekP0yfybBsPklUm7yjdYVrYUoNKfe01fSNYM7cHPkASgNpZ-KrIuGEqBWA7iazJ3Cm9SoUv5T1e9JbMwfizmszcIAmwmUM5joYwU9x4QT4AMFmNYo7kQTexEtgmM79HcOriI84xORHmCpujaV25rPh8MpKYoH_npl3e&si=APYL9bs7Hg2KMLB-4tSoTdxuOx8BdRvHbByC_AuVpNyh0x2KzZNrZf5jyKIjS9bSH7i2HM-aPr0aU9R8IDgLYaYY_u1EXWatqedRK3j_mJ-pZ7b0BWHScs6OQBlpzEBVuhkp_R_FHsesT7Mgx4VKH_QVQqxLAHmO9w%3D%3D&sa=X&ved=2ahUKEwjmr9bt0aKNAxXLVmwGHWZdHhQQk8gLegQIIhAB&ictx=1&stq=1&cs=0&lei=TWEkaKbVEcutseMP5rr5oAE#ebo=1
nja41xl,"https://www.google.com/search?sca_esv=895d31f9ff2a2e3b&rlz=1C1RXQR_enIN958IN959&biw=1366&bih=599&sxsrf=AHTn8zqf3vsmTi8gPjb0fCR1_SJw8CYNTw:1747214610339&q=dr.+r.+p.+singh+(dermatologist+and+skin+specialist)+(m.b.b.s,+d.v.d,+d.c.h),+iadvl+no.+up/lm/2317+meerut+reviews&uds=ABqPDvybxfblLlEHVuetkFodhmnKphunEMFbZzl3Q1TlOdbUOkvpmoc_lgV_D6e_xPKtCS4bkuGR6ysoJj8wDYFs94UQJPZqjlQh4YXFyQO2FaOoIw9YgeMdlf3E0HbqxO41KlHyJpfKtqmNr4kNs9ztDfGAMykOsSVL5K71Sn4KQcX7BRWGcoBrnt3uIX8_Zs8S50Fq_W9SEnYhugzNjlHqN4ZsxDiwt9xeGbkcX5l8omB-8Lkvk-G5ly6AgCDbfCgENqzVaZ5bKzZZPvfrQA92R34qnFKTEVkqrU5MY0DsIr3-uVt-6LB7pSj6KgxG_MhWUPPSN4jRScp0ztHKIinqIpnhQmFHkWgTCYkeemGgYV6Wk_UoVcBLzcMeHl5w4Uk440x9Kt_2ayrHho-4C7psQunMQwmXnwOpXPOx3wV9BI08gJxEdosxF5LqxoJD2n0RdXUhNEYtBsWjYE_abhXJdpTqrB7mjaTBKfhWvIGOt5zAM0J9p8FILC-x9ZzgHmZEgbHCwmPGdKmMFD5B5-zHumc1zrTMRIaQZSKjlztzl5D3fG5h91NOzCYi_TAME-XdfIsen0T9U38gKecsXqo5ulFQOfSHWK2u2u-yC-nA2XtICwbdIjJbskEn_Sjh7tdSACRudlB4qSXE3ixRyy7cH21xnxgYZg&si=APYL9bs7Hg2KMLB-4tSoTdxuOx8BdRvHbByC_AuVpNyh0x2KzUPMPFLXqDGovwASMXAwAdfXhTUKl6pbV57E9lHZe97eEFCzeTWMDWShMLQkBKI0K4bL29HOSCnDnf2ByxeQuiu9EFFdtLLxm1XYG9HtO8QIPaRcI5eWK66-SVZu04GiG_ZIYRwA5XkfCRmZkSsovUp7pf-TvOBe-dlg54b9bW2PJbz8XrHEgcw7sLVTySiCxUUSgg_kbWOeTG-j5OxksN6-7sg1&sa=X&ved=2ahUKEwigisjR0aKNAxV-SmwGHZlZLQ4Qk8gLegQIIhAB&ictx=1&stq=1&cs=0&lei=EmEkaKC5FP6UseMPmbO1cQ#ebo=1"
ysj20fg,https://www.google.com/search?sca_esv=895d31f9ff2a2e3b&rlz=1C1RXQR_enIN958IN959&biw=1366&bih=599&sxsrf=AHTn8zp6-5BV5GpooGOSJd-8bScnnVhX0w:1747214883985&q=dr.+archana+singh+reviews&uds=ABqPDvy2oiqO6xZHcwsJo1yWq3paWutlN10bQXbhCc952dGy0TRE4HfEU2kLG7cR5ek6GnQ1pHhWtwsP2NSN5sKO2oUwTDbk0WyPp3IcwWG-FK36KU1BOptQAY_OoltTUwMkfGfsWEaGJiL-FVYXyMDtxJ0ns5-CgMnJrpqTnO3if2_NljnZyGCMdcZ-GtGADZhYGmS60Ef1-q4oEOhBcgBE4WS1WkFMCLJza6v1KjH9oZh6oMG-vScmf1mIQjyGl2VUxREIBx95LlQtEXop1WVgtAVuIf04Coehqd32LM_Q9dAR6n_Xzg_f5ywNwdE-ADZNYdxH8ERn3MhG3KgbI2yz3yHPQ0Aa1yfmZ4PgR8Mf_Ju2QzYjUeV0tEM7zNW4Ghn9IMHre2H_&si=APYL9bs7Hg2KMLB-4tSoTdxuOx8BdRvHbByC_AuVpNyh0x2KzaxakhikO52Swxa8nbC3Ly8lQpUG26sTWDOH8dpa18B4SWv3Cc8NxPx8F1qvglfj9TxA7Fqk24xJ0QR13h2ZDdgYJmjyjalbNquYmymdgTw2VJ2QaQ%3D%3D&sa=X&ved=2ahUKEwihiYbU0qKNAxXRlK8BHZwJPdgQk8gLegQIHBAB&ictx=1&stq=1&cs=0&lei=I2IkaOHrO9Gpvr0PnJP0wQ0#ebo=1
xzm03af,"https://www.google.com/search?sca_esv=f5688daecd034083&sxsrf=AHTn8zqDLYR8y8MOsCRxy4IXtmy3cfoM8A:1747215233603&q=dr+swosti%27s+skin+clinic+-+skin,+hair+%26+laser+centre+lucknow+reviews&uds=ABqPDvxH_isD4Q5AOoK_6gMYMsz7v7GoaKcpt5Nb8BxikCmahKdhv8lUBFUOlbXFo-spHABdHsjCAwNBtvp6hrNfqbLRBaJYtUwppCsvi4Hoipc9XD8DCLqwC_Cg_jpLfIcqzqjJgrAiN6RN5NCkG7ic-90-aOHQmdzzHSVr7OXbJsWdOJK-3Dpi-gKqoyf8cVL91PLIIsRuiOZ6h-3Vg8HSaorxyQBP_5g5oKOfx1j1NDffnV1Ic-QQlGDw8PaVVRf5eRrCEQge_08Wu_luJd7AruxL9NwfZlvoMLzKV4pueSyD-iGHWhT3oMF_NogMjhCkCTx-bgA5HrKqITgWkXWP8muFMfskA2Y2MuilOpAdKjKmdPdnExne8HwI0naY0WJlgd8fphVij-uckGHwSv8iVsjJiCZ_JghRhHnlRQY9aRUPfTbyp6P3OGSnFMWUH_-o6oSs3TRrV3feAKD_VYNTDXUSH5-XPwlHinAqwhkK0qYZ9Ba1yB_nmM_WcXHhlAazJsSAAW2QLQqnjW6SUfgLyzEV-PkbgQ&si=APYL9bs7Hg2KMLB-4tSoTdxuOx8BdRvHbByC_AuVpNyh0x2KzZHwt4tdw1nMmyGQFb-gh4XOc1N7zpmmTRY_sdHF8n13QMZ8t-fzNMUkHUdXTCBvOCiJ-TC1mw_mOsBuTRSgb6es741cw9HsiJzzMdbRZ8F2ZAl0dqLQTMEUqh7GNpYVMeKk_GUYQn9zul_pTgfD0AE-Mmlp&sa=X&ved=2ahUKEwiQk-H606KNAxW_oK8BHTGhH8IQk8gLegQIIRAB&ictx=1&stq=1&cs=1&lei=gWMkaNDOJL_Bvr0PscL-kAw#ebo=1"
rer30ep,https://www.google.com/search?sca_esv=f5688daecd034083&sxsrf=AHTn8zrrptcpRDczBBVg6RuY4_r0YWOeCQ:1747215417536&q=dr+ratnika%27s+skin+%26+hair+clinic+lucknow+reviews&uds=ABqPDvxQw-T2ek32yIUl7RlMWreV1NvuTxIW5Akcl407crUOk-BrIBedU4bTCmdBCpf_CmiZiuo3V36bZRwdj8j96JC-PbLqgINm8Tgnx983TSIPhnd77FgdaDuFCgtgN9erjYq_erI1O3dki4lg00CUKl5b0Kca-UjTyagl4e7R0Mb63HwukscaBq_AfuZKVeYIPLsZK3Lk0TqvJfV_lyWglvUyN4LrN9JNjQXx9o9LRnqbBsLCLMh5xv0m8CqfELzXWNQ0KFQ5f4aZXp5k_A0ucXdSvoICAQFZQfPrpQVGF_1R135BCgctzVbe3tOQe9K5tZjLGYleMzWL8G8H_tVAf_NneOmts8H9DLOx8rmWjj8tQqfsgGEcPp_jrcft-Qlq_Fd6_WyUkHzCAqohQFZE4Gw_wOrZ9QUCzczJiXartmXe1Sts0dGtemMl2fK77GfzEQ8uFn16O56YCKzpzpZ7ORoHvrsalSl1KHI_J28d-h_u-EGoC3M1sIhG0gdpY7RB67Xdy4q7JVrVLsoegPkmkdR730wQA5LItMxp-aUOTrFIKR8crV0mwR1vnX5Z-YzSpEGumTsE&si=APYL9bs7Hg2KMLB-4tSoTdxuOx8BdRvHbByC_AuVpNyh0x2KzdUTjR3XXT9AsljlIIa-HwUyUOe9tWrpaMP5G4OkH8GgNnVIGTCmKi5HskgoW2tqOXX1fCYr5TjW-__vsmYGyE6Yz0fM7MSVg4yRnWM9f7lOf6jvpI6yi-p2HW9u-MiLwmMIZwY%3D&sa=X&ved=2ahUKEwjfvLvS1KKNAxVGka8BHbUNMPUQk8gLegQIIBAB&ictx=1&stq=1&cs=0&lei=OWQkaJ-8IMaivr0PtZvAqQ8#ebo=4
ufr40jc,"https://www.google.com/search?sca_esv=f5688daecd034083&sxsrf=AHTn8zp-60Re3hR0m3Y9YkTqVaoeCSuN0w:1747215570284&q=yash+skin+care+center,+lucknow+reviews&uds=ABqPDvwMyQb4wlvflhvVJLqhLD5iuP0MuE0eS1bjBJaMeWNzgh9EaEi1p3JWZd3KGwe6YMHP-PS2ws7OcRPfk_4rJrEZB4JrNMb6DPKSjymRqu_JMiHfR99A78807_dbuaV9tzMuZemE19VkAqwXmhVL0_xJ16vILIenvplWyX_3UbSAxXhRKn0e7j7wHkXN_eVHl9u6OavOZ5S3awe27s2WtOv24v5OO12egitpyFeerCPhkq-7aOTcVW8G3FLHkK1ylIq86vsDypNGDIYL-Xfn8-ctw_jSvvL7SWzjifZdEw3IveUgU2KcCtsRCcmYG_ri0bW2e6aS86xLYxvy_qo_IV-pdIaKG43ZcsG5M-Am8lzSE54ZEGo&si=APYL9bs7Hg2KMLB-4tSoTdxuOx8BdRvHbByC_AuVpNyh0x2KzazEuvmSI5c4cbVtNWLW-feeZoVW_7iCflRRbmc-o-yKTwOuK_bCiqbrcOzwN3E4b96B4a1yiGgKWpJE1A6LFc0ArpE9N8703X-ttQ6f0p3nXxgX1Q%3D%3D&sa=X&ved=2ahUKEwiguqab1aKNAxVXoq8BHRlDA3IQk8gLegQIHBAB&ictx=1&stq=1&cs=0&lei=0mQkaKCJEdfEvr0PmYaNkAc#ebo=1"
gbe21to,https://www.google.com/search?sca_esv=f5688daecd034083&sxsrf=AHTn8zra78adtm6CuGT-G7zZCXqdu47Q2A:1747215861900&q=dr.ashish+singh+sultanpur+reviews&uds=ABqPDvyUhFxz1wFCJKKhHIrIluNaxMiciCeKiMz4vEmgRbsZBI3UlNoaBagoWrVLtqduOCOeIgfmPTGXW6hDVARqT_rb60ZB-Lwb4H5oi2OlrUAJLf7mIsMkKfbWa_ODmZLyUh7UXNSwIb-aHow28_vuCyb3I8XgCYWeBv6vKkzWoR1oycuRsX1LDzk5TXJm9sUVmyTqceOcYVv0SnQevDsT4NVc_2b-367HUFGxyWx2bi_eU5Umt74V6F2W8OZcjKedxEgnnJR9V35QwwGpSOdkFwlnklnY4D5QiTHWLc91oubOQFY0D5YDXJCV9bJuZQ4Qrkxsp9pugJrivFxzxsg4xDSYIytRq4DcgcEHdqrvjUmkYOWPHawF-hph80R4dhH9k4mfGBaUcydfwdf462ZM-aD_YNKKvg&si=APYL9bs7Hg2KMLB-4tSoTdxuOx8BdRvHbByC_AuVpNyh0x2KzU24WMVPrn7iK4MRQJwUXL5AchJMxfpjwE-U_BhoAjV5Riu39p6No6FpuyQh1fLKGkL4_2phWmMotdrqTARNcsarlRzYJghOOX5uBulJI7Fx4XDTYw%3D%3D&sa=X&ved=2ahUKEwikq62m1qKNAxWmTmwGHUfSC9kQk8gLegQIHxAB&ictx=1&stq=1&cs=0&lei=9WUkaOTcNqadseMPx6SvyA0#ebo=1
eqj82gp,https://www.google.com/search?sca_esv=18d1df816f52c143&rlz=1C1CHZN_enIN1087IN1087&sxsrf=AHTn8zqhtXmAlk0K1pX23rpndbCBJQjKog:1747737594389&si=APYL9bs7Hg2KMLB-4tSoTdxuOx8BdRvHbByC_AuVpNyh0x2KzeKN-N5o01nDXiCy1DqkGes8-Vs47SrLTbCZB_mnVmcJiJQYHDDnpksKkk9lIuc53mP-OnOIDxleVnff30luWpeMA2gx6KwCupLP0QU1HASPRqOGkw%3D%3D&q=Medisculp+clinic+Reviews&sa=X&ved=2ahUKEwjKpeXz7bGNAxUazqACHTy8AGIQ0bkNegQIIxAE&biw=1600&bih=773&dpr=1
yqs17az,https://www.google.com/search?sca_esv=f5688daecd034083&sxsrf=AHTn8zoNmTGCgIfOJZgnhRLJeYQSpPMIgQ:1747217370737&q=dr+pranshu+mishra+reviews&uds=ABqPDvzD15ZKSLjsjtapU-sSqaVHypTWtOIX05BHcBwy1QAiBvCMxwz2XxOA2tJiJEs90ljAXccOkeJ07R8QSnbux_bRY4QtoGBMyFDUdhgBNqiKa2msVOuxQ1pUfj3tlJb1ODB8Lc1VqijiFdYNxUOIulwhIGdNvFoQrTlaNySExo_kEvBDOsWYKzDFl-tHzEs5JLlxFGLB90kmBVB8LWZ9NGBFgpqRpg0ItI8Mc0p6ZV056FHmKB5tzAlu-7mOVm5kr7E6u2pN1W4HCJZmRuNWvVkZF-33b1U2NKwJxqaVC9Q5F9A-68-qYv2iHQ5S1_-XfQHLyVfb-3-QyXzPv2nRJUPyc827ThwGfrpCiF-WPbqp8jFDgT33QAIb1w1oAaGUdz5SHdegDSrTE3zGRpRFK-ATRyXybedN7fOye-_h86DZ-2Hb6DgvOG6bj1fwpCUiDehvVC7vjutJtOJWS8hEcAs6kxBF4yo2A33fSIznY2pQTuf0axmRtYqPl1FnLZT65D7pV8a_SIr_rjqEm24_bDhwpsbcGQ&si=APYL9bs7Hg2KMLB-4tSoTdxuOx8BdRvHbByC_AuVpNyh0x2KzeNVxIjyC9hk-CdV6c-EDm8mOCVeHyYKGuPn1JSGrZuyR2iYzkrAoYhthzHcD2SC7yWnn2Ut9AvBYFdCAx71VwROXkid3wwq2ZUz_BD7d1Ms8REINQ%3D%3D&sa=X&ved=2ahUKEwjvten126KNAxWOoK8BHausI4UQk8gLegQIIRAB&ictx=1&stq=1&cs=0&lei=2mskaO_gLI7Bvr0Pq9mOqQg#ebo=2
drt50aj,https://www.google.com/search?sca_esv=f5688daecd034083&sxsrf=AHTn8zq_-qhV2QiDnegN5MEqL9JoXkNgmw:1747217444344&q=Dr+Jitendra+Prasad+MBBS+PGD+%E0%A4%9A%E0%A4%B0%E0%A5%8D%E0%A4%AE+%E0%A4%B0%E0%A5%8B%E0%A4%97+%E0%A4%8F%E0%A4%B5%E0%A4%82+%E0%A4%AF%E0%A5%8C%E0%A4%A8+%E0%A4%B0%E0%A5%8B%E0%A4%97+%E0%A4%B5%E0%A4%BF%E0%A4%B6%E0%A5%87%E0%A4%B7%E0%A4%9C%E0%A5%8D%E0%A4%9E&uds=ABqPDvwlVB9e4KbXiVYJVDKNumbE-U4SKzUcwCNRBaXV0xiWW4mDJeBblnAKxQvJ7v1Eu0qzLcqKSXf-bPR7SEmZnNeIuHAfut59E0fs_nnaxKnoOciHn0PVXdguKFxofGeKC_KJYQAqerOy8mV4M27GeFIPLA6HyIIcyZTEGKmmoCvlKez6WimAW1vERBtBTzdh4sUA4hClHQlfb540uCEtkvZGIIkpa3GTZ8WgngfuH5K2Jitj0yZmkWfjvEyxlFgkX0XeokJu_IdwW1hY3i6TLJPBbEwn2SwVt-uUx0kVqy0Ns7nvmdU4PLUKObkc_yC3FdQ9xanZ1Ib3NELeK0R55V8iVPMnE7CPF-71iXeGVUJoaI_IJoQ6H9aUYngU4F8jfbnYPolu1hoKZT23qpw-I1bl4QvBwxgOJB_n7eakoOupwYpcBSSV2BesQjPrulV7b7eEiIgMZlOkNFEJVycLWTMY3XXbnOJjNQh2ib_U_Dfp44qPNlfRJ5ACdQHloonkn4yGDmtJgZCyYGaWe7kP_Xkcg-klOI717tBgT2x5mOt8DPHNc5c&si=APYL9bs7Hg2KMLB-4tSoTdxuOx8BdRvHbByC_AuVpNyh0x2KzS464FQrOUt_yaEnDFDMpq7MVuOa0jhyzB977mpIm_gqAegFs6SC7MXnFfxg1XFZnkUXL8rExES2qEL8CRzmxyHzd4tg-59wKdp-mcFeZHpGO0M3DpQcqVgRk6d0aeDt3PTjP_GpbQD882Q493IwFn6ozOLZFUIwaB0APl8NHLGm4-jWFC-YHau15pVka8A6pGfmfSm0Ax7DtwUKtk2bicfKReAI&sa=X&ved=2ahUKEwjvhPaY3KKNAxWjnK8BHQWhIMwQk8gLegQIHxAB&ictx=1&stq=1&cs=0&lei=JGwkaO_iFKO5vr0PhcKC4Qw#ebo=4
iyd82gs,https://www.google.com/search?sca_esv=f5688daecd034083&sxsrf=AHTn8zp7RsnuwJlprG1H0cS4hF7s1yzgxg:1747217639469&q=deepak+skin+%26+laser+clinic+reviews&uds=ABqPDvwl3GUXLZIlh8Fb5Q_JyRS6DPkAKIkb9Hnf8SBtGAiPR68PowRUcQ6QRMz92XIHfrI2LL1jZUxv-XAaMQ-BbUcbXrpPAON02jn08nbozk9QJoZ22Z6o1cuB6S88orEv6yLfzjVgLaADN1GC1jJNY31I3yCwoknRuWoTeAgFA4ev7T1KdCFwnWenc0bi3JwfSWs4VDFpLjwGTcxXdhhMAbFyqMaiyPN9a_k_4rNR_IzlL_KpYzKDcdDXahfTznNLoe-LG_1Mja5YqtcGhVcQDUpnMfIlrYoGDcyLyb96EA2K3pWjDlKTS9VhFLxYNqbCmZCJQHBKD4pYvm8E6PWFmqMVqweWGGFVXtQQ5VPgA-u0gP2H7IU1dudA3Vw0UhxpkBhu_XJ6lp8cWYH_GWgjyQui-NMuRWmH-gLwwif654L0jkP4L0YaW1er9y0NlMQeWGUaMZWyBO8FqqNOPkrgZgzyN5POCA&si=APYL9bs7Hg2KMLB-4tSoTdxuOx8BdRvHbByC_AuVpNyh0x2KzQdNFvuJ8GuEmMlbovM_y6_JSFCpQWC68j5Cp8zjLx-ENhtVfCq8v_xSTvphmcLSs0ozxOQFCH815OrbkkQxaZf7oUlappTrtXTG_lesp8hd22HFeA%3D%3D&sa=X&ved=2ahUKEwiHxPv13KKNAxXyZWwGHRG_KG8Qk8gLegQIIBAB&ictx=1&stq=1&cs=0&lei=52wkaMe0HPLLseMPkf6i-QY#ebo=2
ihe06xp,https://www.google.com/search?sca_esv=f5688daecd034083&sxsrf=AHTn8zqBkIQqY9FnYzU1mE-hW-DCIK9qIQ:1747217746916&q=dr+vipul+gupta+-+best+skin+%26+hair+specialist+in+lucknow+reviews&uds=ABqPDvxYIDUIvRZR5cGKnmm0UVItKzX8mRu6faNgu1GuA_L94mlHjlg_Utfoo_M1N1ZZS74-IwBjoFnYjlpodQJtD1apceHGM11wk7WQck4N0oyQd0vMfV0uFpGsVGkmSJe6f59CgTwYsj35fvhAdkZeMUm7ZPfc9vzhwNGQQ17bjLfLMdgIVX69ao6e2b9wtwnpR0XBlu_N6BYCtlayWMgxmDGBWi4FwAc7MrSvrknvD-2wNtIS20X_pOyPng096PdN4P_EomLeev6w674fczTykFw6WxClcmHEnj6xHCjN78yfo1K-vCjglJWJaGRtH8pMHoAl1Y7YBa3qCd010QUVdUAimVe3LkAGmZL6IB33tLs31FUoFy50gi5kEA6MEe16qvYUC_KOTEElQgKYE1JZNOpnrDAGURF_Ly9FvM2jlq3_3LMQpjWDg9Ms2zEyUc89rwPwADMZqZ8J_nc382jQKY-jT9ZdjcLJd0DBDJ1XTbp3amcBkHO6lcU_W3-z_kb-0ZFcjjhKoP5PMF1Dm4SPVHCDUG6Ql-tc9pd_2eWHWyJ8J0NeDxc8Hyt_xfBpbZ0N5QSFEhjVHWmb-E-3H9SenV1AEHHDCDOR0Nce0w5pYRK8Sss_8Wg&si=APYL9bs7Hg2KMLB-4tSoTdxuOx8BdRvHbByC_AuVpNyh0x2KzTc768d7UkjF-Sx3VNXceA7jAWnRFG8uEUxOIXxbKBv9Z9KeHn4aVI--VCVQ_NaJnsTFJ9QYD7IxouHst2cxm7Rvs4kEc3lImVmT1aeQNr7ZNSwFqadzvUGM8TYgsFeTWOF8u4nScnWos2yXjwNhYVwr6jpZ&sa=X&ved=2ahUKEwjMx5mp3aKNAxWjcmwGHW1aC2kQk8gLegQIIhAB&ictx=1&stq=1&cs=1&lei=Um0kaMzWN6PlseMP7bStyAY#ebo=2
ohx69kz,https://www.google.com/search?sca_esv=f5688daecd034083&sxsrf=AHTn8zoohWtZxmJ3TULbHSQMfiX3fjMpCA:1747217842948&q=dr+pankaj+jaiswal+skin+care+clinic+reviews&uds=ABqPDvxglH1m8Hi05E3K9bUotz_U3icTSwVguTNpQhvj1As-oEls3tjnQgkfarEVZiNkp3JKZtBFHExmtEN_dpF2Wz4XxkamPluYv9Vgw5ikeKlSesefzem7I3XMloz8LvwkpTows40Z4PB0SqjtK8Ii9coedyT4YpaPwV4jNjkK3_RbwyVcus_GV7hj3Ymk6lOfzELCA9j6X0hGyg1BA5XJIm-FZLWrMsMOBOHjrPRF47EvrAmOABDG_ht27seUfQW8uOxBrQoV6cYpXcECrIYoVLzpH4P9oWuODOapvrsUxTRYofF2w8tph9DS2jbP5SiC60VLHMNkJui1BW88RkeubcatVdwftOisaOGaPs_d4Itp_qNRR7cgg4vAGAz_F9y9s3WITSZPpCtH91TfqM618xI5jRtHQ1ns0oLUcobxBDzIfUXbkRw&si=APYL9bs7Hg2KMLB-4tSoTdxuOx8BdRvHbByC_AuVpNyh0x2KzTTlUaoazX1TNcBhjNk5o-ibcIleBV3LTy73npuKb6ylGEEWxoeIk96VXWU2jFK3_oBJTyBYt-haCKEGLq-zbpd-B7vPCe0zbWj7GFcvvCie3OBe7QlRM8yp04u7tIFzn2mNTeo%3D&sa=X&ved=2ahUKEwir8v7W3aKNAxU4R2wGHSPVJSQQk8gLegQIHhAB&ictx=1&stq=1&cs=0&lei=sm0kaKvRObiOseMPo6qXoQI#ebo=2
oba39wn,https://www.google.com/search?sca_esv=f5688daecd034083&sxsrf=AHTn8zqkUDUm7ZEr_JFET815Ql0NLBFoMQ:1747217941296&q=dr+shariq+ali+reviews&uds=ABqPDvz7yj4aIITAr9b6rFVjpG2ndZ_lBl_eRTSrMqjff1f62JAryDJ5bMO1gu9-wcswMvlOeXjSFnW59TnK8gCpaBI0fcH45poBJmN2Hzc8n9nUYVcFEGlZXL_QEZNmKRnarZAYWAfFzi2UNyor_lSuHP6bM3ufCwvMcusY0PinAlInl7BexAQRkSAnvlMedNGFqkqf4OCIqIpf3_u0FanV-GtVPzleF-RtLD8stRIq-e-wz4Uu-lmpKvea5-L2T708DW-KXzgjrJnnyD_FJgKvun-5hWpDokzM4-_AN1NhIP0p9ZLQADaECKjmx9IHqowo6svrZ-U87VfZOyp6-b7TT-mfMQCzlA&si=APYL9bs7Hg2KMLB-4tSoTdxuOx8BdRvHbByC_AuVpNyh0x2KzaZdg-rDGs2M4A56Gnw-UOB3VjNNhDwXHVYmA0BPu5sdpyvp_XZuJhrqVv3IO-2D_AkIZadzfWiwcZD9N96oFwPd9eZe&sa=X&ved=2ahUKEwiNzvGF3qKNAxXRRmcHHc3bLi8Qk8gLegQIHBAB&ictx=1&stq=1&cs=0&lei=FW4kaM3vEdGNnesPzbe7-QI#ebo=2
akh17ix,https://www.google.com/search?sca_esv=f5688daecd034083&sxsrf=AHTn8zozsZf1xvXu9Oyy9VajbOSVbnwdUg:1747218205049&q=skin+institute+-+dr.+a.n.+tiwari+reviews&uds=ABqPDvw0c4ldgSasNkArZj0bDNRKfJ7rfWq1cC_6BNA-1w5ipS9LGnVBQKQNfkU75uAr81oabwbxgmkmuRQZtiEBam24eRFmO2pUOwitRhZ1zJFr9qyxfX7rWAR5Squie9RVWsFRXhgBq8MsBQSHyyAlqCju43b-Hi3kQ0p8cOlsP1n9IgIYMUFNO7IzjTuxqyN98IsGjLZPdGHYbJCk0roybGfuBLbkSFLdJfLLRSsp7XKwoQvvMIZcQLRMzgOcbIpN9FhBYGBdcPEy6df8F-T_JxXOC7K3DR-wFkI-rM8vtgWCqdtFwg5S-g8UiAigTo3L0a7A7XaL3dxUcJ-hnQE7Y6khKi4CU_BkRAwc0cd4Zb8uTHCG6jxUp1SHJnweBVHBQU5gIxx3goqW3lITh3QagoN6sRN0jA&si=APYL9btvhO6SAb8jF9HqTZMMa7vs_teLnZaEVrJZwRKFIIKjoaK0XOpD8IGVoQH-5eiPLGqfikCHo8fdwIHpl8QMF38IsVv-Z1I1McUhrsVLSPQ7xnrfv3Mu6els16xWxF2pgj2hiSoFoatFTE2Q1e-JFFQjhH22yw%3D%3D&sa=X&ved=2ahUKEwi81NOD36KNAxUmfvUHHdoQDBkQk8gLegQIHRAB&ictx=1&stq=1&cs=0&lei=HW8kaPzRAqb81e8P2qGwyAE#ebo=1
pnx37ap,https://www.google.com/search?sca_esv=f5688daecd034083&sxsrf=AHTn8zohUPN4--TcKzA86wf6wQSnj1ln4Q:1747218601279&q=dr+rl+shah+reviews&uds=ABqPDvw5q1TlzerrECbGn4PhHCuLxji0EyNnyhyXPDoloHiyL899dz4xc_F3rIewrs8SNY9tgttM2dV9mLQ8YN_9heJcpzvBkalVVwUmDl-Xll8aUxt_yNkQWzyVmKvANCs-Ztn54pqR-v5kdG2cXCeZxrQAxHR8YxlBbsxEUmXtd3WOHHghyeW33-lnkxdwEOwS1AbOGtactOlgLWb-Cm7SmpFmUMjw4CNAUrXobcfnMl92BlMYmE8Gp66BBgDYjN03bi_FtIXIi0Fj8W7blhzz1RVYNkNgFSS6um5uFV3Vo9oZ6CBqe-loeEz_LHcUauwVZfmvpjq9p3xAlVHxEykyUNb6xtXmGQbB4pDSdyS-jiW9q-c65hzGT2Xao7xGnglXNVWJFD0h&si=APYL9bs7Hg2KMLB-4tSoTdxuOx8BdRvHbByC_AuVpNyh0x2KzXYukEiFxcYmzrB7gjNxDw2iZP5vmxRT5dbcQ9O_ER9a4Evlx54aJAFMu4N2BSl5bphk6_oyTUbAf5Po1LAzsf24XbIq&sa=X&ved=2ahUKEwjA7MvA4KKNAxV5TWcHHSJbH1EQk8gLegQIHxAB&ictx=1&stq=1&cs=0&lei=qXAkaID0EPmanesPorb9iAU#ebo=2
aue93if,https://www.google.com/search?sca_esv=f5688daecd034083&sxsrf=AHTn8zpfm0wI75xdvtNzHLu1wRPj4M6xCA:1747218813694&q=dr.+kanchan+porwal+reviews&uds=ABqPDvxa0WqlDBVfWyG2icZWTwfE4yjaBXJCoBoIDni7gI8cEer1oxWmlTfqr3f5d2JxB1xSVK0GZWCGjOyXqxD6DCT96v7LP5q4kbfHD8J7EkDEL89U1V5jAjc8-UkOUpLqz-kOKaM2AA4hlFxRaaWTe7UGkohU7raCpWUt-D_X9vHXT5JBGxuPSI4Mxx7JJY2PnDXVzD3xNt-21yMMwfS-o5gu9wMtIDQrTmaDD4QBpbhG6gMBl-18ttDQBoZBMHrooMs6K4NmIvZ3mRqMjzG4JgD1zgDPqhjrENn9a6--pyFKqXj612M0lALGrWVvuKm-7AqCcwq8pk2Umox7_IKJQWul3zrOF_oqjnG48ONCr1WrMNcIZfp5OgMBceXAE37uZlSdt9DBuLBP_UC4lcKlqVEVXQiYrQ1surKDM8ejZnwja5TdWh39Awcg7EIlBSgCGUgg7XJ4__PuDb-jsv2NmUbNcVuVTA&si=APYL9bs7Hg2KMLB-4tSoTdxuOx8BdRvHbByC_AuVpNyh0x2Kze6brZt0r8bE78MMQIDw8-bT8sQ970QPhTXfCDN3Zym9amU4tEUcQkC7-y-2xTBJGicLy5bapDIsKRYpyYpu796N7KkBEZnESL1AXvZvT6K1jo_syg%3D%3D&sa=X&ved=2ahUKEwi5w_Cl4aKNAxW8d2wGHcmYDx8Qk8gLegQIIBAB&ictx=1&stq=1&cs=0&lei=fXEkaPmQKrzvseMPybG--AE#ebo=1
spa20cd,https://www.google.com/search?sca_esv=f5688daecd034083&sxsrf=AHTn8zrtrmcm6MULztG2qSICtjqmcxgluw:1747219017409&q=skin+essence+kanpur+reviews&uds=ABqPDvyfvP9mgn7pZfEVrmcima-Ru83wDXooRArDRKzCj4RwpVlhb_qN_-iOr_E2mIbeatJY33k1bQLiLkLTExwmvWfyyIgYMw_GNY-KvUMXTl-3u7JIwvcQNkFaZvjGtKKwneyx08VAFoCBZYvyxHW8RfDzGVJcMZnG5DvOghqupS-6-IjtIHZLvlVfqJH8zRgYZcPCEVJY1HP8XZkBfx2aJmCdKYdIO3-47BOCsR7O3RnQMKdtStvb82F_-Ub7SoVRuxlXTcj7uQj0AQatNWpwA88BCYzgK3js1X1yFw8B-bOd0bWsxf_pOyh_RxsXQ7iXy6j1ZmGrl4aWdL9TLxTiGFObsXx8hHzTrB38Zsk2Ht6vgjFXaEveBGEC3S3wKBT-h4Kc3s9XJEmMhY1Cq3g9q1JbZRGQVTZYqHeMmsN2mbncoryfzZNOTvD-Nol0hVj6XNI0FSo1IdUGrIjHK_BokvVV5cG4LQ&si=APYL9bs7Hg2KMLB-4tSoTdxuOx8BdRvHbByC_AuVpNyh0x2KzTHtoSCu958rnitPGJApMojbteXozEmUQGOLcMPxZfVJdWn4Tr_Wy74w1o2cROyBPBYZl2ZGhVQDMw6-sPHNOeQHg5sgJ2pSvG6Blo8gEWp0MI4eKA%3D%3D&sa=X&ved=2ahUKEwjNm4KH4qKNAxWxTmwGHatfOJAQk8gLegQIHhAB&ictx=1&biw=360&bih=697&dpr=2&stq=1&cs=0&lei=YXIkaKWfB7nKseMPgeXO0A0#ebo=2
stu51ho,https://www.google.com/search?sca_esv=f37af7071d948b3e&rlz=1C1CHZN_enIN1087IN1087&sxsrf=AHTn8zpbcA__ZNWj9ZLbcx6bZwjNFmkleQ:1747740548900&si=APYL9bs7Hg2KMLB-4tSoTdxuOx8BdRvHbByC_AuVpNyh0x2KzW0o0RFixI6qKwYj2F75o2kCGal-ZwoiOgrYtWSoaFF7rNkeL-xGn6nUOtukXeTjYXp0sR4xyDZI8hYgMoTUeM6nPNTpNOmVS5HelCii9_BxRL0wpw%3D%3D&q=D%27Skin+N+Laser+Clinic+Reviews&sa=X&ved=2ahUKEwimrM70-LGNAxUzhq8BHQIJL-oQ0bkNegQIIhAD&biw=1600&bih=773&dpr=1
cfa49az,https://www.google.com/search?sca_esv=7d47c209775424ca&rlz=1C1RXQR_enIN958IN959&cs=0&sxsrf=AHTn8zo7o3vTL1CDd47tzyBIvW7-0jhwCg:1747219199279&q=dr.+naveen+gupta+skin+care+clinic+kanpur+reviews&uds=ABqPDvwMxKX6FKgOZEiZqEXCBixaO8hrVrZuvffQcazrVTRllF2SwV2zlcyoEVkrZu6PN-tPs-tUid2pQXxC-9HYhSD-hFgc37lupN1jqjVfM0mHvjKJNcRSbFelYEgWjm9XtI0h4PbEzfrMqNY2kTtYpbpTXiVnPxYPnZPbGzIa-bvEm3sD7Fdnf-5LsR6ylUUa8IgehqV8Z0OnEZ4M2-qspWVYTnrjlVFsarEukqZvCyid_jNqy9gD-BZly2ziHpVEHQ-SvvLN3ZEHWYRD169PodqRRFG46wnO6y3Zelombn3bvyaXIh583ItRzQOhNccuR0kO9l42ntF-OQrsB1Qf4xg5ysDBj0llYcjsECg55bV6tw_-2ufKZYv78P-kAs_x90e-q4GP&si=APYL9bs7Hg2KMLB-4tSoTdxuOx8BdRvHbByC_AuVpNyh0x2KzfEleotNcne8Cesbi9aHzQ83YcZbeJIxb53vn29R8dNo253ByVC-uC2mYe64OG60tYKNZ89od9O5yreEXxx_Zj3wo8mrY_tZuDCTH2JUfqTUj2CKmTgQub6gH1sHDaELXjKGC00%3D&sa=X&ved=2ahUKEwji697d4qKNAxXeU2wGHcz2A_MQk8gLegQIHhAB&ictx=1#ebo=1
lwv82rh,https://www.google.com/search?sca_esv=f37af7071d948b3e&rlz=1C1CHZN_enIN1087IN1087&sxsrf=AHTn8zrFfy_-eanppI05Wn30I6ZjpWJzow:1747740930729&si=APYL9bs7Hg2KMLB-4tSoTdxuOx8BdRvHbByC_AuVpNyh0x2KzfMHIseB1Xod35MP0rt4YRtuwCh59MgrltCEIf5GPpyBpeROwtjSDDSgqbWk_9aTfCx-bnh_26teR-5qMqpM9Dpxaq5UrH2Xl5sKGi6tWwK1yMLoAA%3D%3D&q=Dr+Shivhare%27s%28+Divam+Skin+Care%29+Reviews&sa=X&ved=2ahUKEwj-sdeq-rGNAxW2cvUHHXegA0cQ0bkNegQIIRAD&biw=1600&bih=773&dpr=1
lqi07qo,https://www.google.com/search?sca_esv=fc0aef96463ae886&hl=en-GB&gl=in&sxsrf=AE3TifP3_e9_CwsLoFDXh9RsTuKyrHzIAA:1750319586851&si=AMgyJEtREmoPL4P1I5IDCfuA8gybfVI2d5Uj7QMwYCZHKDZ-ExoYo8DaBVxDXFaFKOpe6Q8j0S-qqngsdLC0RMwz3yPsDjwePW1T_MReSTztpV4nDmH65bnxAd1vcsJFxqjLmeIk_0-X&q=Skin+Solutions+Reviews&sa=X&ved=2ahUKEwiQ1d7JgP2NAxVN4TgGHWmIFVgQ0bkNegQIIhAD&biw=1422&bih=650&dpr=1.35
jdr22qi,https://www.google.com/search?sca_esv=f5688daecd034083&biw=1366&bih=650&sxsrf=AHTn8zr5f2Sy8EY0LrCRYUSmTGAvnhkJ-Q:1747219500115&q=dr+amrit+singh+bhatia+kanpur+reviews&uds=ABqPDvyurFTnslU9CDNbUcSTtk2qr5BjnmX4lnifxgx8CxwWVcZelpvSdwvLxKhm8OjYNmDHy3VC3-ZgIkWJBuffKeeeAtGO6fJoLPXnB6_u6qJ0BmVAQy57qGK27zctE50OvJw2JwgpQTmFU0UcyLxnIny28w9_RY0popb-5sr6u91D5398GTYANEhO4UmbsH0hn1WiwITcyCg-FEcOJUxmJizSIkiM0ebsrNj7lTWINqkdh7Jg9Z8YfENkGLEv6Uj1G2WpRpw6EO8Yy-UHw3U1po79B7eXmLgt80R9RO6lNyp5SLt8l8q5ochD_XovkZptWFMh0CW0rCzBFutBGnYUk53jxa9tk7wUFI9p9sOX8_Fdd7ANey4&si=APYL9bs7Hg2KMLB-4tSoTdxuOx8BdRvHbByC_AuVpNyh0x2Kzdbi4DeSqrX-LGRqqR_DHpzIkoDr01mzY-_VV3D2qlo0vbX7c-ARC6KKz57sg0OqpgoTkGqr_WpPi4bzcWGDaycIa6a3uty60V5XNmBJ_8IplGAPig%3D%3D&sa=X&ved=2ahUKEwjTp5jt46KNAxUIafUHHXyRGNQQk8gLegQIGhAB&ictx=1&stq=1&cs=0&lei=LHQkaNPhBojS1e8P_KLioA0#ebo=2
ldl97ia,https://www.google.com/search?sca_esv=f37af7071d948b3e&rlz=1C1CHZN_enIN1087IN1087&sxsrf=AHTn8zqiS_RphFCo0Ju6i4sybN-vLYQHzw:1747741455200&si=APYL9bs7Hg2KMLB-4tSoTdxuOx8BdRvHbByC_AuVpNyh0x2KzYOl9PMFRFHrbB-t0y2KRsglhbaQSFjZEb0tvxbzOJE3Z8_2EbLaFC21rtbYWU3hbJhSzW_Nf5hl2EyMEy5-BB4Ie4wxtZqlybev6b-fNhAEGeb-dA%3D%3D&q=GLOW+SKIN+HAIR+LASER+CLINIC+Reviews&sa=X&ved=2ahUKEwiHveKk_LGNAxWEzjgGHaO5K4AQ0bkNegQIKRAE&biw=1600&bih=773&dpr=1
wgk76eg,https://www.google.com/search?sca_esv=7d47c209775424ca&authuser=0&sxsrf=AHTn8zpjk01gkHnimfuxfDyHuuY8pAkpQw:1747219738814&q=dr.+aayushi+mohan+%7C+best+dermatologist+in+gorakhpur+reviews&uds=ABqPDvwpZhkf4nJjP_DIVvPZT7MIH2akVxYk4KuSVo_ll_865hJy0ZVON4U9bsEQPksS2L65bUrSXqJCnPIkZSGZFYv7EXAgCHU5eT7pAkqaWJRn1lxfTSk1AqqXqUvjZSKegCXYvbNXzSq7JntNn-M3siT_8c-glW6y2643J4hUXN6kJBu8fCwzdLlMa4-XpBt-2D49pO9aFIolGd8XKsPcDCgw1b0O3O0_w-WEykXDBNTITbl5z_ecIOXo9XbtuB9n8ieG43ZsBXAoNzMGH8ahW5qFZbGoTZTysNOFHYdnz8cVC2OetBdx0N1xiKPnAc0WPzMiFy0ecj8hfYr7wIfcYlTDRRUN6pmIgepzozxJYd7REghfsVjVs4M6zD5QgbEW1M1j5LQpqSMQn3iFERGofzpkMkgzDhrn10GKh2q3QDqqTLd-0a1yIBS8dnSdhXkP2PX_rB8nVVIcZeue1mYs18BjOCL2mysWqCfgGTDvGnv6udaFJsc74bb5UQB4vyRA1tlihBbI&si=APYL9bs7Hg2KMLB-4tSoTdxuOx8BdRvHbByC_AuVpNyh0x2KzXLvRkG9b2pTh4D_MxC7PZy7oHX6LW-v93sGS2lKblpZE90SUxTGl1sP_ZkI8OwDUGCRi_D8lPgslJgupPB_YROrZhQpavkvQE-ZNn6tzHaY7YpOX7hTSCN6xpdndcO992hIdfSSzQ8PWEF3r6vGEf7ywe9e&sa=X&ved=2ahUKEwiwrYHf5KKNAxX8T2wGHbfdIuwQk8gLegQIHhAB&ictx=1&stq=1&cs=0&lei=GnUkaLC4MfyfseMPt7uL4Q4#ebo=1
gtd73zt,https://www.google.com/search?sca_esv=7d47c209775424ca&authuser=0&sxsrf=AHTn8zrer7SSZbAduCf8OuYfNzHN5ebNgg:1747219932267&q=dr.+d.k.singh+skin+care+reviews&uds=ABqPDvzsrWSLy_Q55_KUtGDmSrE2Kvpt3K3Uvlel0cZCzyS_Aqf8THv2q3ykkv_dgJWbN-mmg0v4DOio5AzyuTvHW2_jHsuxa-wti6HXgpJ6RPDc4Z2hlZiKMIjl8TmFiH2B4-grBD2ngmIkJmjJ1IhwzBnfXDv2W9QsW-nXP79d-wKajbTL_1xgy3ZEriT4_P9z41tnxZ1CqvyAlRXrfhKTX8Jc5VG372haL3xnPkXtBlPS2W-Ng-PoFdcMaM9ilM4gb2bn0Y1_LuHUKJbGEvHWBnwxZre8s1ux32Dwlv6gIn9UybOgb6BMP-yqKGTXghgpXqdFu5A0fh10yEqDUUTZoTkJ3FoAwX-Ar6ZAcSQ9s4nZ4srXNZoVBXyaDCk6gePGldCIXqbvCknfidu7d3J3oiasOtInqw&si=APYL9bs7Hg2KMLB-4tSoTdxuOx8BdRvHbByC_AuVpNyh0x2KzQny7zkJ70zPtycabJCRt52fFAY8R5q3EV7dJvoELgiH7H4W2rHwadNOPyNiz3x1GFmFjthCDvwf8nz45RBJ8YIfZD7UdCwt3PgPuFAS3xkWvWFRgQ%3D%3D&sa=X&ved=2ahUKEwim7KC75aKNAxUER2cHHfzhF2YQk8gLegQIHBAB&ictx=1#ebo=2
wki19jd,"https://www.google.com/search?sca_esv=f5688daecd034083&biw=1366&bih=650&sxsrf=AHTn8zq31g1c_XdNvSD0rZ4FlLnY6pPuQA:1747220144746&q=dr.+ram+anugrah+m.b.b.s.+m.d.+dvl+miadvl+dermatologist,+venerology+%26+leprosy,+cosmetology,+laser+basti+reviews&uds=ABqPDvzcpotkmhPnVu2B0eky1nBbxOQ21tSQ0dhcNELponkUIWl3_K0_DkoTFBIymA9hmJoR8UjkX5He-BNUSur4kST59mIGzh6v26-36WwED6l6oqLKlTL3_CbNmk1u_N9KvNOUGeP_nieM07iCj8lKHBNmuPEHwlicMFZ2rHEuI_hVeZ4JVPW9NnmnL6SRKagFkHEH3U9vRkTgRuXtkK61JI90BzFzo-z1oz7oJ9fNlJI6AX8IdquX-CW1UXjDhA0yn61UFdQI3Gj030BLDJPHiRzqO5ZbuVx7sqldHEWt3761Hsc-KiDIrMz4DOuchnEhgdmZgqYIA13hI-Oi3GnY7wZ0IuW_WSlLaHPzYAMicTthY0EYUPfUzl2a9vL-WVU4ISYf5BkysO_4pvRdur8d5093J7JvM_dUp_VGAEk4WXI6Q3wLvlT-J5vj5CSDQAarm0bpvyYdCQGtiuLLv-nqVPuInBhQHn7XQt__6d34SPJegeibTxJQ97hpDmNp_ZBL0-kpZccd0ABmkUT5tvUH3C0yy2CtZu1VVLSgQzNCIeO7q3zVuz5_s3NmLzccYYN0qeUlurxm&si=APYL9bs7Hg2KMLB-4tSoTdxuOx8BdRvHbByC_AuVpNyh0x2KzYnrUBAIjSBF_7N4EmCem4N64kivJM5lICZxrmqQqFmexadIRUNobmFAy5kVBzT0nvNjdDicl_OKodjJ-hAM2GEwjTDWVy3yBuLuIfZ8oF3CzVSE3fnRoqyARNK8Qwccc9c3532Auvj5ZPXr6rTeCqgcmcpRiEXqJr7p6UxrZUHf4FK15FCydXSopIrNYenva4eRpGfuSu0pXt1wt9wjGdeKdkR6&sa=X&ved=2ahUKEwiDtcmg5qKNAxVXePUHHfNJKQMQk8gLegQIIRAB&ictx=1&stq=1&cs=0&lei=sHYkaIOdLdfw1e8P85OlGQ#ebo=2"
bfq29ki,https://www.google.com/search?sca_esv=7d47c209775424ca&authuser=0&biw=360&bih=697&sxsrf=AHTn8zrogwUL3306eL4ULynxlJXY8xFwyw:1747220310846&q=skin+and+dental+care+reviews&uds=ABqPDvyHSFxoBfM6R6WqTVP35sdcZIdhi4bg0waSiAxH1zpOv7rKoWocvyW61_kiP0KNrXzQwLF9yggwXldS0mBhGFFZw1168g_w0SiXt7GWqIv_KUIAv4WxAapPIQ71lYrl72n-7PwSswjxJkSCSusfO9afjxHSH3fazGK28I40WI6x6lNfdFjsEk-PCQb9I7kl1Od35mpPDHHE8GDDrg-AOaTnZN6VT-6yGdjJM4khDI5BcnxjuhlqjVZQveN56ak9_V20MPGh0eVbePNoXd1soWIs70L4JvZW5jJI9Ic_3vUSKf4_VmZZtBeE2UHATPHGqWZDpUZtnN5YEiBEx-ap1J0FK6ZQR6SClaECWW7HINMzifpX9_4SQTe-yw5KXiZmpQEVfRZ7&si=APYL9bs7Hg2KMLB-4tSoTdxuOx8BdRvHbByC_AuVpNyh0x2KzUFcvuGdjzyM6JlVQB1v2nnVK3gn_YFl80QRm7axgm7SSkrF_UflqpG7Z84RDd-gLqnw9csEVnZ6RUnBXBctHZlJHYqBRI0C-WiOIwMqEh7L4fUGqA%3D%3D&sa=X&ved=2ahUKEwiFu-Pv5qKNAxU9aPUHHaQ7GcoQk8gLegQIIRAB&ictx=1&stq=1&cs=0&lei=VnckaIW4M73Q1e8PpPfk0Aw#ebo=2
ffs45tc,https://www.google.com/search?sca_esv=7d47c209775424ca&authuser=0&cs=0&sxsrf=AHTn8zrAveL8IhiTZNYGqq3YVzqRLLXH_w:1748000727683&si=APYL9bs7Hg2KMLB-4tSoTdxuOx8BdRvHbByC_AuVpNyh0x2KzYV8anIdfM2oMGLMzR6bbZyU6TQyUzy9gGpmyS5expjEpAPp1pgdHPcEL0reVBZyCTCBQDJYxKxZdJ13rkrpEVgchPBOtL7ik7r9BEvi-lgAtVa4i7hmXC_8cXILn-LgEyVbk5E%3D&q=Dr+Deepti+Tiwari+Skin+Care+Clinic+Reviews&sa=X&ved=2ahUKEwic-sKTwrmNAxUIm68BHdJXAckQ0bkNegQIIRAD&biw=1422&bih=650&dpr=1.35
pus03tb,https://www.google.com/search?sca_esv=f37af7071d948b3e&rlz=1C1CHZN_enIN1087IN1087&sxsrf=AHTn8zr_x16rFS6WIp4Ul170aSrGfaQ-Vw:1748000755940&si=APYL9bvoDGWmsM6h2lfKzIb8LfQg_oNQyUOQgna9TyfQHAoqUq5ujOjlf8k5fcUkufqWbpKT3Bali--YjQYB4J6xWwM44LarZENy762GzLOmU3cPETmpPwJyfzpROo0dt93rn8JYmHLK&q=Goel+Clinic+Reviews&sa=X&ved=2ahUKEwim2_-gwrmNAxXFna8BHSvvAA8Q0bkNegQIKBAD&biw=1422&bih=650&dpr=1.35
mzn34yn,https://www.google.com/search?sca_esv=7d47c209775424ca&rlz=1C1RXQR_enIN958IN959&sxsrf=AHTn8zoMsRLHGfrurfFBs3TTwR5YHi_TEg:1747220952786&q=dr.+patwa+skin+hair+and+asthetic+clinic+-+skin+specialist+in+prayagraj+reviews&uds=ABqPDvxSvSIzMziLxESqTKK8Di7xjrccR-JWCXyXVW_vnBL7rL3SamkD-1m2EtQmU0zB67GIW1v0WNuMiUhpe_FXh9DqwNnLfUhQwzNzKKBOPMsoQNDniBeOZPJi5lxBN9OTr5tEnFJwAFs_6fwPa0FrnhUphuwx_XR-CitWnty-DGoGrNv0Tr5gxwJewl5WpGqbmVqyP1yTWX9YZ6sTZgF5e3SY614evYBMC5-59ZrMg8DZThRpp3hXi7Q-pacBajyNQElz0IN0yZjogD0-QjrHWVqKI-4Oz-IAcA4te3wW10TF-QRHVhSHmk5X_VENBbIx3daU7iJiCq6A9XigUZgkrTpJe-O5pAwAn1xBnMiSuTqCsdStje4xmd8MbxDGHh841Ti9FcxjDtcoWYXrT__-TfOvsdMTCfGXY2vN1TUpBmVqf_fRCuFJZNDH_cTous_ztFIG7KON3HaPhAwA6SaCuYjLP8eFjtSSLhakDOQaM5GboRnw4w6NWMP7Y1kiA0INOz9gI45WCJ5Qmo9qzfjkYOAukgOgwxiveUpNB7JoFjRlpldFoHWvtqcLzYgN37UXu04PhH-MgX743lIUzfkNJMZTlAhbqMF-EyzkQgKRJkptC4QRlkw&si=APYL9bs7Hg2KMLB-4tSoTdxuOx8BdRvHbByC_AuVpNyh0x2KzQ6x0xrygu8JkVBdhbJPjhrDsam9ZGpskV0DBPYcTLiD_lyRfa2FaYzTO9Q3HoWiyT2y82OPR_XMYNdL6TL8c8ZoLbq_exIY3Hfs4PwFBRx6lJQ0rDwY_uu2tTRh8Ws6Fb6OYh-nPt14qJZM6nBs1QJ3xHbQ9-H4QIfPors9TqbWr-gkhg%3D%3D&sa=X&ved=2ahUKEwiYsPCh6aKNAxWGd2wGHQf6JdcQk8gLegQIIxAB&ictx=1&stq=1&cs=0&lei=2HkkaJjkL4bvseMPh_SXuQ0#ebo=1
qzb30rx,https://www.google.com/search?rlz=1C1RXQR_enIN958IN959&sca_esv=7d47c209775424ca&sxsrf=AHTn8zqWXWjs-cChwdSJGgnw336flS9eTg:1747221062973&q=skin+care+and+laser+center+prayagraj+reviews&uds=ABqPDvx8rMoOSUhK2x_i4hdrslk_c1IqygFH5nYsrVbwBlZ8i5IWGv70JPOSp7XaonnnR3651RTwvIJqWVLYtBHWH8PQbHBjsBK0sdc2m8sRK0iFFTGkM_mGGCBQqwALS1kIMIm4BiF9UeWrKv2KEQRixVB9COBK2zy2ayqm1aGvxSUYD8t9MOzTxZ8IBstxFokwCd1WcaLiF8V9BACM3CtgMpNYU1ABVDP31jbLTE0MIlpMsFHJhvci5rnq8iB_VIqT-wK4i_a9IaRTG6EjpIxJNFw5YWM-mCPeQ7snIIQOZ7FpqCExXbNWduw05WFZ0hgPMDOY1wXT1galGYgFj499pvhNQ8EJzQCEhDNtix5KdYJID5xon9vj-cfS7Odcc23_Fzj8mAmhhXTkyfgv_2mF2KLtIEX8t3sxOtj7VbPfS81-aEjq-jWWpVEUUHfqjF8rDp_aEXqXcNU950UTD6vo5ujkcd09D4GhZKzTGl3oJbbzfzcyDLo&si=APYL9bs7Hg2KMLB-4tSoTdxuOx8BdRvHbByC_AuVpNyh0x2KzeI2zbr7xnZjuzC7OJinHmRAl7DqXlPMh5otKmHVvOdqv0ssF6QvQeVLhbvycqFIG56yDRO78f66xMYAdPwc_dlxh5dR6hmABCq_lnv-c6wbffPSk3B2K9P3-lNmmG6CbE_trOM%3D&sa=X&ved=2ahUKEwij0bXW6aKNAxX7RWwGHS83OgMQk8gLegQIIBAB&ictx=1&stq=1&cs=0&lei=RnokaKOWO_uLseMPr-7oGQ#ebo=2
uqd81ww,https://www.google.com/search?sca_esv=f37af7071d948b3e&rlz=1C1CHZN_enIN1087IN1087&sxsrf=AHTn8zog7zIeAOB070PPYylgHflwQTjgmA:1747742923524&si=APYL9bs7Hg2KMLB-4tSoTdxuOx8BdRvHbByC_AuVpNyh0x2Kzez6B9-H3EmO_wOQ8qReAvwl0tLCBGEHyoaJPpxhr4HogDhMIpTr57Mo5-puEJj-etdYD3vZwfCvrPJqZ5jebS7FXNYxx4f5InvdrCvZUe_2_buIsCsFjUejdV2MKvvXguDpqlaPPt2KS03AzATuxjGVqgW4M66M5cu70qJ00lGQz1dlCdGwMtEN6F35Oys-72kxdvc%3D&q=Vidya+Skin+clinic+%7C+Best+Skin+Doctor+In+Prayagraj+%7C+Best+Skin+Clinic+in+Prayagraj+%7C+Laser+Reviews&sa=X&ved=2ahUKEwjX-fXggbKNAxVpyjgGHaGiBukQ0bkNegQIIxAE&biw=1600&bih=773&dpr=1+
rtq39fs,https://www.google.com/search?sca_esv=7d47c209775424ca&rlz=1C1RXQR_enIN958IN959&sxsrf=AHTn8zrV8MPgxoL-moBpf04EEU7-41KcHw:1747221355141&q=dr+(major)+sushil+kumar+reviews&uds=ABqPDvzsrWSLy_Q55_KUtGDmSrE2iA2r43yv24qFw8XeYn0xjZ_ioh-n4_l_RXiPulC9lAqke5fYrSPgyV9nnHcwjj1Z3LOBHFISntrlx4jFeYhgDtVEbOUuUGg4ziDDl4EXFpyMauSXdiEQqM7VhEFsEEeQAaB0wU-djZPYLHaRuCFVnAc2UlbqziXvIgfzLhtQ1968e3Jr6wUgxsi5rwjCALSYiuO74y0X3M_dGOs_DF8e8YwqacpzPIJovjvjQiMyLFU9RJjvYIIKajpn7Q5XZ2EEHEZxhP2VPt11EgxK9H_oHQqztb1Z0YlBqlETVrbkJoU7m7jOww28ka6Bti8hk_72TnoCHlKr6HhxUv7Jfmt1Mj3VCAiIsB2_7XS2yOfWpOpHcTPRew2O4KKM34wQor-wMvoTMQ&si=APYL9bs7Hg2KMLB-4tSoTdxuOx8BdRvHbByC_AuVpNyh0x2KzXwqsb-o_TVPe1ujqwxR8n_RsFzFnCR3HRBFmyWixW9QG6kSqU0h9jpz4pzB2xvL_v0J7n5Qqg9dOpL3ZPaMPtCYU7SHl_XaUn-l1ntda2-gYDOnAA%3D%3D&sa=X&ved=2ahUKEwjfkt7h6qKNAxWWYvUHHX0TGDsQk8gLegQIHhAB&ictx=1&stq=1&cs=0&lei=a3skaJ-xCJbF1e8P_abg2AM#ebo=2
ybd18qx,https://www.google.com/search?sca_esv=7d47c209775424ca&rlz=1C1RXQR_enIN958IN959&sxsrf=AHTn8zqgWx-5shuSwmipTplIPvpaqpys1Q:1747221485218&q=dr.+sneh+lata%27s+skin+clinic+varanasi+reviews&uds=ABqPDvw3j2teWAitbAZlQuAc48XyBz48xLwUOzB_R2m7xe2Ry1vLTcYl4d3O_1w5FyxKfxin9jodEujSv4UceMxl6kUp4Qg_3_7UAyxmyTMP_2HTsP9tyf6o0iQJGvd4qzeGzY3IVclTKNCibIlEL4z121X_F3Jii-xqX3HKZ_IKrfjepkXEUerGzGqYpss1kPLt14xAh8IuA5Vlu5b1p4M5EBGsrIvXq-1aTS4opUPm9z6knULKq7I17dJqm6dBwjakqNbrOs9XKn1uS5fjs-qpO6q9ZDoHmLYuFUdJnYpYEeaO9qDbWjCv0HR-ERdHFvC5bXVWpDsMaVt4afjVSk72mgofeqlhjYP2T_jfVmeqn3c4dyPe9Dw29NnT6c5ny1z2sGkBwYm2SDC11Zp9s8ZWgEQlqGRvk1FKTFlGNtRBNR3TDPdW-knquOYiMdveuC-Ver1d9-ocjIZid8my1VluKDQsmbfB3cFEupAaLeZD-8XcMZbJ2IY&si=APYL9bs7Hg2KMLB-4tSoTdxuOx8BdRvHbByC_AuVpNyh0x2KzfV970O4VpKEkGEuQj13bA1JT8IUrnItxIWPRPAtY-GDL38drtK_dE6AcehbOauM4v78aOmxPX06zM68uDAupBauschLZWQzmqdiOEKnHQWyfkny8Q7WQ16rXFBo5aVpEbhGPLI%3D&sa=X&ved=2ahUKEwi2ueGf66KNAxVQbfUHHSipMPAQk8gLegQIHhAB&ictx=1&stq=1&cs=0&lei=-HskaK7RCJbF1e8P_abg2AM#ebo=4
xsj76qr,https://www.google.com/search?sca_esv=7d47c209775424ca&rlz=1C1RXQR_enIN958IN959&sxsrf=AHTn8zqhkvbs8ZtQg-65QE0YboFfVRSZCA:1747221567148&q=%E0%A4%B8%E0%A5%8D%E0%A4%95%E0%A4%BF%E0%A4%A8+%E0%A4%95%E0%A5%87%E0%A4%AF%E0%A4%B0+%E0%A4%8F%E0%A4%A3%E0%A5%8D%E0%A4%A1+%E0%A4%B2%E0%A5%87%E0%A4%9C%E0%A4%B0+%E0%A4%B8%E0%A5%87%E0%A4%A8%E0%A5%8D%E0%A4%9F%E0%A4%B0+%E0%A4%A1%E0%A5%89+%E0%A4%AC%E0%A5%80+%E0%A4%95%E0%A5%87+%E0%A4%AF%E0%A4%BE%E0%A4%A6%E0%A4%B5&uds=ABqPDvxbEElQ9-987oJiFEELchAOEgGFESH_hXY8XMDqpd0MHe11OhvEHmDU8OYYFJL1QKo-8cOwUpV-J_pnZipMkio-v3p_dsxPd-oa-LgGIPBe1Ox3A-O7oHhwsScXrqsyR1XhfNX_lMJzNQWJDxmPKLVulNRahSOFtOtyGI4eaWy1fe0MVacUDjFtJJ8q7MCKz3MVtpi4H2stW8zcdU9SxzGDgheCTbfZ3mN6nxQHvq_bLJ3lYpabqdlgoieL1kt6oa9GyfTNjttc4x-PUXqibWVi6GiAn0ocHX37QNmfUASeJF7ZwfgW3Texn_nVYJMAG41VB4_SDGylN3-ck0RQV6d0Rq-a2D4jD5U996gNfUj0oQQHYDP2YuySH306pF9odiouSXCFhsh8345kJjeDqJ4AMLQuDqd0LWtmBmkeY7vwpU3nz2GQvzf6Ru3sj_9W-cydNM6ozg0SQ_yfSCKllzbru3YQ3w&si=APYL9bs7Hg2KMLB-4tSoTdxuOx8BdRvHbByC_AuVpNyh0x2KzUsHr-hl1kqyS7utthod0dw0MwBMXWGKrcRYv5PNvzRqHtsnd6EHcp_8o6AunRdivpSV7ieGqrt7HfiEvWM08qrHal4-S24Haeo5fooWQ6TD-bV6AAxWz-I5lsHbk-GpD88QFLStLUCbmbAsu359h-udENef5svxSpmHeL5eEuDYcmeRSUebzsvTkFSkYzaCqKmgHOlV2ayb8Pq__FCT6n0Zi_WP&sa=X&ved=2ahUKEwjXhurG66KNAxU9aPUHHWAiC9EQk8gLegQIHRAB&ictx=1#ebo=2
mug39yl,"https://www.google.com/search?client=ms-android-oneplus-terr1-rso2&sca_esv=008f9e8726f85704&hl=en-GB&cs=0&sxsrf=AHTn8zqVXMRNMvxWsTkyfl69-6eoNnJe3A:1747221704624&q=dr.surjit+mehta+skin,+hair+and+laser+specialist+new+delhi+reviews&uds=ABqPDvyaf41O_JrxdfPdZ0gVpVpZnreyvpZBFnd4s13kwZy_c8hEelkSgh-w8RXMqqwvUKeD3Sq43CN9Pd-RNQHF9Um8dF5Lhi2xDAteIin_6lMvHKLK1J39hGmej33SdvLRwxomIwZXoYuXZB2YNvDTPapdJR0lGjMFQa3AaoTGKRDYKv43ryPo-e3V8Wni-HhA0Li2kdJGidQSYiPrkTUzh8MbNgMA1ziDYPy4VbAaYaE2GNQ7383DiUhMxuUq0BMOR0iDIV8pUEF8tkAYCyMRKdu_DOHPwHNKJooJZaMQDA7Bz5uyhq3CoSsTlSJYQfji1t38MPzojOb6Bx4Uq-VbcCK-fnhYaQltmOZb34BAqAuPQ6IgfOvtRKpJguXrJ4tL4RCCwM5402eeeUD6W010XKzi1tzcA1VlXjQIKWlk_RWL3UzBmld1AGaGCZL_J8u2T6kxawQl&si=APYL9bs7Hg2KMLB-4tSoTdxuOx8BdRvHbByC_AuVpNyh0x2KzdintrDT8fCXezSK4KzlUcWva_OykFe_unkLlls3pYlmqxoHsGs93xAxBGzKvgNveUhgRCK5LPqsEKRgoLve6tBalMSiI8zn1znPd3B74vGjwxprUJICr8NIyhX6PaPDsSCXJYRn0w8QDKT-bSRri-Nd1j8a&sa=X&ved=2ahUKEwjw77CI7KKNAxV1evUHHXWQK6kQk8gLegQIHxAB&ictx=1&biw=360&bih=697&dpr=2#ebo=1"
xat79gr,https://www.google.com/search?client=ms-android-samsung-gs-rev1&sca_esv=c1209131ca63d9ac&hl=en-IN&sxsrf=AHTn8zrmJiVOooEANWbyL0Bno015aFwU7w:1747221764233&q=dr.kapil+chandra+reviews&uds=ABqPDvzQYQ9LS10ZsLo-wQupYQAHiXY03zxNoeAvZNgxPNiYoTqjTneZywMlBw7RXmBt6MzPqqnkNmJ7LubjDWyCfdGGOTk4hVTwUGRN3ApVc0evYfTKg6I2HhtpVtGP7eQDZnHObmTENVfgaG3JsqL8yzGjtESkWYgR7S2ZIGnjr_QnmlHBd7ECDuipS5zpWYrnuXu8S3WQEA9gyRr5Dyt2Jzly8DrwnuaquV6d_EH1Hm5irLcNcGddloD56mtD2gQUyZUmmsA7AIh0nJuWC2ngl0Oof9jZhqjoxofgaQxrXBhtfHFg_uyUnzXLUQAbWmTs08Ya6oKaUq0BcmROgm5oPeTVgwlPgX_rfeqlRRWDfUGO7KNqDInQxYuuWvE0j3ZhfHxcxmFP&si=APYL9bvoDGWmsM6h2lfKzIb8LfQg_oNQyUOQgna9TyfQHAoqUs5Xhr8gHNSlGnELGmr6kxkDyt296ugVfXrnyPtfvelKkZScn6t5UZjYlz1pDcwMhEIAt5gEwRIHR-ZSD_VxdCsLicAn&sa=X&ved=2ahUKEwj_kuek7KKNAxXGTmwGHaq8LwsQk8gLegQIIRAB&ictx=1&stq=1&cs=0&lei=BH0kaP-ADsadseMPqvm-WQ#ebo=1
kli57tn,https://www.google.com/search?client=ms-android-samsung-gs-rev1&sca_esv=c1209131ca63d9ac&hl=en-IN&sxsrf=AHTn8zrdeYIYSpj75fU7j9OH_xGeckckrw:1747221907152&q=skin+prayag+reviews&uds=ABqPDvxike2Vyye8pDepHNvghg0gTjzU7EdU5AgNjEELXryoU5OgBdQUVrBzNf2KI_biUckGmXpczeZh7Y_wYI4EF6V--TeqAbz14sPwJlmk-KLGf9QYJDlahwkxPI89RQW8x-Z3bzWsbPSvze8fpS9BpyNlKWazzABvFucVYbsk6qULA8h2UT_v5LTGn7SJ1pm5xDpRiIfURIavaLgRLezGJlRecipTZaP6igjfiIpNMCJiEAtYz_fhrEoXNMKhHiZ6z5grnBMw_uKYhkfdBB-TS5PSBOixR_WbYYVGlam2s3QRGaPfOorTs75Sf78uhF5-v-kuif3IvLB58tjHEa6rL97YG1kwMY5Ob8ow2IIARgL4eu6yg2xpWK55pOllcn7IH8qtVGseUF53afCd1PuKxTp5WR70HUsJH750n8cy_yvReI7ROYtg7LkjYNF6cuzp5uJL8Cr1RGlfSM8MBZTs_CVfljjAowO0zCgsxmg08cwNkNEHut4oOoIylPKYP_DYMFUHf2cH&si=APYL9bvoDGWmsM6h2lfKzIb8LfQg_oNQyUOQgna9TyfQHAoqUu5-AYbXVYJmYlsBvvzBFGHra18FgOhXSuKA7nqgg_cqwukaJOg-GP5umWUW5PutOppgLLLOeiQRdUE60lmMMzvYGyxz&sa=X&ved=2ahUKEwiBnPro7KKNAxVlRmwGHfLVA_cQk8gLegQIIhAB&ictx=1&stq=1&cs=0&lei=k30kaMGGCeWMseMP8quPuA8#ebo=1
edg16dc,https://www.google.com/search?client=ms-android-oneplus-terr1-rso2&sca_esv=008f9e8726f85704&hl=en-GB&sxsrf=AHTn8zpQHS-geF9onJFr-f1q78v0Ku8Jzg:1747222017624&q=dr.+kanika+mittal+reviews&uds=ABqPDvy2oiqO6xZHcwsJo1yWq3pajFTu32vtnPhYpoVSHT6yUFs9Y5qKrFZGu7iR7RWgiafMKGcCOabFbNG6wfxDXgL3Z-GWUCFZlrEabNMoP2T7_lS18QS01FKjXlB9m0xy9il3AiIf5v6U5EGCordVibY5Xnu7yuPOHyaitc5Tu3zBNCaB8r9x-h_VKJKQxMsghz9NsIuS2a2rWZuwVzwzJ9RzGXTN5RHTWiuJ7SEBqIBrvYtFJLv9bTAzFqewLOFq-XVfO8dTI286tmR2rjw4qvTa2wt1SJdAIaUc3MPTWTjQAYZW6Hi0mnHxGXN9NxrR9Z9cfCtbLV8yBuZu3_dgshchaDCGOuqvXXz4mi8S_nQqFMOY1f3luqEQebZ5gvrIYZjyvr6B&si=APYL9bs7Hg2KMLB-4tSoTdxuOx8BdRvHbByC_AuVpNyh0x2Kzds3JWiuls5LLN1wDc4RtnGhKjWoeIyn7ovQNtREVlOclvv-m9J1g8zDRu5yO8-07qhV18cGcyGX5lYtQsXrccm5KUbBP34soPaA8Ri8m55VeVy9vQ%3D%3D&sa=X&ved=2ahUKEwj58dCd7aKNAxXnZWwGHZU5M7cQk8gLegQIIBAB&ictx=1&stq=1&cs=0&lei=AX4kaLntJefLseMPlfPMuQs#ebo=1
agl20dd,https://www.google.com/search?sca_esv=f37af7071d948b3e&rlz=1C1CHZN_enIN1087IN1087&sxsrf=AHTn8zpqC4JKV2Upid8slFShxJShhOFHMg:1747744717855&si=APYL9bvoDGWmsM6h2lfKzIb8LfQg_oNQyUOQgna9TyfQHAoqUkiXqHgjwk1LSxN8wRf1DfFW4XbFJFQ3EmCST-5avdCRt_EqD1YWnOJnG0Hp75sZBkB4bBI5kqm0az-HWDZ_saMvH56M8NilW4aPxlgU_vZEYy-s8kcWBuDTO08oEJcRSedbwI0%3D&q=Dr+Kiran+Gupta-Dermavision-The+Skin+Clinic+Reviews&sa=X&ved=2ahUKEwiQjMO4iLKNAxXXzjgGHXh1AswQ0bkNegQINxAE&biw=1600&bih=773&dpr=1
mrz31pl,"https://www.google.com/search?client=ms-android-oneplus-terr1-rso2&sca_esv=008f9e8726f85704&hl=en-GB&sxsrf=AHTn8zr53pSxPbfLWKqymkpvevnnrVW6Mw:1747222137295&q=dr+sagar+sharma+mbbs,m.d(skin+and+vd)/best+skin+doctor/eczema/psoriasis/hairfall/alopecia/prp+delhi+reviews&uds=ABqPDvydmt-LO990YqTthrCBOZpu3GbzBu4N9V7EQZ2KZsfUhCePQODoFgdMu59rEtqaASpDlDXD7eO-x1zlCvP0GpiRwdbFhlGeIyJQIMoCV06B4ai5dnMNEVbVct3qHwm20EEPBdaoHoPmD-YkXFt6_5jsca95JwssOg5v8K-pmHRFSMAnuNQl2E_UNJ_KfQQzelLlRnNBr7NIGmMe4_JWUGlznkLcSKSOxSvOaAmB06N2K47pavY4A5HFJiMMb15EQ2LOA0V5M9oUYs-58rb5bNzw4vsphAOK_yfDJcovKuV9tD__3ABPE33ST8-V99K5SiZSjKYaOKmhFZ5h2_eZ_ypdGfrscFx8q6GPKSU-oL5XG2CnX04jwTZSIS3OwZh9_clynr3fpC0-rw7NQz4Gomvb5BSBG5c_gD1XnP2h8AfyFvtlN8cQlpGFx2PvhW2ewrVdU1FMtMg1JhlAOFLafAaUT2OoH6WdAVnK5YVKtG1HbQeej3-1qvsZ6DLobQF5pz92FDl8kczixTQgSw8dqAQh3GP2tht51_1U6Pvlpo03fsIMngUBYfbjshnBfQWrAys6uvzc_RVQP3N-ziTMKtSMBjj1G09XhYoSvIPGhb7lTjVD3jt43ri-fUeDIoEW8rj0yVNX&si=APYL9bs7Hg2KMLB-4tSoTdxuOx8BdRvHbByC_AuVpNyh0x2KzbcGKW8vvnjezF8zYMVpPmF6whySf0UEKsYGuCaM_MY05q-jdt8okAyse-gZpSgyZ34FPNyMfHH_VWWEjJ79t50cR639GGcPha62mJ1R9J-bRyUsT5myAJ-vsGaWgl6a7UI8ONQoiNeIWBybo4p-DqI7QumG8CY3GY-8QplYVHCOSSXtUjZvh7DIfLxbkRHcAPivBBL-AE1hByyxvZaWtUFhmsNP&sa=X&ved=2ahUKEwjUkNnW7aKNAxXjcWwGHXHYLWkQk8gLegQIIxAB&ictx=1&stq=1&cs=0&lei=eX4kaJTwEePjseMP8bC3yQY#ebo=2"
xhb01jm,https://www.google.com/search?sca_esv=f37af7071d948b3e&rlz=1C1CHZN_enIN1087IN1087&sxsrf=AHTn8zpTgBmWDPH9veI-9eD5mdPZseUjKg:1747745096931&si=APYL9bs7Hg2KMLB-4tSoTdxuOx8BdRvHbByC_AuVpNyh0x2KzR-6aesQcZ-I7cX5hw71r0ChvY7Ze_N78FY1q5o_cX2FZFZ45eL6R6SiDMqlB2YoqDGSIfeDzid3UJP7fosr342hh7if&q=Elite+Clinic+Reviews&sa=X&ved=2ahUKEwjMiqTtibKNAxXtoWMGHeCtN8YQ0bkNegQILBAE&biw=1600&bih=773&dpr=1
cbh65qj,https://www.google.com/search?client=ms-android-oneplus-terr1-rso2&sca_esv=008f9e8726f85704&hl=en-GB&sxsrf=AHTn8zpkw40ThYyDkHlkCRg4bsQnr6NktQ:1747222435444&q=dr+nair%E2%80%99s+skin+clinic+reviews&uds=ABqPDvw3j2teWAitbAZlQuAc48XychdL70VBB6Jasbs6_ExWckdirRS720T5KmQdarlfjcU0OR4jqzwhKSkG-9pE3VWbeauPdvqpo9dxMoq7fld4EyLLuLpzDBQACgoYxfFB_ucgaQSdS9teznJmLxpJ5FSOzO05yOMcYyUtubaFL5fcbz9asF4ocoPJ0HkTHGsR3hGfCvf1pSM_vGRVEl96RNFoxjlPF9TgGETZpD2dMJQFL1wOt4vZ5nsPM8VyFKhUoPbSe81kWnxQYNxqoZZpFgDHUzU6hk5sZ8ghcLv6_MSUPxECoAjx6i8ruyqtuEdCbxQn67x1wHeazXBiqF_RKEpWFYyT8CFAXVbt-RF_JmAi4mZvrjnJ6kDTlzylHS11T02r0zefZUNHthMEr7ld5lZ-9QXUCufLY0WM-edene8CpGJxGAGswKue_olHpw3TrfwXXdP8Ahbg1ZTGb-lrpuFsxYWzEDiboCoKEzQN-MG9niBzy4Xz5EROqHcq93D-bmbusYkAmW8K6FSxOGyyLsPzCetcF29D-ZVTaH6oXFpeXBZPd68&si=APYL9btvhO6SAb8jF9HqTZMMa7vs_teLnZaEVrJZwRKFIIKjoUgbwn_teUCcUibCT_9Goad8H4yvjHYQ8ckb4e8PcGnUaHI7vqo4AIjH6HQhCl0PKSUfBSauIUCWsanxj0CTPE3pxcU6vLEChZZRt7NQA3FKa9gvEQ%3D%3D&sa=X&ved=2ahUKEwjQzO7k7qKNAxVTZfUHHcHaLKUQk8gLegQIIBAB&ictx=1&stq=1&cs=0&lei=o38kaJDvGtPK1e8PwbWzqQo#ebo=1
jjv51cj,https://www.google.com/search?sca_esv=c1209131ca63d9ac&hl=en-GB&gl=in&sxsrf=AHTn8zqTG9f5OGpzKQlGUmWpNRN1If-LPQ:1747224002306&q=skin+n+smiles+reviews&uds=ABqPDvzk8LlGIZkAwbqguXSC0RvGrjQ-hsEmlvcDHAqPC4Hs3awLNQkCE_x0uXm753Q4RUp_HsHiM0kl9FuZt0su_S2wYYBbr4s9gsNKjMncq3wkl0vJCcUXeWAsSC51wSxdmw0SNzJbpCDmga9Z9RFoqcoZKX3Yz-PlE1CW8bBsuY2ZHgTMBBwPSO4-pmjQUvzlz7q9U7ikm0FXKRmo63lM8C6xs459lB-KIemZL4tc3yJzkn7N3tvB0k6dGaWu8DP14e-V1SpDqiD_NoHAeK1mE_MpVSaIDfh7-mSXiSzyYDx1k0uZBhfq2Z8BjO3kYtTaJ67jCHzqjI1d0Xc3LxZUPhXcfQBD4M1Xy8EgJHYPSZs-l8HMid4Yw1VKbFUM8lEXGcYm2jkUOcE2a_AZoNp_9LReWdfVq94wPPzj_cupvWt6tEgA9LAoXSv00pCJ-kaI7XgAQyyN&si=APYL9bs7Hg2KMLB-4tSoTdxuOx8BdRvHbByC_AuVpNyh0x2KzaSfmLBwAF3ValKBVDO68jWa_d74lfv_pPVdJ1r2WgmopWKKAEh3Y5yIdBgmDdZBMfJsfVYeNMVUku3K1tS6R2mmuHCu&sa=X&ved=2ahUKEwimoYDQ9KKNAxVnZfUHHULTHLkQk8gLegQIIxAB&ictx=1#ebo=2
osu05fu,https://www.google.com/search?client=ms-android-samsung-gs-rev1&sca_esv=008f9e8726f85704&hl=en-IN&cs=0&sxsrf=AHTn8zoF8cm4Nt9qFU3rjgFlpu7giXBxGw:1747745697280&si=APYL9bs7Hg2KMLB-4tSoTdxuOx8BdRvHbByC_AuVpNyh0x2KzUTr8Gx6k64C4yUVA4WxVkrxiraQmTI_JWc73UFYkew5UKFY7yHspC-gDvVBtMjm8S8m562sZOkbF2l0uHJzypVK7VLrg6P7A-STbeOmzUN64OjQC_Ulhi7a5-rW42W4EX4NsuGpza1zCKp0eD_kVTrMoj4zgpdLkMKHyp4nzSqpJT4QjVNfZn1QQr60BT9o7DOFY1S4Nz_ZoEXD0jMUY9lBuWq53_Ip8GLYQBaHxXL_LP0IyA%3D%3D&q=Dr+Sucheta%27s+Skin+Clinic+%7C+Best+Dermatologist+In+Bhiwadi+%7C+Best+Skin+Doctor/Fungal/Laser+Treatment/Skin+Disease/Skin+Booster+Reviews&sa=X&ved=2ahUKEwjAu8aLjLKNAxVV-jgGHdC4H5oQ0bkNegQINRAE&biw=1600&bih=773&dpr=1
iac14me,https://www.google.com/search?sca_esv=f37af7071d948b3e&rlz=1C1CHZN_enIN1087IN1087&sxsrf=AHTn8zoXa-Tub9l7FjAOfSbJ1NeMF-ABpQ:1747745732462&si=APYL9bs7Hg2KMLB-4tSoTdxuOx8BdRvHbByC_AuVpNyh0x2KzZuRdPoqmrRlZg_CbPJWJnB88I26c5F0-vFGG50LzqAgJJt5H9iB3MEhqhAIQ8bScV_MLJdDeWbtWDnzQcw9L33FQKzTvVImT4YZkyaejjVOYpZcQA%3D%3D&q=Arka+Skin+Clinic+Reviews&sa=X&ved=2ahUKEwiu7qmcjLKNAxVPxzgGHfzqK78Q0bkNegQILRAE&biw=1600&bih=773&dpr=1
znb55ef,https://www.google.com/search?sca_esv=c1209131ca63d9ac&hl=en-GB&gl=in&sxsrf=AHTn8zr0QQhC1oqOHCU9HSC-1O2i6VHmEA:1747224285030&q=dr.+aanchal+skin+and+hair+clinic+reviews&uds=ABqPDvwQAjQN_cbMqZRHX0rusn-3bu0y1uFzUpLM3Lcmo0TF1qM7nIittnCKhB0H6DOCinZUn86k5IO-8gVd7AAHHtKmfWE__KbrTUGyRo8DWpjG_OZn_fVoGSxIEVREo1ocyje1fRQ5FA7jW68tSi7TFusEyunRK24zv2m2F0uea_PwFPSQc64mxVKtUm_h7qJERKko5mz17yeGsWuBv8915sVN6tpBvScHFXImmZC_q-U4J7H9e6ltd6K2ds-RNzR3KiYG4on2UMRlRPtmqNCDINAUwAFjRdfuRlF7CPxNvFI42063BBrgXi4Uk1DyS16aQnZ5rwirVuLknEO6CzUD33vgVBr6qTi6m7MCekfeGsw3PsOPY50Oe_Ua606XDje8ax_Myut2Sgfy2drdiU0Ff3Es2KFcfCmt4gFjnC6HJbLveWcc8EeYC3QPeeuxmUKIz61D4LMQcmmC7evhOnEx5tWp8g9cKJSl3XikMrlSLKM5Jq33YEsUrH6QLE4SROT02CZVdQU5P3WT3x8Ch5TgmijR9l7IHS8mrB3Z46Vy2vdLiSvtoV4&si=APYL9bs7Hg2KMLB-4tSoTdxuOx8BdRvHbByC_AuVpNyh0x2KzToEWc9TuLK8ZYvvnT-rjfu3wrqQmbseae2U9KyrWc9DHMo7CjlWxMzc2UGP6ld9cNfAueMk0kbB2exoS987acOkuw9lnmLuS_1cLl_rducrZLYrlFtJUbY91Bl88uLtDdZ0TFo%3D&sa=X&ved=2ahUKEwifs-jW9aKNAxXuR2wGHT5wCgQQk8gLegQIIRAB&ictx=1&stq=1&cs=0&lei=3YYkaN_QAe6PseMPvuCpIA#ebo=3
srl36ey,https://www.google.com/search?sca_esv=3a618e889b997b30&sxsrf=AHTn8zpsxocRYmm09T6IyEVMTH5XA8uJMA:1747224694523&q=dermaspace+skin+clinic+reviews&uds=ABqPDvyqj4_hFpptJC8gF35-dGOrvi7m1bQ6zDVPzT4234N3nHek6xCLLiKJ4qCm0Hxnm3K1oY-dmQP-rtk8Mvx5bkjrWudmbC_RATCyKADexNFhOdnmjYLGLvF__LYNmZNgyxiVJQEIBdOAhwiKbcX97JUEeEVxb0gfASWBHnazdocrgccCyoDv1z6kmoDiMZrEfjltXv1_lKlLlVwu5JSbGMs1SkVVgE0OWbn_NEIP4i38fx_FaiMlbGLCOE1Cpd9hUCcYfAxmaAk-WsDVPCFtjqmwwc-bOzWlu2kTiQBmuYBnCdf1z9w3pNZGxLlmVnvr2SKaKOatlsRsx3_kCtYsobZ-Ohw7DG0iy92jWd7t3Vrd1JN2-ysocFU5BsxsBhvKmJyKta2jA2TkvK3qT4xqkCambSphIUET48FfJc9JDNeHSxg6m0rzYju1Ey2mItBYELnDJEL55JHhI0tzxbssX6zXAdR7myyG6oE61ykxZ7iPj5OE4Zm12vOoQUbpTKYllvu9vnJgqp3YlJToKR2aiQXX1cyApcb13KHmkWEv3WzkVS9DIT4&si=APYL9bs7Hg2KMLB-4tSoTdxuOx8BdRvHbByC_AuVpNyh0x2KzZK5ysSS6UGt3A8jS8BkVcb0KyzBdR9kbZGalrbe1eNBGOm9HJZFkjlITMf8rv9SAmwFvIxTc8I7TOx2t1pNp_1q3qWvls1wGOGdUeB6V6TBdpSNDQ%3D%3D&sa=X&ved=2ahUKEwjq7oma96KNAxXefGwGHUv9JsgQk8gLegQIIhAB&ictx=1&stq=1&cs=1&lei=dogkaOrbH975seMPy_qbwQw#ebo=1
chq96ly,https://www.google.com/search?client=ms-android-samsung-gs-rev1&sca_esv=c1209131ca63d9ac&hl=en-IN&sxsrf=AHTn8zonWlPSwTRRrCV-43vji40AihnsRw:1747225094064&q=dr.+shruti%E2%80%99s+skin+health+clinic+gurugram+reviews&uds=ABqPDvzDXVoPnvlyIyxEfXbWEuqzcPkRekhk5sbKl25G7xSC0jGdD2w8lMaod66bqDv2HfLUWeSoHNIombL5eD8R34o8tdcnvx4TJvBwPmbrjf--WNGcUm26m6i7OwXwfLRncDk-jtqDTEQKsk5S33eYhbk7VSNdRSfuKpdEayc4p47NK6q7AZi4e71xM_V-vHmhxesp-2k5i0JG_nnevGLB7hOWetX6cfHhZxgsYA2oJOIub63TtJctpQNP6NIVZe2e7wABXdlwQJ-FerWy7cTiyewTcHXZFJApEQEpCEoC3DG7vRMzwThD__tL-ZA2JYlc0upsJtKKZ2KQr_Ea7AFa1CJWtAy3UcH042O8pKwqiBajlxqsRNv98wMzDfPINVbcN5FqClfPY97dYmqX5Q1tqmECikeYUIiMsrSRJUTnklVpGab0qDfC2vx3L3wlz9qnaZ9vnqa3wTex9mUZUBnO1BQ6uGtnsyqhtxPS6R4bClmNBMgcyOg&si=APYL9bs7Hg2KMLB-4tSoTdxuOx8BdRvHbByC_AuVpNyh0x2KzaJv3TqvOVlr54_3NfiIgIMqLOCClO92JId8vxRZagUWDBWHloDaKDPhzzOhI4NcIzxF63JwQQ_x3Z0oSdUDbKJgNTUbJP5ZkVU028HHsbfC0gsTpzwidOZLsTHVRnH1RJlqfz0%3D&sa=X&ved=2ahUKEwjV-cvY-KKNAxWFWGwGHaSzF9IQk8gLegQIIRAB&ictx=1&stq=1&cs=0&lei=BookaNXeA4WxseMPpOfekA0#ebo=1
gry98oa,https://www.google.com/search?client=ms-android-samsung-gs-rev1&sca_esv=c1209131ca63d9ac&hl=en-IN&sxsrf=AHTn8zqzagqizWyn0zjaE5J9dTY1foiWEQ:1747225237871&q=priyadarshni+skin+clinic+reviews&uds=ABqPDvzwQRFspq3U8co0gImPmAMoI8eiAEoGFa2GYGlYQxsjSIBnBMj5S2XRJLoxIi7FOwim6i-rBpFsJAkYjrSxLd5RMeMNq5skCrEnffwW_kTeNNKj_2ok31rXSgy92vk9790dNWw3snwrVc91OWMQm8advLC7Fu87f2wHCknv_slDxJZ5WEbx_7xXhX5G5t9L8r9Wn1hYrFWO9nW0MRDqcUmunaRtvxVbC-cSgpm5NhMU24ONWZEhXEQ-PcHCnB0SaSYuqQKJgid_59GK2nR9fcv67mM6QqO4ux-HHX-4b24BhJce-4ogGGMhRk3zFO3zow0o7327rOwYZXmWspCuOVkTq1gNVcjLHee8oIAvyWWMJBNat3Tu04STccgzyfSG_5Q1QCKjqgHaCenaLYro9CNPlIF96BHptgOODvqNLlYxcyRwwjO3Gom8ARNXvgYWwtFEY2PNgbplzDZlqXHycxBUrxdq47KUgXlFWOyIuCLYTLTwg1W7buyLTU9-_4YIlXIrWXV4WcSQ8oUP2OEGHvGvO95FkGjJfAYYV0IOdPk3UKrhqBj5iGSv2aOGdSLDP-dl-ae1&si=APYL9bs7Hg2KMLB-4tSoTdxuOx8BdRvHbByC_AuVpNyh0x2KzdAmmN2NHe39IKyQlxJUTh0tYtYmWpvL-pknrV0Pr7JDFvLZ207R3Yk_wd-Y_sIojmXzraZjMQNC1oOuzpbX8c0x1cdjatwu7qASa6bJwFOrzPvBag%3D%3D&sa=X&ved=2ahUKEwiFopWd-aKNAxW0RmwGHXVAG4wQk8gLegQIIxAB&ictx=1&stq=1&cs=0&lei=lYokaMWDNbSNseMP9YDt4Ag#ebo=2
vos91wi,"https://www.google.com/search?sca_esv=3a618e889b997b30&sxsrf=AHTn8zoghe2f5wQGBWjwfxtB0ciLtt_6QA:1747225315397&q=nova+skin+and+orthopedic+clinic(dr+kajal+sharma,+dr+nitin+sharma)+reviews&uds=ABqPDvzLpMCsA29llaCXhM4-3BQpeNR8h4lOdJcrU7C594Gg3RCa56oFjjGuYonT_B9rvQvKGMjeQdlARYU2bqRUbCIANVVv_2FUXXaIU1b7ZU4efwyaOKg5AlITAFdyvtwBdcWEy5XmQotF2lU_zCo3JQoo1NmYz1f65iW4RxDH16p0zz24cuJg49dm2aiILgLBa7IVKpkDPFbvRuqJn6sT3AP65DcL3SZCedk6HNAuSPAf6S8SJCY5mHNM0jMtMDt1A1WC707A4O1MGqZJzQkIfofqhRFiUNH6eL_yAjpFRvPdQ2BRn1Z1Rqyg0JVMJxwOz1_qmLJOlMJaWzZXRFKchGXbUmwUoSi-UCq39ybTyCCV9SzOhxeeB3XWDHuV99p9pYgnZwMQYkUUtZ8dl0Ccw0AJR0WcDRU9r3-ipkq8TsXfBVi1F3oGbg3KiC4uYi8svL8pfqVPedw3gnfEYv4w-6SO7Ey1MXGbnqValDaNw-bPQEF8Ziq1mgZOr9FiB336DwY6KAxrBrSnrrvav8wGpYo2nyszNQ&si=APYL9bs7Hg2KMLB-4tSoTdxuOx8BdRvHbByC_AuVpNyh0x2Kzc9x4589angbwK71vMercTy_zh3TuNvA_sE-jFUxHb4QuW7-w9gV_kCTTHe1N2PDEhsLa03sJTkAvDKoOZjUFdW1xrUImmxOeEOQBG8P6PU959SMShbVW6TXzlgKie1liIZ0q3aku3I3evzBw9TQvORTpEfeKm5v0cTyf3wPhhxMVfDg2g%3D%3D&sa=X&ved=2ahUKEwjw_JDC-aKNAxVhRmwGHSfAMg8Qk8gLegQIIBAB&ictx=1&stq=1&cs=1&lei=44okaLD_F-GMseMPp4DLeQ#ebo=1"
ljb05kf,"https://www.google.com/search?sca_esv=c1209131ca63d9ac&hl=en-GB&gl=in&sxsrf=AHTn8zobSf1HsyRSQ9yxseKdxtJDGo_rhA:1747225886098&q=skin+konnect+(yojana+vihar,+new+delhi)+reviews&uds=ABqPDvyTKziDE6I6a2L7bmfN0uFCy52Mgxe0fDEBM-8I0z_8ELI9j9vxih3N7fnw9Cwl6T9vyiL5DS8mZQsIJeI3guA75I1jbIUNmOAZJeZLwnMgeAT6PEn2IYcwiNPO-s-2T2Yna03rFS-aenCKHVGQ1j60RcHYDkmv82gV0jk7VsEFDEQpguZM3tsbUJh4FmU_sKGY8r-7c0G4rLu6e0YNxhcnps7uDQ3EQitAgQXdrAiw_E89Oyl1ccmxs5S_rmWE8mOx28Wy1KISIA8PcM0p55d5qKKFeyeFA4gUoaWtNO4syl4Gbu0ErejDmHeKyy-cuAdHfyi5MLMWo-a9P4aZRzR14O_4tQQBFi60eNoBYOV5aLC2MIpc5RZeapInVcPiBo2ykW05qsC0cfUU5iS7Bijyn9IcihjwkTorkTEzYZj7TggwgeE1Tn7CMJUGK2rFwgFstJiICK7jToJtEymWL6h6PKBMUfo1ACX50IguC3rsWsEn27M&si=APYL9bs7Hg2KMLB-4tSoTdxuOx8BdRvHbByC_AuVpNyh0x2KzWGKI2MTUgY9K-SMVnCmFclHkOVwO2eWQ5FgBxqOBoLsao61zsLdUnLiqupFz9L-5bDa02le5ApRARbgdtBf5dlf2lIWMa2jKXtWuhQhEugUS39181ucqVPXx6pZ9m3Akl_BzHw%3D&sa=X&ved=2ahUKEwj57aHS-6KNAxXHcGwGHbwOK6oQk8gLegQIIRAB&ictx=1&stq=1&cs=0&lei=Ho0kaPnmBcfhseMPvJ2s0Qo#ebo=1"
goz64io,"https://www.google.com/search?sca_esv=008f9e8726f85704&hl=en-GB&gl=in&sxsrf=AHTn8zqdyYhg1wH-lidcQ9YhQjrZtR8YTQ:1747226237276&q=hair+skin+and+std+clinic+,+dr+sachin+kumar+,+mbbs,+dvd,+dnb+ghaziabad+reviews&uds=ABqPDvwVBqxj5LH-HAFwjde3fM0EaKQooFanrr2-JtM34KSmRVNiDevYsShKCEQB0X9d6coNXvqL7cEWSHnkB0Bh2OMOJ3mv-UdN-_puH1iXd6QiBKSUzuDCF2bhYzDQxRL_1aqVPWFFmo8UXPqLAKEWUIqn_3QTIqB87FlhXE34-ouaSIkm0pTkvkmvR5jH6n59oj3JN9mnyf_LxxyPW1Uc6_5p2zjtJ_AeimAg67TJll7WIra-lGzHOM8D2HKsMdqgpw_GpinL1_hoWirMWwIB6vb90szfxM3Q2k4lRwpgUC8CxBpX3-vfBMVI8lpzyIcWmv6DFdJI7PGNN3xFn4eH2E88Ltd3emSjfOJt70SdqEdB63if1vy4W5XVV2DcBJ9J17S9G-b6rVWTIMeuzDGqmYJn4kU5Sv15SALdjndlPy7Vl0Es5WnNG8q4vMAKgI_6dUlq4ubE6kXNEoor5JWeAt60UzTshJ7usLWiGFet1ZKgS3hpNgyVpYL0eZeN0NrUrmITrePXVCb-VT2fa-N29CYMM0boJjs1W8_zNYSgQhxDrR2C2sX93uJCGZqcegyyfa7EBNdF8auXwVbU8k-tqDryQsP68FfsB6LCGfd3rNUBU2lJthPZEilUWMGIvjXRNDWLl-epEcEJTe2WYwf5hJkW7iAwHQ&si=APYL9bs7Hg2KMLB-4tSoTdxuOx8BdRvHbByC_AuVpNyh0x2KzYqI4rxnrOdYwwfH4xGGHCKCBc3cASws-pAhPJlKUBDpPjEkIysZpOTmIu6_wCuzmWQL9otWzbwTExBu8RC8ExQSq_ts_GUvY0-9ivx9Hc-zz84uxY1_b3ikYy1IxZuWY4jmICAh6lwBrx-Nv6y_T4h0ZRh7O8mPeR5RPpzhJMCwBndDIg%3D%3D&sa=X&ved=2ahUKEwjvi9z5_KKNAxVMRmcHHXwBIuMQk8gLegQIIxAB&ictx=1&stq=1&cs=0&lei=fY4kaK_ZEMyMnesP_IKImQ4#ebo=1"
kwk60vb,https://www.google.com/search?client=ms-android-samsung-gs-rev1&sca_esv=c1209131ca63d9ac&hl=en-IN&sxsrf=AHTn8zqZkAf-ObZE-gYds_dsbMIiCHpMKA:1747226444728&q=dr.+umesh+jain+reviews&uds=ABqPDvwefdiPXZpuXH-tqapfbJRF1zJq2GcWsEmWYx_hEreW1wsk5DOrkh-ES0sffZw9OGc9LoC_i82oANgpInW1M3NDGP5y1kIaI0ztqObrAKZOWsuLIbrQSw4VQo55u-UguChemuVJ7lhziY9xTKHfFNhB4f_SGxloqQqr_wMQtEIxo4HAsPW1Rl4Hne5bB4cN4fcUDmNezI88WDiifaY5cCDBo-zH9T9yUDe4T8KmJ_MJVVbXPe2YkkR9NuvI07DteReP7d3KzRE8xJD9797RuNHP6zJqHvpjbE8fVBhzPpP3tImIzM2OuY9hIrybEi1xEmXWoUqWPqTNTg7BzJZEQjXMbS3D0Ndxw76JykmsKrw5Oeda8GHnHlt5HggIfbCjfp1z-He7&si=APYL9btvhO6SAb8jF9HqTZMMa7vs_teLnZaEVrJZwRKFIIKjoWodywMIEl0ZQWfAR8LVEm9CZcxJ3l5fsxKSP794tVZIAb-eG-w7aTXy9aDbLdDuM_H7ljhv9MWu6H6546nvmic9XzYQ&sa=X&ved=2ahUKEwjE9dHc_aKNAxUYRmcHHZCLCZ8Qk8gLegQIHhAB&ictx=1&stq=1&cs=0&lei=TI8kaMSfLJiMnesPkJem-Ak#ebo=1
ivr91fz,https://www.google.com/search?sca_esv=c1209131ca63d9ac&hl=en-GB&gl=in&sxsrf=AHTn8zpHVlGZ2Bk8OyjR0p_-Qgv6I61sKg:1747226880635&q=leelawanti+skin+and+laser+institute+%7C+krishna+nagar+%7C+dermatologist+%7C+best+skin+specialist+reviews&uds=ABqPDvwAlC6r3efjQWpXuehNGfAGob3aanqygskEVNCI2ltZlI94kOM69rKApbhC6qF_KW2XfCWoAG7bzTOEioqQLM32vAIQ3AVdKqRJKtw-SiqphGQBG6qnPl363y9Hq1n8GVBPw2lg8Y7S2OumtND-reydBSmcNJJtbqH3DnEDFMFAtVZHPQTI7LFKpeZZBcgHEMEaxvNi9TJsCXC4kHGuuW5LuffDBCGkvHVPWKSsE7yN3ab38KKD7wmUro8rYLMEwzXpADw6cGYqoCFtPUg1lYpiNvrP1meJ4hrFsB9QQOoJQEKA4kZsqmhq6-Wnwvw7e4QJyDb_sRC6I4UW8F3Ru9iRMXtfkclDFzu4JpMxR1XBGC0TcDAZ00bQwRCK0hx3eBqHLvPmDMy0FqbohvS_klM8WMlqJfTT3rl5VI3w_Cy0DOw1Ivemp0Gmy7gt8SyfsfF89tHMBg9psk9NHY-G6Piyb7luGb56-XUj2XqSGQUtbRq8eG6CkG5GcSjhp7aBlU4YBX7boRVVypkJGYSAZYDCFUefO3DMB-GSaaQxK_MhS2voqTXrFSgKG5f-k2RrudyyK9ty6Fy9Mf7Qd5uw09AYCeHbyiDQ2dVNUI9_328xccZ5L6xiTlwSSEtRFQc2-xkd6mJked2AhKrxZZTk3XLPs-v0dmHj1FYRrZaeW2O3dmcp1-s&si=APYL9bs7Hg2KMLB-4tSoTdxuOx8BdRvHbByC_AuVpNyh0x2KzbXPi-DBcstzqGXsVzPW7lJNneKOjSoB7s2mwCmtmvqq-1nP2xixI7xKJueubrCTLPFxA4gS99sig3gyCetJpHEo8NWPPZL_x6q1MpNTcnM_be_FsTZKwnP6Y8cQpI_NkaBb2MDKjWUcQlvYiPa1ZuJlmt9mSFV23uNYCE4MR9iVEh76Se2Mn1QqOXmODbQJiOqS9lI%3D&sa=X&ved=2ahUKEwi2zb-s_6KNAxXASmwGHeZxLEEQk8gLegQIIxAB&ictx=1&stq=1&cs=0&lei=AJEkaLbNJsCVseMP5uOxiQQ#ebo=2
dbd19pz,"https://www.google.com/search?sca_esv=3a618e889b997b30&sxsrf=AHTn8zrI3nQw2riClYk10ZxcgdXMMFqh8w:1747226960992&q=dr+koshinder+vats%27s+pt+yadram+skin+clinic+,+laser+and+hair+transplant+centre+new+delhi+reviews&uds=ABqPDvychv97rs_Ipa1kDKY6J1ToGoY-fFTIpBMFILGUq2ra-CCU7Xbx2quTQzBk2GzbDwq966WN6v5jDwMI5vRR5iQhXTZfm2Y31peG86P4dZVkJ9oFINu2GvEwZae-T0bV7VnrQnxJ76GoHpgP5PdOPejAmRAaqBEgpOJXg0y347NzuXaLl5_FD63qDFvW9eMeiicT-jgncgvcK26wTUSqcH2ozOLbpBrtF86XC4Dl9PFfVYuCKD69iFGYaqX1UxScRqDEWXiniuqqyx_NwRG7g3MySHjxzoRXIfuKf64GkGHhvx70IHgKpK05Cembr0LxJr_SdW1SMT9XxCrGjfN9ppf6MHdIW_jySeQ-GhC2GjO7bDkp0VwXpdiRq_caEu-NFKR-kJCFo-nNKBnhK4Cr9nwxDStdFfP1lMsf0gcJKmQ9floC4n8dzA_BURbkk_QjvKlVxZjHSpyTJqyF8cvt-5prm75P_GTIGPJUEbWxgLDxFoTokHk&si=APYL9bs7Hg2KMLB-4tSoTdxuOx8BdRvHbByC_AuVpNyh0x2KzYxZ0OAJL0yxGnzZmPYE9W-YFU3jsl7lugAVVn3jGqf2eziRI5KGJq18CbFYZrmiq8tC6j0ZfU53XeWMRmt2NFuMhkDEJ3D1sZx5moCSn1mMo8kuQOkxupUNd8f2Ro7-P24r9vO2O6L6X7PunHUqJQJahpm1oR96cqh5yveacF03_FgSb9YfY0Na8F8jnzHMzszht-w%3D&sa=X&ved=2ahUKEwjOmejS_6KNAxVpT2wGHd7lLNIQk8gLegQIIBAB&ictx=1&stq=1&cs=0&lei=UJEkaM6xPOmeseMP3suzkQ0#ebo=1"
unb92ir,https://www.google.com/search?client=ms-android-oneplus-terr1-rso2&sca_esv=c1209131ca63d9ac&hl=en-GB&sxsrf=AHTn8zpYqpyf6_GrcI2MrLU7t5sLpzopRQ:1747227053317&q=dr+malkit+singh+reviews&uds=ABqPDvzLAuN_z7omrOtiJVCtoPFmE9rkgJOVA--5cCveojJTRKkio4L6Kwq7AtQvBo0RgXUcG-_0h_o7yHGJrag1tvWIR2quHwniHqsUIqnZ_n9fgfkjeFlIsbYfo8Y7yaEW7COy1j4pDKqdw77at8Am6BQj2QnPeD9RXYklJmFAuTYMYY6iumN9SZXzEXQhZOO7OUNBQqEY3KzRhheZLNUQ40lgJnhEzVDldunK5xY6jGzHny4TCW717Wk6ux2xa-HbGuNMzzSk18dR-gFppcN9F8XPsu2PAbQ2hJVV7u9go6mW6UigT_22W6CrQ3mRFa3la-XSDwhyXu1_uQA1c7I7hHanV02njW_Rd49aIlKj8vUKktZzI6xM5T__VX9lUAAWv5gfIdPl&si=APYL9bs7Hg2KMLB-4tSoTdxuOx8BdRvHbByC_AuVpNyh0x2KzTJWq6AZua2RDAHatC3w3NMI_6TR2-KwRtorNfDV7fb04wac9aOMk9LZD6wPPX7WdndaxQQnuHVbaeuE16lnYad6r9qY&sa=X&ved=2ahUKEwjanev-_6KNAxWAd2wGHRUaONAQk8gLegQIHxAB&ictx=1&stq=1&cs=0&lei=rZEkaJqTE4DvseMPlbTggQ0#ebo=2
voz96zh,https://www.google.com/search?sca_esv=df01bcb31997a21e&sxsrf=AE3TifORALM_YsdZxZLs29v2NzlxFR4cGQ:1750328553023&si=AMgyJEtREmoPL4P1I5IDCfuA8gybfVI2d5Uj7QMwYCZHKDZ-Ew6tJTxTH-j2z6WacPUYPvx7mI-SUO05RGI5jd2J1tpLWeyPIHHeCFxMx9Hr_KdWWku0Yx1MnD5efsoge5a7TDZfaS3ePpv7YbsmzY2AjIgdr4KmiAovwlDZVyoJsm-MCMgJKNHyAC8VBtMZRLnet14FsZJ4z4vbS0_WwpeRMfXCgNijYJ_h2fWZ9ZRs2l-ucHYySNWDqe1q4MMQzkBEDjquvHIS&q=Dr%27s+Point+-+Dermatologist+%7C+Skin+Specialist+%7C+Acne+%7C+Laser+Hair+Removal+In+Defence+Colony+South+Delhi+Reviews&sa=X&ved=2ahUKEwiyrZL9of2NAxXj8TgGHd55KHMQ0bkNegQIOxAE&biw=1280&bih=551&dpr=1.5
cjt67ou,https://www.google.com/search?client=ms-android-oneplus-terr1-rso2&sca_esv=4f1f0cd305a72421&hl=en-GB&sxsrf=AHTn8zremSmszQoIWo2mwvLOFpOwiqaP-Q:1747227419797&q=dr.+m.lal+reviews&uds=ABqPDvwNMQrDhHEaRh4PlZ1fbxJNBoLalRrLEC4ues3T8tKaU8RNEJiF7jiM6nla43fjxFc-TJ99d_qALSBqCVQ38v3LzM3pxfq8jTHe6p-zZt2fbG2XYWm2-KhBdOadTc1onLVVFqsWYaTKx4uFoawqydCzkhJIeXS4U6W6GSJRpSqs23aY7U5TkQbRS438pGPg0atzZ0iNJ9rvqrLy_Phs97PNX7GaXzRUvKiKo1Q3Z1ZanFuBuElEe3eFNv_VVN8kxNf53QqVe15QLwRYB0PAim9K2hDXJanD5L3V7XIdFWO9r28hxcomGVvhWXjyjM8w_UyP-A9eQo9vWqSEToL0217wjMXpGfoe3f3sWAclSRyXOu6Nqcf9DCLvJwzDkf8EjACkYGO7aq_OHlpWwMgeN6IMp16FlV8TiKCQ_Qccv_220GF8ZP70wRvcwxyMpUhr1Qnl7Nss&si=APYL9bs7Hg2KMLB-4tSoTdxuOx8BdRvHbByC_AuVpNyh0x2KzWMiTwZgZONajMd_Jwr5Pty4M3A52s5_nHzj0SSFUKgBuxu0cQBsy2gcwaqiEDJJGr__jvSHk0sQLjfZGx4Twwfzlglq&sa=X&ved=2ahUKEwjxpMutgaONAxWznK8BHWa2CBMQk8gLegQIIRAB&ictx=1&stq=1&cs=0&lei=G5MkaLGrMLO5vr0P5uyimAE#ebo=1
jvg41af,https://www.google.com/search?client=ms-android-oneplus-terr1-rso2&sca_esv=c1209131ca63d9ac&hl=en-GB&sxsrf=AHTn8zpU7ZfG8FD8EeNNuDrTxUzRAKxGQA:1747227484782&q=dr+aamir+siddiqui+%7C+skin+specialist+reviews&uds=ABqPDvxQpy9_D6gt969HXK2XuT6ergOm4HxNa5_0ULLEMZteTmfe36TgnR51rM1v-ZasHq67bbTjIFdW2Nf8k7rScHTSdkUT42tNcxTTSRWOEW335WlSWwgEfqs53ukbcc7nVC-EeT6xlcl0eO2oF8ItztW5a9jYphmNVOnlN3DP5qHhdSi11-SKffjk_-jEXKmIbZ7-zbvq8ZhmzgjbYpAIsmxRt3HBYseBaE3Z4PdmkfCe87CSPhVZDQ1yWDcKBrfOpR8YvaAmPKwppz_hJ98n6-A0w9J8NSGkFjEWq8aDz3XtIch0zyXSGNLDn4AtRpxeHZ-50-gemROM0wo5vbzKB4ZxyoBkS8pjRTLljSiA4GyX7DfAQkrrP92FbPtpcztNN6hr7FEkOY0u8ajSxn6ijJl4uTRj1-2aA9o9tiz8eYAvK5EtQN5orG4R1iRWjDGf9dWus9G6piXF0wELMRtEf_gJLLZf3-6sT7T_RVlqBf2eQ7RmPKLlbxNn-sYrEQu5fL8BAhX_LqhPzxYRJGa05dXUk0p6oamr3Z494zDzcfY7xvHJ2832SDy327EkCMusfbzDZpcG0pPm-nONUBDfiqwhjMwaEw&si=APYL9bs7Hg2KMLB-4tSoTdxuOx8BdRvHbByC_AuVpNyh0x2KzYRDrt1J64KngwjekQCUW3XAcD2SfaqPVMfw17UH6Bm5sq3tSmew3X3o__jRgc9h5VPkCb02lGG19EWiQdgW_N1fuXHuhuNMVkGzL5QMOS0lYaJ1XY3L2vyL_10oADOVZTjb5XY%3D&sa=X&ved=2ahUKEwj24snMgaONAxUtmq8BHeOTCgcQk8gLegQIIxAB&ictx=1&stq=1&cs=0&lei=XJMkaPbEL620vr0P46eqOA#ebo=1
bvq22qh,https://www.google.com/search?client=ms-android-oneplus-terr1-rso2&sca_esv=c1209131ca63d9ac&hl=en-GB&sxsrf=AHTn8zqfyWOq7ez3l4jHoQhgGyWJkW9_LQ:1747227570795&q=lush+skin+and+hair+clinic+reviews&uds=ABqPDvyP47zQUNkF2sEYQ-VTkPOCGaNWYGhtT8-k_41zmrtPDZf4QH-w97uqZnykHM_jf6PW6nNDeOsnKJdpzeqTUV8Vsjk_hjtzukibT0B0FdPR-nVBfyA08obRKbQjvjIUi1w2lkDWrBrbkclcpK8VLYsp74DjhU-Huzas_qrwzadlkJ-vZaVQUCiuavhkfj3oIO_-VVpXQHsrWKj0157opHZSvYsVH42Qf_LCIRcq8B9_YX_nbcGUMaPTtgg8X6uxM6T6KHa_QS656n0Oi5QCGqARLeQ_FxNTsMYy9YV0SmvkGCixq3JDGFfPrREDHEfIwiX_DLQ1pOIgf0c86HrAk5qm6qfwVFGUo2Fsv2Eh28A_z6rnQbwvWnZ2GPWhhHr26Twf6G4Q-jazP7MvyHANAhyruw-_Qhk52h1ZiyZURmVwnOnpP5uQXsp2YPVmEhkRKbIl8JNiE88j_hK7or0fiI8bJcPRMqpBP62_rxWVoY8YUVBbx8hpe64_APBXW2BPyQDQ-BJKYP527UMpoOLBwYMjDB4tGkDOJnKT8LEj6tW4HjkVUnc&si=APYL9bs7Hg2KMLB-4tSoTdxuOx8BdRvHbByC_AuVpNyh0x2Kzb3CLxolM900veU4JkIRcj-BxvVLtpx5M2D4nCVhsc12q_T4Tz8vOqk5FkH8NaKAND3PLy9bidq6AAQX49K90ZxhPR7QYo9nd9dyX9DFVpjf_NLoFg%3D%3D&sa=X&ved=2ahUKEwj5zMv1gaONAxWdXGwGHXEhJB8Qk8gLegQIIRAB&ictx=1&stq=1&cs=0&lei=spMkaPmrMJ25seMP8cKQ-QE#ebo=2
xce41nm,https://www.google.com/search?client=ms-android-oneplus-terr1-rso2&sca_esv=c1209131ca63d9ac&hl=en-GB&sxsrf=AHTn8zpAiyQmyWadQ_w5CuDrv3m6iLa47A:1747227645706&q=dr.+rajat+kandhari+reviews&uds=ABqPDvwMqp9F8iJEjNV_5sJhm6eNh9KOytfqSTBOdOhMCr05O9vyTGTVPBbrYGDQwksGZxJR161sbNf5sYry5AZnn_rb0QttNVvNXaGU96ljiedzKp2VNWvDy_WUluoEe_j6iALOM9byeg4t8rjL_fM7xisLCMr4bp3WYTKUIk0t62tSqXpm1KqN-OlBle2dYv2avoKQ5VIZBVlY-lqr7KqkM15-ZoTWsJRaI6ktpoXEN6hAdY24SN5qMxO23gy-aRx7kZV-o3eUEFIY9qYrvDhe0Xf9mGyQDbO30LjuVuUrHyewZL_rxrVj3gHJc5vuqFpfYY63Ekrzgjw-imveH2w1GVwIBZjLpaxkLZD6mwFWShKkG4VqEEPbzeABSBxXnJBRZ2FRsIRgHTJEubNZ0gCbRPo9icNnDJ-Kz4Hr2yAdVD2zgDHZYFLkSC8yXh8yEfb0Pmk1JkE5WQOHgqE-luah8y7HdImnbMc55lPp8oPeO7GlXNi0mEfgV9n7XrRRqsOxlDwAVRcY7zbZ3Uvc467SGagiCDFyGg&si=APYL9bs7Hg2KMLB-4tSoTdxuOx8BdRvHbByC_AuVpNyh0x2KzayD1v8L8jC0spk85umZUv-zIqVE1lMaplU0q7fVMsYRRHOOlqSM1CaDS_nxBbzyefHT3ndfaWuEgtW2ICZw3n9KZFwkfqRU6v9UqW-xpC-Rba8ayg%3D%3D&sa=X&ved=2ahUKEwig5qeZgqONAxVlUGcHHXwcKlkQk8gLegQIIhAB&ictx=1&stq=1&cs=0&lei=_ZMkaODzKuWgnesP_LioyQU#ebo=1
bua92nm,https://www.google.com/search?client=ms-android-oneplus-terr1-rso2&sca_esv=7736002987c1e4d1&hl=en-GB&sxsrf=AHTn8zogjZIj_IqTt3NB9L0HEHYo4eTIyA:1747227674528&q=loya%27s+skin+and+eye+clinic+reviews&uds=ABqPDvyHGKWWTeXc5RTuXg98ltJ_LUBgdDurSKVloSqYUuH0wqPXU9TXzXc3CVPwV15F6TXZ8fWsm3E0yxNqprK3oxycRSg6twvzciu-6cmV3MlUiQ6OkgJNSeI0mRiuBMBklhssh_qa0-sheOg-oUUlIXCVfmKTJ4LhKNZiwTjHnBFoxNIYyGqX1MUWqAkVbOG3yCf6iif_iv6uVwE8thqw8dJb0ZQ-W8LhGou0Ca11hahBAIuvAQpUJGwQU9eGF2J-CxFFYDKWp3rol6NLPPcul5pSnTGfMx2ZK7i5tQBGmIgncf12MhnGYXdw4U23_s2UAJ92gz9IQ87YkAI9RcMA9cidqz1nXhDlsqwVf4IvzlWmYKrY_KVOhgJRtqVQvPyv2lRMWc_qaA8ewf9g9e_ENg5ka4KZwA&si=APYL9bs7Hg2KMLB-4tSoTdxuOx8BdRvHbByC_AuVpNyh0x2KzdrsohRx17ti1sl7I1ocq-fdnX-fVaPQ5AE4bXfDvxMoGaqBZ3aGxzjjmXdAaPkHIg7b9qp2-gG-rrVs1C9AFc2N8ne3-1ePIk5tjiwmFMaXmekIHw%3D%3D&sa=X&ved=2ahUKEwjS9oangqONAxVBa2wGHbuQPOcQk8gLegQIHxAB&ictx=1&stq=1&cs=0&lei=GpQkaNKBIMHWseMPu6HyuQ4#ebo=1
ehg63qk,https://www.google.com/search?client=ms-android-oneplus-terr1-rso2&sca_esv=7736002987c1e4d1&hl=en-GB&sxsrf=AHTn8zq37lmy36uNakm3wZVVoj7mQHm3Cw:1747227954520&q=dr+av+singh+reviews&uds=ABqPDvw03ACakOaefZtK9CgvjlhliZ7wUsb7q2GF0cipE49qYHaXxPhVY8uAnV0LEtkAK1rRB5dUpOA0FXLhGJIpZQVRTjvmL7dVya9CpbdU4mTe88zAAFsRoITL_T8tGnWVsDoiYCtdUsEBsjbDeWRg5GsqPlorqlxqz46EBTji15RVSUmVodoF3uP83THltNn3ejQRma6PD7EdcB-TzRHZiKVkrUcraJNq3KylNktKJuNBsLgdZ4qwKkysT8DkQqAKCN0FgIpJeBIjPjvmtqqyAyD0H7kuzvE9RTaBgbuOAgPyOsGnh2QtSbfyu5tXPUA0M_Cp3R8Kxij9Dn27GyDAIBjJLTemX9CCAhLcS3oIiZsz-qnMVoxuky0Ua9mmZUVeLrfAW8kV0doWajLALMbB02P1BhKI4dxE_g2ofiSmATNM7W7oAew0zZyubwaKglvbVQF4b4PDXENwDwcSSbyqJfLvsjPxWRvFm_Q4JJA2IwTLqdtGHRXozzzlLeLQzuZz1JsqXeiO&si=APYL9bs7Hg2KMLB-4tSoTdxuOx8BdRvHbByC_AuVpNyh0x2KzZmlgjhXVdouhfgk9psDRhEJIua9s6srDEI6rcTie92MIXe6n3NVsrvA_wRy7H6Sb3g_W4Fb4-8NUYI_BFrmipO-sl73&sa=X&ved=2ahUKEwjgn8isg6ONAxXXbfUHHctwKz0Qk8gLegQIIRAB&ictx=1&stq=1&cs=0&lei=MpUkaOC-H9fb1e8Py-Gt6QM#ebo=2
lwd39wq,https://www.google.com/search?client=ms-android-oneplus-terr1-rso2&sca_esv=4f1f0cd305a72421&hl=en-GB&sxsrf=AHTn8zpqgIlE4IXw_Jo-62bvbK1SLPQJZQ:1747228021012&q=dr.devender+verma+reviews&uds=ABqPDvy2oiqO6xZHcwsJo1yWq3paaZTZQM5nCgePXaWg_1bTNG0IsZlw2ipg79PZNWTdDAL6AT1Xau30at90acdlE8TMweAPXU0mAUo6QQF6XkcWlEV1RyDrLJ6m3y2-gWq5Vm_rAm9V7MNVn9h1X-K6oEimoswehjDKAcEh_rwvvr9qjMCtHV-W1k1mOCeqtuZ-a8AmLkXs38yQ3F_nuOJzDMtguJ5lh0FYQwHcrn0VlfaLSMPc_BfgXM4w9xXmGPe45t2i2Mw7EsEHjXdt4oK3nlRM41KByjP5DCP9ORR1Y_3xBECgvel5nGt3UJ_PiCST5nC3uX5PnafJxcpP3g2oiXPbqhpkHRmqGEI_2pFbU21bbDC5CuIzEKqf0fpeoFqQ7dS9vOux&si=APYL9bs7Hg2KMLB-4tSoTdxuOx8BdRvHbByC_AuVpNyh0x2Kza53k5WeK7TdXMgk8Q53s5ZXx7BJ0EnfXkhRiZhAA2Vwo8WVcQP1LPSBNLvY94FPqJtoi4NsOfbWsfgizGi3YxXHTi8OBXrlE5Kl4MPz8kFxbhJZgw%3D%3D&sa=X&ved=2ahUKEwjLyqLMg6ONAxXjj68BHSeRFgIQk8gLegQIIRAB&ictx=1&stq=1&cs=0&lei=dZUkaIs845--vQ-notoQ#ebo=1
msv67cs,https://www.google.com/search?sca_esv=f37af7071d948b3e&rlz=1C1CHZN_enIN1087IN1087&sxsrf=AHTn8zo0mkpo1dHGBT9tj-l-fNh0xcQ3tw:1747747910286&si=APYL9bs7Hg2KMLB-4tSoTdxuOx8BdRvHbByC_AuVpNyh0x2KzfAslUvYkJvSU-AbwU9QNOyALkxHnstbRg1zs82zMg-utRg48RQkQfX6P9BxxGxM3oQSb_OlHNG_jzuECDizY1hnKtez4FDL46ZMl4BGH_a4dnqtoS5cBnkULxyzczoNwf8Gmqc%3D&q=Dwarka+Health+Centre+Skin+and+Child+Clinic+Reviews&sa=X&ved=2ahUKEwjK4OWqlLKNAxWo-zgGHdpDACUQ0bkNegQIMBAD&biw=1600&bih=773&dpr=1
xut52ss,https://www.google.com/search?client=ms-android-oneplus-terr1-rso2&sca_esv=c1209131ca63d9ac&hl=en-GB&sxsrf=AHTn8zop98H-6hObIPh9DOY4vK8l08boog:1747228249400&q=dr+pritam+pankaj+mbbs+md(skin)+reviews&uds=ABqPDvwq9p0I6Sd7NmGxOS2THwFw6QRwq6FO9lpIupTBPR_dh9sZFQwYPeDmHsdAQQ9DOcq89x2NYZilhw7uH302LQZOHBHZmCcYhuqN0y4cV6_yhQ4BCvMbYfPb4jCXXfoqu-vx5szzFh4X2TKumVt8JIvL5C9pO-ffWQtuURzxEViEis7EUbAzjY-fWGCvsJJ_riBy_64rMjzJ5btBZbTSyF7Yy7L9OAf_FknSCyit0ouIoTKlfzWMGzjQz-c1r4RWrJXeAXgQCH9nPcphQTCNZLyTnj5m9RcxPnctoeuHetg-NX2LAdFXElY7586LZzIPQrNs-fsT2zJD0lvzTa5I0pxcoq06m9FU2rwhB1e5oSJ-3WGzOcrLjwkC13_Rm2Nciwxm3c8CIIxZ7Ari3ZJa0oIz2nWebwE9Si3elqAe81Bw_qi1yaXwbImR4eS4GIC-IEzy9q-59JIK7MlNAtmyZ-_1aKvD-QFDgrSPA7qC0vEAlymq_hY&si=APYL9bs7Hg2KMLB-4tSoTdxuOx8BdRvHbByC_AuVpNyh0x2KzUefJhbw0UbSGzmhD2upaCECiem0gA-Mgqb4M37EncoYmpajcAJ223hlPD67ebJqpk-cTKW7aaTISp1tb7ymDn0gqgec-PD5cLv25cLN9D1LSOH8MQ%3D%3D&sa=X&ved=2ahUKEwilq5a5hKONAxX1UGwGHUQTA5kQk8gLegQIIRAB&ictx=1&stq=1&cs=0&lei=WZYkaOWaGPWhseMPxKaMyAk#ebo=1
qcz01kf,https://www.google.com/search?client=ms-android-oneplus-terr1-rso2&sca_esv=c1209131ca63d9ac&hl=en-GB&sxsrf=AHTn8zrgzUT-qklLQOQ73KYQX5nsuqF6Ew:1747228449098&q=vardhman+skin+clinic+reviews&uds=ABqPDvyfvP9mgn7pZfEVrmcima-RIXvvGE6LHmmECIvKvdRIsB7QcnYZpHXG_WoYdILRZqFHOQzORL-V6zPP6Hub8e-fnET6JbwRIue6VMeYWOHgJ5wS984yoM0ayJRPs6zYtdPtERR-c17hfNUEzuPM2u49K9OcgpFVrkY3z8dk9vmgvJPienSYjfu3x28ZAvfdWSeGHcGzWkXIPy_wVK-LvQ0qHb2NdtuRuIR9zDZXTgbV4BSk9enfuLMCaJDEgL-8pS0_5xC90vAm0X-4KJg8tGvMwgt1s4OTGJT3ZqcFOnFcun9HSdtcDPv8-Q9rzCK2igygSl6dw-5rBV8yl0wdbXn2td9DUPA81ONA0hi2K9_HlDARsRhKI_ip_waTV-GRFszQJR0kiOdHxHC-uhTYlh6Vpj6ekf1qfsW_raJpTKawn6YDdeal8mfhPmyXlHndd3FvKFdQXKYL4UtH9UF9p-HVxCKVEQ&si=APYL9btvhO6SAb8jF9HqTZMMa7vs_teLnZaEVrJZwRKFIIKjod_vYPFh3SZme6r9nL-Wiy-wrxNEezz5ybpA_Q0UFd1DxM8wqYiQQkvX9k9rXSjvkKGlwXIFS2Eo3O1o2Gd8x6bHaoh2_2nr93SGMlANiI0dbn0Lgw%3D%3D&sa=X&ved=2ahUKEwib-7KYhaONAxV0XWwGHfiiBcoQk8gLegQIIBAB&ictx=1&stq=1&cs=0&lei=IZckaNvmBfS6seMP-MWW0Aw#ebo=2
vec39bb,https://www.google.com/search?client=ms-android-oneplus-terr1-rso2&sca_esv=4f1f0cd305a72421&hl=en-GB&sxsrf=AHTn8zr8mOTYPxPWPcJvF0laLsznB0m0xA:1747228499854&q=sai+skin+and+medical+clinic+reviews&uds=ABqPDvy-7SQ8VhMU4jUs_Oh2DPC76y45GjqwAz5AJ2VKruI5rRYLgom3QEWC90PaqhBYqZKnOsaVdMB2i24c8PanFMgNjBBE7QAa2uggy49shxpaxvgBBq1sMgudLies2ovgxvBo5ed5pCPCvHXnPZcQtBf6CoPtNr9o7HaDeO5RWZQQTwclAZfQmsnTlxeFQvQyqguK8kBBT4kip9WKAZ9jylQDp9mQPAL4kmiTYlihJeHeE8YczZ9jZaRfb8CGDFveHxOE6kJb0wqWadxTHF7tHRL15mZb4ZJ4lro21kkvVlGhQ9BhelJvsnhsYQct3vRKFLEGKbTZf6sGDMhDTSFFVt7r-iegGnxXrMPxrHluILLm6vasXkaKGYXZUL0N9ngnJXmgyNsE6E2mkRYlrCh1XTDSJInvnYD6j0i1zIqlDz825gX4O-3rtpmdeXDvF4JTKQQn2IiGtgyhn_0CJZ6XytDqW0BJvA&si=APYL9bvoDGWmsM6h2lfKzIb8LfQg_oNQyUOQgna9TyfQHAoqUhASG4jA_BlDpeZRfHVISxhB2bAoN3_Jo6LIkqN3vOH4O7EOt8uGKi4cgqQNdLrqb5zoVtrfvrBWuZs9rzlnVkm-56EA06RQSh7q6k6ZeJyjusxGIg%3D%3D&sa=X&ved=2ahUKEwjX6cywhaONAxV5R2wGHZrLLmsQk8gLegQIIRAB&ictx=1&stq=1&cs=0&lei=U5ckaJf0M_mOseMPmpe72QY#ebo=1
dyi00yg,"https://www.google.com/search?client=ms-android-oneplus-terr1-rso2&sca_esv=4f1f0cd305a72421&hl=en-GB&sxsrf=AHTn8zqSeBfRrEKBvNd-fBpNK6PN1Whjiw:1747228557852&q=dr.+annie%27s+clinic-+skin+%26+health+care,+dermatologist+in+vasant+kunj+south+delhi+reviews&uds=ABqPDvyyKwBnn9M4zrKh7oE3GE72uGVrvqiPoN1Amo4XAH1Mj-7cMMFZ5GxwZGIagD40l3TswLIlr68DuAs-BEqhxgLmQqmcwVtcQXkWI83_e1zA45emg266rsAxcSkWZKLcIHS5cCPjJ6P0MwQMY4VMLYjoyiHqt8pPAeQnV6bEyVjBJKABhUxE_z2p1cWg1ln6QiSTc5S3RaA6bHH_1HdKARuMFWDfm74Mh2-03OpON-mNScPKXtVJAtRwAlrKoRSP1BEEt4KiIdg6sq0lIBGUypy9Z0wbU7mNkxiVz4_YwVwPVykA1tY5ytzpcqxCKjz3nmPhE1NjhFA7kz0oMFC9DEtUL_rI_0DfJjzcljFHBmNooB7nUY0GXPmwli5nYB-w0J21qY7SU-m29YtiGDyBep8aH7yvTGdf58kz7wdCyc5f5iRc_vp-utjXnYxo5fE0Xx2UqRVqK9IU5eG2B2PatWtksDaxj4ARVVHzCyeQsM4HFmlmPMw&si=APYL9bs7Hg2KMLB-4tSoTdxuOx8BdRvHbByC_AuVpNyh0x2KzYwBgpLcVSJft0NcV0FAO4NFltKLmu_5ve5IZ_yu8jret1Tndh3Nau-mm8Z5uVbcMXDHwAhf5vKeFtVD31kL8GGNvn0_qMcr8ygqa8-VJd9cZIaNpXOAURk-bXkwtxX7hhvAAWbOyJ4kyLNXwmjDkpn2OcDQfJFW4fOYUNnvWuvSWZMlF-ZKO92c3uaoet5FY2G7EdQ%3D&sa=X&ved=2ahUKEwjB3aDMhaONAxUfcGwGHV9PGvoQk8gLegQIHhAB&ictx=1&stq=1&cs=0&lei=jZckaIHjM5_gseMP357p0A8#ebo=1"
ibr09bc,https://www.google.com/search?sca_esv=c1209131ca63d9ac&hl=en-GB&gl=in&sxsrf=AHTn8zq3thoykAieTbj-bs5bZvqYYHZxJw:1747228623507&q=sparsh+skin+clinic+-+best+dermatologist+%26+skin+care+in+delhi+new+delhi+reviews&uds=ABqPDvz_FCcXRQQPrG76E6HvlKfhWujXtmNiTOJkDKIPG_HV1jADSYiO_DZ-_LP0LAg9bsnfk0t7nle-1iFm5OanWe07xb3sGqecxOvp6qqSdBckhV50KZFqYgp9GtW3SD-MdiY5JMTn1_UyzF-rPfp4QoqiRaVuEA16xdTPnnt8-ThAA_7ld0QVW6gU5n1uv8bngfwnQlzW_34tDgurNvgwBWL2THblWScmiI96Hi0nt2UcnZmShmdgjtNS1_aWu0liY3Jqtxfn8MCPkEI-fScaOeU6Jvu50fD5520T08XHT1On3Yu7ahvsh8MuZggC4vjnND7414ULCyu2K-Tssyu1_3Tup1bTA67wBMFBn2pEV0sTTuqP7JyiEIQ1P41fLnUT_F_5m0MkQwtAEhE6MWyfwoEErYI_kOGFW4nj3JCaM_SpiiocU5Xi8u9x0KubR14gGkQGIdS3ffUnXESS3ktZFBl3XvvDkQ9xeM2Qg-34EjsjoO1XFUWz-caffIQY_V2nJnsGTQC0XdMs8v9ceYy5f1HJVKfBNY6JPe1xx0IyutQQE-VwyvFyrlR1Hha8Vk7NQJoaU9f-QUosyFOdtd1CPWDRlQaTLg&si=APYL9bs7Hg2KMLB-4tSoTdxuOx8BdRvHbByC_AuVpNyh0x2KzfPHpvyC9A6tLYzLeASFsKFrHymV_i2DpU6jkpEi3L7Nco7jaibAl9yi5c1aiZIYrVLHS3hZMEdH2qpyN2SxR4tkje1Gfs4SIcq-5nmsGILPLfBcn75-8U-JYxcq4dSmf4NEHCwWWphrJ5EqR4C8xyKnSP20FJDU2WiaJw-cPyoVSGyVdw%3D%3D&sa=X&ved=2ahUKEwiThcjrhaONAxUKU2wGHS7ZAS8Qk8gLegQIHBAB&ictx=1&stq=1&cs=0&lei=z5ckaNPhHoqmseMPrrKH-AI#ebo=1
oua56hp,https://www.google.com/search?client=ms-android-oneplus-terr1-rso2&sca_esv=c1209131ca63d9ac&hl=en-GB&sxsrf=AHTn8zrWVeAn1eL494g0_ds48ckB5-uuOg:1747228659406&q=dr.+kandhari%27s+skin+and+dental+clinic+reviews&uds=ABqPDvz2EfJJNsWAAvfTeksqc3rlK81W0LYhL6blYRtzWOLm7dKFvO4Ig_jwpBUdkwK9teCgxlm3K4G4tPBBkHnUbzV6AP3mx034bGgBcGeIMF0Lje2hQhM6d4lipH2xzJPZFnwaNI3Me7MK6qntB7uEZ5PS633Y_AcZ0AtYc4Y_JQ8QRTHbANZvTLwAsP5geQXtM_7YeZ0RrMYUrfZsvGOJmlbuVVhvSVBuedShp94YfS9AZyQkEpGvme0e1mWjldDYo7Gv8dc0BAf5F9U9goF1rrxJ3foxe_ptcqauCgZ8l4T1Dla0CJ9y9TWd2DbCktDbMEzBC5jZRkWmSWDUqvBD3QIOez9wK-T1SKV-osjhDZVK-XeAii8Cc_IuIqwi8CQno7mvbKbcr95Tmb-UnqdoMJ2oiSbENUClxg-XZDHfw3gTojUgF6MA2ZU_8J88-xKXDdNSvcn87cTLwS-xZyTHaD0IvFtFWIP-cGeHmSllwgDsr9RsK8YzJWz2MomnHKxBBB2KJkv-myoZExljqGjPJpZYVfUU_mEZhSQ7D-at1IAJ2cO4bUY&si=APYL9btvhO6SAb8jF9HqTZMMa7vs_teLnZaEVrJZwRKFIIKjoecgrJ_9-xJEgo5P2F5W4GcRZOAerDl6Ko1mrzCcPyFRezq1Bnb37d5uLkiH5JWNtokqUlyVsrUGIYAOqJw0Ns8UhDBxoSPOabAZ1RFz6YmF8ceI4lS7OUq2AuixaX99h7fMitg%3D&sa=X&ved=2ahUKEwizjtf8haONAxUfcGwGHV9PGvoQk8gLegQIIRAB&ictx=1&stq=1&cs=0&lei=85ckaPPIGJ_gseMP357p0A8#ebo=1
aft85ub,https://www.google.com/search?client=ms-android-oneplus-terr1-rso2&sca_esv=c1209131ca63d9ac&hl=en-GB&sxsrf=AHTn8zpja1xsBKIOvYwSQuZtQFBvLtUX0w:1747228721789&q=dr+lipy+gupta+reviews&uds=ABqPDvz-OtAby4tAUiLRIdSfx6Nz8viwxtg9ppiAcZnuLwoIX5WshJHno4OXyTdrpGAzvAKRzD36yvd1j6QZUBVzODnPFubahGPLvDH6PUlCEL2VJ4OnGBWzeTL0qSgzU4rX3UpYbQvXBRYAZL7OcDGykuX9pV25b2TibcUrcBtmrIvC7Eb9X1rMxZr7-ARz6JD4iZKG9Qu_LJddPwQ-x_Dv_gnF8R7nCCOaoZqrbNjQMCeUnrfFbRSEkaFbewlpVBXRmTIP-O2aeom1NXCVRAF0CV1-9dRV31J0AT--tRD39BQskNupcPDTybWMt1DOZY8qp1GTsYb_eUas2Wrqag-VGWSxQhBnIkjx8hlEfjymATrzeuKFSL3YNOTdpx9G8QJiTRKs2Uls_SQ39yeWUJgrOV4ki3k6vSfGlsUBOkQanueOmnB5AibsrU28cagpNlXFi4LE4YoBGR5lvLKNHfTDoNP4U20Bes8hxbw2Fu9Vv8-ukotE_MImyMxCVyWOhkIGX-SDOZkeN1IVL_oZW05zdkfSDjOJFQ&si=APYL9bs7Hg2KMLB-4tSoTdxuOx8BdRvHbByC_AuVpNyh0x2KzYJuAZrOl1TOTD7VvNpKCCoFYW_ihH2J9Qz6GG56RckHIaZCTFK8L1UAZOEaNCyqno4QG-dZbHMcAZUU8lOPYWXhwT0h&sa=X&ved=2ahUKEwj90baahqONAxXKR2wGHThiCDQQk8gLegQIIBAB&ictx=1&stq=1&cs=0&lei=MZgkaL31L8qPseMPuMShoAM#ebo=1
wbi62cs,https://www.google.com/search?client=ms-android-oneplus-terr1-rso2&sca_esv=c1209131ca63d9ac&hl=en-GB&sxsrf=AHTn8zpepZEX0v32ea2O97vrhsUYII28Fw:1747228778801&q=desmoderm+reviews&uds=ABqPDvzRHvt-XMXRO7kzKAAkzALCfEsO8rL34xIyBpN_cDCRqK_7laday9oK8UC4SvjtfnNa9ycojKKbvqtBtJ5KZ8CEw3JUuDO5vi-m6Khv1Vfid2Kj-xCRqki8XatahEsFk0ExFjICjmeimgYCLnnLOuElGPzMuNALIAniekWYLpx9vvliBP-EcAXpyTbE7uC9eckOOj2GUNeUVXpKYHUBkhde3_vIgZwzmLIDywGL8QdIAqybOWjx0gsjueOkAtIXHqNyinpJgXEUTtyzQcWFep38QJz2NXFrqC7guFzSHd8_sU7QlPfn9MPqQDzHrPVWurmSsRd22brI-voUcfyDa77-hhGufKBT5MI4awpgKo6_Yi1jGm4HSYd2bBfDVOxXpp9SXlxweEDa6frjkZJPoaD7TL9vCfD5kQoQAyHNJJOCou9yRR0OzCR0lrVivdrxCbB1NUuEODXTJtz6ou54vTsIv8MA3NcT529mm5aIJ3KaOFUwbc0I-SXx23MVw1kBhenh2Xqx&si=APYL9bs7Hg2KMLB-4tSoTdxuOx8BdRvHbByC_AuVpNyh0x2KzSUYrm4ALgovjMDxGjfQlkNo_0_3r4F2-8LJm7hpF8EzEpA_tsATShmI-D3VEPqUKV3v9H6HPN2DxclEbWdJ6nc2qrN3&sa=X&ved=2ahUKEwiBuM61hqONAxVnS2cHHd_QLRUQk8gLegQIIRAB&ictx=1&stq=1&cs=0&lei=apgkaIHbMOeWnesP36G3qQE#ebo=2
mnh37kl,https://www.google.com/search?sca_esv=c1209131ca63d9ac&hl=en-GB&gl=in&sxsrf=AHTn8zp20uASnote0KpONkuZ8tFBmcnT7g:1747228866634&q=sampurnam+holistic+clinic+reviews&uds=ABqPDvyP47zQUNkF2sEYQ-VTkPOCb2O2U0odIcc5YAYtlaqMlGmN3PR8u1wqkJdt7zT35arKP3l0o6AHBHUGdqrn6mtRe2_DXJqrZLd36D7t-_wBFUm_vJconUICaXk2-sDvcPRJtX3JctFRt0DlVTmyEB5I7eACjwID0AC6xXHZxaxP8kN22LiCWQbIAdDT5t4q67bVPZHzcTKOpfiEtnyBI3N4EJ5cd95-iP0qki1ptPx_LUsWlGBSuHZlYtPiCmKW7Yi6D-hrjAeEBeR0mvDKb4gsn60VMtZqnKJu47O_Ub9cYjJXRsYRergWEXNO3YxwQR59nfZPSn4O0p4ufZFzOQkFGzIpK8gnd8LMqJHan1zDX6fIsuXU1r7pLEEjmNfkkKWPlTSlbNmHi2b23luDXOQVTyNppOsfNgvdBGdMcKOhQNokWWCePoqPrVzqGj96LrfxHjWpzQH10K41sv2ubYlL85NDtbeZZSTDlCVWjw4NIEUlTeLhKYoQkxy8E2GjHWaU7buKJmSVPt921cul4opX_dJyr3P8LDFgij6IRsUulqjAuj4&si=APYL9bs7Hg2KMLB-4tSoTdxuOx8BdRvHbByC_AuVpNyh0x2KzZ8KMH0VKHw5twBltgQjsvENxzwjhzn4C01Xim_ksjuvbNBgkRVntCZXh301a9PL8XVJiHtFO939LEBGgZ4qzq6pRM4ns-t06zNE1KRH9CCkzIInAw%3D%3D&sa=X&ved=2ahUKEwjTmb_fhqONAxX0S2cHHRGxHnUQk8gLegQIJhAB&ictx=1&stq=1&cs=0&lei=wpgkaNOwJvSXnesPkeL6qAc#ebo=1
thh63fs,https://www.google.com/search?client=ms-android-oneplus-terr1-rso2&sca_esv=c1209131ca63d9ac&hl=en-GB&sxsrf=AHTn8zr4TLE3AVuGjLGvbTuhZjHStSA0IA:1747229014208&q=dr+rashmi+sharma+-+best+dermatologist+in+delhi+%7C+skin+specialist+%7C+laser+hair+reduction+%7C+prp+%7C+mesotherapy+%7C+medifacial+new+delhi+reviews&uds=ABqPDvxGN_3N91VSmQfwfWJV8643qxHcte0fnJoO_8_udSyK__fVG7Z843XRH6VfRqzRUlCv5QED5wfWstfCZK_k_-5kWeoHB83g-OZTiW9jMmYA6ok48vKc1ZNASbzsoJtpissME6BQIqmXf-bY3PyFvjHwMOfouUh_Wx0SKjwXwTk8vPFO4BZQ42c_KKLWhcjBEklOEGhKjhsgNpRYzjYaVOyTkyR4X82OgKD8Myzoxu_eU3O8m_9aXQUom9TaKFXjzLZkNHh2OKm52kVyYWhUzEf4u2JRRvcfJ1U7nJu4-blhgzlhJr3w7vgU8P6tScAQzxACpeqf01uSP3RMnU0_u5HDmHuLa0qG5AifqFovW8sT5YpAgBTPFVqS-DnbTYi3RSPqedbisxtQz7oyCH2WPQcLgrfOK1u7CdHFdzxaTatnKsS4r9uAt5BIGD0mCd5fN4r3fSX7gYp27EZFrf-6FekU95JC3MhL0UxbQHACocntCh9wE4POKO2m4nEfqEpf_wO8uXNFchJgTq0UoANNWszEIlLuCwy0oK-1-CEdiS7my2nlZADA1_P824NLRhXC74O-7421cuiKVTx_jJeDc2Pn9s7l7SIoFB8XzzKQbraanRGUf1JAsjYlwAlR_Y3mr1WtZRWRmfs98y3lTzOx42uodLJIpcqIBbko2iISdrFGCazvUjo&si=APYL9bs7Hg2KMLB-4tSoTdxuOx8BdRvHbByC_AuVpNyh0x2Kze830XwezyOjxdTkEVOGXXX-IGkIHEl2cGMGAbOIa3jE282PvXad_PUgTouqEFzc3Dy32FXL03tq_vr-Vi1FWOg07fODWWO_qjrFQrLvigwFKyB3ne4itnrnO7BK9wsLvWDJfspeMVxdIQSvgVhsFZ2rr3Zfwiu-VgBMc9oWMR4SW7sEQ1NR4jUr_rDdFUo_Gf7gTn1W9fw8Lq-hledhXAMkxzsmI2_hK_KMHDCgjMGbNqfqXkPkuCOuiGD8Z1liiZE5SYc%3D&sa=X&ved=2ahUKEwifv-6lh6ONAxVacGwGHeFRAK0Qk8gLegQIIhAB&ictx=1&stq=1&cs=0&lei=VpkkaJ-8DNrgseMP4aOB6Ao#ebo=1
qmr36zn,https://www.google.com/search?client=ms-android-samsung-gs-rev1&sca_esv=c1209131ca63d9ac&hl=en-IN&sxsrf=AHTn8zrLaIv2KvCSQU45x3v5CyDlnJXD7g:1747229087264&q=dr+kavita+chablani+reviews&uds=ABqPDvz7_2JvUSQSOCs2Nd7SFrcfxxqjxoUlGKFV5jekMkZpcyIjhmzntmmINbzHSPaP7M8BQs2S9IHaYyzOUlzRw5phCJTYTQwLdZ5tjaN2gW2QAyEG8LUuX_vOTyZNaIkYwe9G_Ver4gsDWtEBbr8YeG4GfE5lQmW9h_-acw9gPcsHjuhLRXKi2k9-7GQ-fRzxkVaWx0jtZGJRTd8y_TB42ejI6kdn9seI1z_XLkMLJhXS8-ICcyXRFcAme353Zrq8qq_lhcXPnQ772Z1OhRttfUTHzM0Nc-6WdQBMq4phIUBv4dp1b7wueU5jmepNKfBobjlKwNY72ej3U3Bgkju-vzYoJPfd5k0cxxHueP3tOICOMJ7uJ2nUWOAH0QmkWj3bckp3ggIj&si=APYL9bs7Hg2KMLB-4tSoTdxuOx8BdRvHbByC_AuVpNyh0x2KzfkUw0xwITeNLO--uimIizeEGZh-zq8T4CEoD9Wq1vfEWjqJruy9DzV-SyZLv8q6j-b6_UBk0BCCuILHhXxpPH3ZntDpmp2dzmvui5tyjDMjJVTPSg%3D%3D&sa=X&ved=2ahUKEwiCwdnIh6ONAxUgUGcHHUYXOQAQk8gLegQIHhAB&ictx=1&stq=1&cs=0&lei=n5kkaML1D6CgnesPxq7kAQ#ebo=2
agw88fu,https://www.google.com/search?client=ms-android-samsung-gs-rev1&sca_esv=c1209131ca63d9ac&hl=en-IN&sxsrf=AHTn8zo2S-OKZHJ2WXyak2wXo2QSKiWwJA:1747229145833&q=kiran+skin+and+maternity+clinic+reviews&uds=ABqPDvzKdBabcgi4Vy51d9e9woozV4aRJGF7Hn8jzYcYu36GjPtmXITRQ0asDkv67m6mOO5w1LDLWRilPXAXLPuilAJjaQWs2D6Csaz3sZy_9w8bcC_n49vSiOaUJdIgjvMqtV_mmRyxpi_8NBasuMpEeHFPs__6Z-OlNK1qy5_PgdRpnXQu3GqivciV9Qdu4Em7vrlDasO94Fu5qnd6UgtSknapHF6e0-_Drr0OVLcz2XlTEgZe-BWt8EkYAf_w8AlZsLdi8nal9Dzlko1DqbHayAZnGffW-o-aygQwMpK5yfIX7u6vUz1BH62hA7OvmzhXZx-tOJsGulME6y3hzhwetex0qGbnBO7gMgLzm5zPyaOIJ_Y9q7w&si=APYL9bs7Hg2KMLB-4tSoTdxuOx8BdRvHbByC_AuVpNyh0x2Kzauh4l0QGwm8kEXGVk1pz4oUz--lPCAlSr7zYhq6OGb3h1XFrknCKiYj1QNgPlEEIklqpAnXDb4dI0Wd35ZuwgZC6Xryvl5-OYz3AD8TjwR_R083Zw%3D%3D&sa=X&ved=2ahUKEwipptDkh6ONAxUrRmcHHZ5eENQQk8gLegQIHBAB&ictx=1&stq=1&cs=0&lei=2ZkkaOnVMquMnesPnr3BoA0#ebo=1
vwp77gl,https://www.google.com/search?client=ms-android-samsung-gs-rev1&sca_esv=c1209131ca63d9ac&hl=en-IN&sxsrf=AHTn8zq9A_pa131LCwwOegVZsYyXwfnoLQ:1747229203262&q=dermhealth+skin+%26+hair+clinic+reviews&uds=ABqPDvzGP77R7-n3CTCnETWGmxYhVP72RSGIWOZzDHU07h7Op8XdFLvfXJmMDX4mMw7D9h4kJ0W_JhI9TUi8HW4-2CwQhHqdDDFFe7h3-Jkfou10pOmtkezQgCGI3y-hKlh2SWZdxQofYTK7el8437ZaEaN-AjQJ0yr5vMQN1Ddtw1rOY94iHgBb_eyEsfdxfKHjYUQoJk_GrYz0krHmmwCn2e1T5JRsJEojeQg85hwG_8U7ueh72-vtZnRO8AmqburtUl0LDVf17njkHsy1UKPlv-2K_14vI2WwZhDWpfaMlMJWzyjXGXdMesdTN097OTCKi_kwbTeqmiZgmxce6jGZvrD9ZOaBcJf6k1Y72ruYGapkHxRoAoQ5IOGB-9VRUFQnwJJO900TeVWiK_Q3og9AMjoPjnaUIg&si=APYL9bs7Hg2KMLB-4tSoTdxuOx8BdRvHbByC_AuVpNyh0x2KzfOg8UtHA191KujH9Ik6Tntmybpbp8_KSPrRQRfdZ6QEHvlwXbVMzB_yZxZrkuofI-_SUUS9XQN0t5xJpMM4dO75hO5cONCLZNVJu3W1sj_2cuq4WQ%3D%3D&sa=X&ved=2ahUKEwimu4GAiKONAxXpd2wGHdgcKWQQk8gLegQIGxAB&ictx=1&stq=1&cs=0&lei=GpokaOjhGbS9seMPzcW38AU#ebo=2
xpi62pk,https://www.google.com/search?client=ms-android-samsung-gs-rev1&sca_esv=c1209131ca63d9ac&hl=en-IN&sxsrf=AHTn8zo0h2GAAfPTU5c6mtXJlUZPypq05Q:1747229256142&q=dermadex+clinic+reviews&uds=ABqPDvyvbrsxlHO6moNpkCioISqjtdx8CCIGFZQY7SJBJQiNgfl9frRcMxN8epNUqCr1hhMzdN_-GlYu0Eotci562u0kToB0pbCQkOccniPGo8Kg4hotAKF_zr498j2uP4KYeWXUsxt720uI-w1jmt7OoCphHdc_4-9PiNedfVZdVegSXf2KoqhUCyXulThwhRFXIhMT_Umox-hQkvaccGD5GeUxkukkhe8Bjp_ZOSq-d67-_uPy_sLcYU3NpRP4cDo0laKb17DG21CpvXjJJKvH1eTrejj40a5cyHhxFMf2pV4n48Np-6dNNJ34Ep5vCU_d8oCc8sBrDb9KJH6rPuAgCqGPUY9PoDiLhf3Fxr0IgsQ-LR6r7SMir1q7F1Tto6NKH_jtZcb8SYRIISmrIhPI0ZqyiNTwVEJlQwE5GWdoX4YRzRkiJfZnRjLiUXNfxx7iBMXQOH3VTKIJI4pKdEsQy4tZH4S4YBuaI6FJmRoEd2IMMBx7v03I12paWpRCqr6qsRSngC_pBluIuNy4WbPrzx23yDBgrg&si=APYL9bs7Hg2KMLB-4tSoTdxuOx8BdRvHbByC_AuVpNyh0x2KzUuh2jpXq5zd2Rv9_xKA4pa5rrZH6ynvty92Hudgu40guEmEli2BuyX6ikMFDth_ljhxW9b3e8y15L78VJEe-KgJOP0N&sa=X&ved=2ahUKEwixhJ2ZiKONAxUyTWwGHTwTLekQk8gLegQIIhAB&ictx=1&stq=1&cs=0&lei=SJokaLHACLKaseMPvKa0yQ4#ebo=1
ocx99bi,https://www.google.com/search?client=ms-android-samsung-gs-rev1&sca_esv=c1209131ca63d9ac&hl=en-IN&sxsrf=AHTn8zopRnsKByPneggmfT6djbrWJyGWsw:1747229324930&q=dr+m+khanchandani+reviews&uds=ABqPDvxJKvw6QJcWuatAZDbdwgFEu4_kUAg-2hGGNpIn3m2r4W0V_uFNYMyv7lHjXroyfNSmB18jgVblbOt4UwV5jBp-K7AfB2Ppykyz-FCN4ToKNAR7n160PCkQhCoOaojTtpnaGkchgFaY1BQYd_DECYb6gXMM7PWcigqIobaPeZllI4oOvKWWViwXKf5fJRI9Xk7NU7LH3zwdfS4Kaj1cJAoPxBc50L3itVH9yQ9piI-ZO2h_1C9l_vU4SNx8p2PN2hQ3i9OzLJVzany8BUId4glfiv9DPMA9Yd2omTKFN8_AV5vdi3pdK27REEZE-H2bLGYP_DVEfPnvKDKcDm2UqL7lZ8OgAHN74m0HZaIYN7nktbn-HPim11_N67yL7Gf2IpQ7yKpLe--L0BRVGydp6jgtqgACpMp7FjA7TINaH1t99PMYu3-CK5gMVcpm3lyDVvAQRcLT&si=APYL9btvhO6SAb8jF9HqTZMMa7vs_teLnZaEVrJZwRKFIIKjoZxtnDdO8PIzgdWxQToC0c78bTHrQY0rpJUmfWmhp5phYEkhTOqZTgM7Wp7aVq9o1Ja8TDpId5danPntFBt0-jKq3vKs&sa=X&ved=2ahUKEwiBvYO6iKONAxUSRmwGHSYwAlcQk8gLegQIIRAB&ictx=1&stq=1&cs=0&lei=k5okaOr8JoqhnesPzbH40A8#ebo=2
gas33lu,https://www.google.com/search?client=ms-android-samsung-gs-rev1&sca_esv=c1209131ca63d9ac&hl=en-IN&sxsrf=AHTn8zostdXVcFDxEvuWpgIBOwbIuRS5ng:1747229390012&q=dr+shankila+mittal+reviews&uds=ABqPDvxVJXd2VA-hCL8gX-W8OCPEZYAtZ23ETwEQp-RGdnx_B6x1tTiF-R9U5IvLuqDVFbBHUQvNdJeB5OTLkMgEPZHJ00bi-XVJEi3WxbaBy2r5VpeFkJI-o4VKS2RnegBogeNsF1p_jT886ZupEh-xm-r712PdnO3DFGKIPNMwznbowLjLbC2VEkxUHh9mmptX-LhohqXN-iuotHlgTegr_LMYHhgdRXpjdxTIemFMNrgRUnhPG8p6i8GkGuTp3V5Y26jM_L2fonRXEaeeHHlXi9Er2i8plIGiFawt042v6mqDOZPsML35h3c1h_LhEzm4vg3X4Os3U_6WSvknUU_mJUcdYTuseQjbgNH4B3m51E-9ZMosLskZsyd_AFpJeX3wlvAxlB8XCyH8V2wwMMnklZl5kh6WjMgUmnyOemuzNIo8jZYpA7dKKeUhNEU3toOhxWVV1eeJ1p9VRA_gUsTUEZ9BU4cuZCyRcDSaJ7ntgNDDqmBkzwi3Ze72ktnVJnbnWV2X0lzEjfdgIsVChktijURGnp6RzMI1EEkarojYzb8UE10bR1uvtd5B0LfLS9NfI1i3s-f3&si=APYL9bs7Hg2KMLB-4tSoTdxuOx8BdRvHbByC_AuVpNyh0x2KzdbM6jW_jlpDVreVXaz__rLCoteJYdg7ew87qI0WnZOWVOC3CFp-JsxJ6W2-Sy6GY9_zmBXE0wElzM2gmt3K-Zfh5Gs4zr0wsJjWJVxR-KV7NAdtdw%3D%3D&sa=X&ved=2ahUKEwjN4YfZiKONAxVnT2cHHXTrCAIQk8gLegQIJBAB&ictx=1&stq=1&cs=0&lei=zpokaM1C556d6w_01qMQ#ebo=1
tgt68th,https://www.google.com/search?client=ms-android-samsung-gs-rev1&sca_esv=c1209131ca63d9ac&hl=en-IN&sxsrf=AHTn8zpvOD8CFVQ4qMjED0HQQvHyTit73Q:1747229435954&q=dr.+nitika+nijhara+reviews&uds=ABqPDvy5qtGjNb8MEk5lfx96R9r5uQjYTqTFrfStmmRhsK9j8zVCNm2EOXFP5qjLMCnI7cNfewsJfbcEh1nKZ5fLORXApE8zJVsbUFgAKKGS2Qk_IAmEWk2VH4C3HYn4D1PP5lksrjiNS7nv8tkPca_qYNEBTCw700vAbcLNbWTihqsW1zkSjB5TPcvtsJ73MzEkoyqOI3yup8vbM7ovqgbfWB9UGmMQRmXQfKafRBJTDqcQB5FYf906ObjDLrHhfKpQT0GgPYApmzlyiGxO0HgWPbI_3vc_hKL3I5GZ81hNojwSnVvtGxTg4Sj7qfOYyxcK4I15OB9O3vYapbB8xrlZP13-OKDxxmq5FE26C04S0X4QMtfVAngYo3FJGEiqJnO7HQMGpoFXchVSvCOpVLCVI5NCnIWxiK3DZnzJTrnSA1UfllROV-BmCByvivC8Xjf4LOQLjq2g1bDSd15mNJ9QWsExP40vQtuKe4_QULLhx4PGMuqsDt5tkDjbCqGXJL6b0AMVGWq06CaEsxJqBYwVMznKN6mPcA&si=APYL9bs7Hg2KMLB-4tSoTdxuOx8BdRvHbByC_AuVpNyh0x2KzXSfuqUuS4wj0SiVnl5Kd0v9KC5tuylqhKkxQlD4mnTfvuhQkoLUV7YFBBG6RLJDMBfYBGDXmAI7o-hFaU_T0kBeTey8-DXPa2DpDvhaujTdhVy0gA%3D%3D&sa=X&ved=2ahUKEwi27PvuiKONAxX8bGwGHeziNkkQk8gLegQIIhAB&ictx=1&stq=1&cs=0&lei=-5okaPaCOvzZseMP7MXbyQQ#ebo=1
bbq24ve,https://www.google.com/search?client=ms-android-oneplus-terr1-rso2&sca_esv=c1209131ca63d9ac&hl=en-GB&sxsrf=AHTn8zrVQkVpqs8fgO90aZ9GyVcJRK2sGw:1747229528491&q=twacham+skin+clinic+rohtak+reviews&uds=ABqPDvz2EfJJNsWAAvfTeksqc3rls20RPckRKI6IV6bgtw_KrCtnJhO6-2QmFxf9pffigwOfVP_KGglOPHs6T2j3-3FkBHOBdmyiAP-_pguc_5CIQnwoaE6IQfjsxW4z4Plr0ExdjsvCYEsjPGHwnhQs1X8VZB159_hfbV4l7qHy8MTYy-jhEeR7upU-62ZN6IDhYxbyaoXIW8HJF_m-pBVmNr6eQDK0wEckKDQB3MS52wM9010An0ibQWALewHgkkPKVGz_bfK0Zr2uhvzfxsPHpkAYFtq4Bl0oGvAOCJ4bwaQMBzr8jwX30soKzbK2yktrJq4BCQR9TULPXta-lMOZCxhaM7WKvPorRgmBTA_BJIjJCZ4gd19rt9Q8t0Ba5yODwyqxIufuCBWbxBr1hQIFaSSD3TBgQX7zPEDc8eEFDxGFj1u99DMDHWXTea0GttBoC4_oo0wi6BQwtlQejcqvOMHe0ldvSpPjA7y9nMuc5x39OTYFCRMvZ0K48PgMXznSM0Q7Z93qEGtkTV4hRp2Ujk_Z8Ky7ghLz9PQOtQXZC2aEUEQJeV4&si=APYL9bs7Hg2KMLB-4tSoTdxuOx8BdRvHbByC_AuVpNyh0x2KzQw-CW6C2OVMtUjtBME4b24cNJiNp6hcacfpuM3tzQ-F59rWw9Gwq8GPT6y0EnCwRee2cPk2IMngJ7dToGOYRAA1m45usp50lhBItDiwCvumOeO_AA%3D%3D&sa=X&ved=2ahUKEwjV7IubiaONAxWZSGcHHfcFDA8Qk8gLegQIIhAB&ictx=1&stq=1&cs=0&lei=WJskaNXgHZmRnesP94uweA#ebo=1
rxp22oi,"https://www.google.com/search?client=ms-android-oneplus-terr1-rso2&sca_esv=c1209131ca63d9ac&hl=en-GB&sxsrf=AHTn8zomLyW4R2D8b-3jQKKEXjZhh7k-WA:1747229561527&q=dr.+pranita+dhillon%E2%80%99s+dermanew+skin+hair+laser+centre,+rohtak+reviews&uds=ABqPDvwiMtTIAaD7dRK81aDCr5ZmBv0Gv_RfjbYfIbLYFLisjL6uTF_tNu6nxxLU9XtHQcw2fvb1RnnP_Wzb6IW0YV4kTpyMxoXbRftgz_CVeohNLfBrrvbayX02s4GGEu-qronavLU_I7M8YLQVkO899xAiL7351rGZHcBIDImqbKdzK33GoRMGrMvOwt2rpSlkVLmSFjGDCo7F4EJLP8Y69Biov009qtPEMGk07vbKPo1I_OibbrtQW5R8AXNK7nVM3bXT2vLKRYq-hUmdKDpp7ptoTSqHLQ00aQCA1eSiwM_TBrpbneOFbaCCqzV_aOYAELrx_6iNGROrd02RXL4BsgEemIUcMViYqScZOau0OFbpq_9ukVx6Oba7cJLMMh0q83df1Z_kcHnUSLQ-QZroEiadPshL9ze-REOBwJMo4hOsgtjLeDLENXvGKwp_nbYodsDVP2ncWW-niqYm48FusH4YzrGukHqll_7PgxAQ80_MJ2Y2aH-lkkyb07BPL6pJbqFZRx5u-aUt7_g2U9te35c0PxsUnVs7PtkeUWw2eOlCFuZTl46NdlRM8-bZ1la_lrWGlnNWG9toGymv_zr6bZ1PRllFRw&si=APYL9bs7Hg2KMLB-4tSoTdxuOx8BdRvHbByC_AuVpNyh0x2KzfgAUsju7FMccVi8FnfWXGa8nmC2e6K04fBfw0GzwKq_i-8z1VBGo8pIRf7QLFq3wAwviIclXTVHVzQgbKFQPoMP7GW-VDL9a6fYgjlifbKd-fewyb1CqLt5t_jjzpHq8yw5LTXRgWnRC-BJ_3M5yp7ARlqJ&sa=X&ved=2ahUKEwjxnuyqiaONAxVId2wGHXHMNGoQk8gLegQIIBAB&ictx=1&stq=1&cs=0&lei=gJskaKKXM-fgseMPnoaVoAM#ebo=3"
ogp15sv,"https://www.google.com/search?client=ms-android-oneplus-terr1-rso2&sca_esv=c1209131ca63d9ac&hl=en-GB&sxsrf=AHTn8zr3_mcfuUIGO0jVAeo2sEIb0_Wurw:1747229597472&q=dr+kritika+pandey,+dr.+kritika+derma+clinic+%E2%80%93+best+dermatologists+and+skin+doctors+in+rewari+reviews&uds=ABqPDvxWKdBPSiEp1QZ3jj3MrQDH3CrV561buEi6b_zF7WTGgFbjpF71EetJAEb6hZKhySrm_udLaaZR-f7LGeQXu77rpovAnepAuftFVXsY9kEYyAvoDLewY-wLbbem0QGEE0_w2Nk_Zo0g5GsKERKp_hJNrN5wJEBsBvkn1muh-7HBzKsTMDIPmX5l9CKNqtM3MpfQDohdz721fg6qoXPuAPfrqK46QCebaVRvlNNQnR7OLEVIb17BwRvcB23xoyiBkZ6QynE1Zpst80iJRlSd9mXIxXfd_s1HMTAGVaZvizHXMtRTw1i9jxTYLTTN5CX9Ux1-iAUAt3rv_qK_ac6M6seOb0Boor2AfXgJu0Qskwh15BJHgPwvzVK2TO2zfZWlePUcCoLGUnQC827o7LyzPItLbKJeuXRnyCLIowIiOoabay01AvEL9NxMLmoOzEAKHAVX-drmwbl7MDk_GDDRFc6hqSmjz0nuTzZjmB8_vpFfPAP_bQ6_KBqj1Gbz_hSGegDmif6hk_LUQUi31Y32jEF6aFkuKJn0H4FoHTcUGl1rNj65dIsGCnJp3hlzmWG4Hzp6g4M3H5hSoZ6hZ-oBLvgd1W_ZVWhbTp7pmFVtVqJfGH9OH98&si=APYL9bs7Hg2KMLB-4tSoTdxuOx8BdRvHbByC_AuVpNyh0x2KzS5LrGPyx1ejXbrM8J7JTqUtvxYDAo2qX78Xp4pXYCb6Nl_O0pPK2g6hNKQsnRe4bl9Stk8aXP7V7q6tukVw1UOQIMlrIbcSbjAuNhTUh3Tqcx8p35J_z4xWA5HQO58jRFwLa1s9TvWjKvkUuP4Zz7r1qCTg4Z-VQaWukn09AuGlkfd59m_ntSblqWumcDppsi4zPPQ%3D&sa=X&ved=2ahUKEwjlkv67iaONAxXrRmwGHapkN5gQk8gLegQIIBAB&ictx=1&stq=1&cs=0&lei=nZskaKXQHOuNseMPqsndwQk#ebo=1"
mzf57qh,https://www.google.com/search?sca_esv=0407674a9afef7c1&rlz=1C1CHZN_enIN1087IN1087&sxsrf=AHTn8zqzh1GE65UrQTs04PDXQrd-CFjVDg:1747804487856&si=APYL9bs7Hg2KMLB-4tSoTdxuOx8BdRvHbByC_AuVpNyh0x2KzQEr123oX-z1GJ4qR3FywdJcn06dtvcR1x8WHvfrfxu8iPDtpnhKtZ42lNKNRtOs9b-ETAqv3yHYkZSzEw-vfMgJU0cQ&q=SkinRaga+Clinic+Reviews&sa=X&ved=2ahUKEwjMxoqN57ONAxWqwTgGHfloEyAQ0bkNegQIKhAE&biw=1600&bih=773&dpr=1
fvj51xk,https://www.google.com/search?client=ms-android-oneplus-terr1-rso2&sca_esv=05e16821a1d41d04&hl=en-GB&sxsrf=AHTn8zptcf-weDS6ir63R-usY_O-Ss6Hbg:1747229707699&q=shri+ram+yadav+skin+clinic+%26+general+hospital+reviews&uds=ABqPDvzOS_L15h4n0eKj6KACeamuXRr8gqK9yKA92C7MPBlPlEu_WxVHsYc28v7igykAXZnP17PEGhod7h1ZyDFUmeHROt99nb5Jv14jKDb0WUnagj9krMRxUeYlrEUDbCj3Rw7DkEcDfJPZxOPlHOaVrOwF2gqeBwi_v0Tgoe2bcCZ_iZLfguYOMY6ldc7JJOPEdpS2EGUcOzxmQu3VkxEPZlFi5j3_TaXBE6pGLAXbcPkyG_MpeQoNbXULj6TSVg1pdKr4X1YXudf8uvUktNCiEpZA9ry5B4DtmsqY__I-6wplKMNUnbM54aamsutj-fjT8glK9ACQD_7qvZFtCyvgZ0Ge74SsYYX3WNvrlVqpqHxhBXmMHqhBhfu-w4kpqEhGB_EVziHaCuAywsghZb3ZLdPR8w5UP_gOEgB6wLNWrHJA1VI9IzJOErJIG8hLTh0LkqaX6cVzC7ZAVGIwg1XXdC7wkkaTKT-tQ-7w3U-gK3bafcZGVpp8U7eMeCzBXluH9ZGvfOnw&si=APYL9bs7Hg2KMLB-4tSoTdxuOx8BdRvHbByC_AuVpNyh0x2KzSmR95Yiy7RpEngrbeF_0Mcq0yzqqkHwYlMyWVWDgLugRV7DFopAg06T0aTU64dvY4W-RO7b41UeF4Cvm4UxGHN3fRFipfeOASoOZoCCud6sLgkL7sNWieLsl6S7U0sIhW1-SIU%3D&sa=X&ved=2ahUKEwj17sXwiaONAxVrT2wGHQkWL04Qk8gLegQIIRAB&ictx=1&stq=1&cs=0&lei=C5wkaLW9KuueseMPiay88QQ#ebo=2
qcm86wt,https://www.google.com/search?si=APYL9bs7Hg2KMLB-4tSoTdxuOx8BdRvHbByC_AuVpNyh0x2KzZ6-AUI2tEvk2bkMGpKduWzFGSu1UsqbTakss3r1Mel2nAybimzP_Rdvqk_U7cKjL3L4hLOB2hAf_YPTrUMB9qGGoDHvp6wUv-VRFJZ-poJa4S79SQVbFL8xzVXdK2VRY-prseQ%3D&hl=en-IN&q=Derma+Ortho+Center+by+Dr.+Anisha+Sethi+Sharma+Reviews&shndl=30&shem=lcuae&source=sh/x/loc/osrp/m5/2&kgs=12b91742e9ece022#ebo=2
hqg62rl,https://www.google.com/search?sca_esv=fd40bbb914dc0882&hl=en-IN&sxsrf=AHTn8zonP4oWhb9hCDK90mlHVNLJKWY9Aw:1747229806677&q=dr+harsimran+singh+chawla+reviews&uds=ABqPDvyP47zQUNkF2sEYQ-VTkPOCQLyDhxddpf2Ht4XkaLZG6JQmTAppTEkne3tDdVDVEyI-YLie7YBUQlySu4L38OdtWopTsACea6VSdESUjPxgS_Sro05D93cLBM4EvhoawBfEdjyw_sZEetyr1RGe-BlFJkoJlHOwrgRzSh5QFMTHf1bPb2BG019lc-p5Njt1i2xV1SlFrJfN08pikNxTXb8bOzzSmML2GWkOqrLxQ7vbeKdDxCFrHaWLqJGlbVC7TrQcGbUTYN5EWIr-wgZU5rV0hu_SlzD6hkDkn7aeLTaxCNUuATWIibwZVya7DOBl9P_qQzBuxPr3H0k-VCDkINx8uuku5HGmxx10SvYCATt4oz9exXUDEqC5HoVtW1QojJrgfppPJdYVnUKzz79_zcIABhXCqgBXrWLpYfYUtrMb5YsGraWcMrzbyODXtxRhNG4k-BzOqQCYvp5872ekuKELWEhdQB0oAx-b6nuhK-yTesszqgbyhQ4AbBxuRaCt6DSLFaasAr0ksVslTRxRRfBtsEmu0L_I72eM5aeIqGkckkonzLU&si=APYL9bs7Hg2KMLB-4tSoTdxuOx8BdRvHbByC_AuVpNyh0x2KzZo4Azit7WbSiWnhIyes2emkjmd_DNGlIIbgDGN_KUI8SFLvBU0gyvHZF-cJGC0Vxi2bZY9Ll9Q1RmdIMGKY7xKhRPdmhimYhCKGp7hy9wrL2G1Xyg%3D%3D&sa=X&ved=2ahUKEwiF_d6fiqONAxUURmwGHUgyDNQQk8gLegQIIhAB&ictx=1&stq=1&cs=0&lei=bpwkaIWOKZSMseMPyOSwoA0#ebo=1
xvb86hg,https://www.google.com/search?sca_esv=fd40bbb914dc0882&hl=en-IN&sxsrf=AHTn8zpSi6LEPObFk2U2SbmI1CEicY_7CA:1747229844181&q=the+skin+zeal%E2%84%A2%EF%B8%8F+reviews&uds=ABqPDvwRhZd4t0XfNViw_eWZxTgFe3Yf2ByPMcL0fmWqNKuaJR41pgqn4TxxvfyRljgm0xxnJSg0GHOtAf_Ic-cDbN6rn48Qk5j3RGMlc9Y1a3oq2HL2ibVpHXerBkbc0P19sdm1tAWVoeq2J4awymiQ3cD3m__Y1jiD7hLidB9hLZBV2SB-wYGHTGOAdfQ0Dis64jSN3xLiMPBPIM1rzJuitYkq_-b25ZykdGncVybGuUShIpDMMmFNJrW8YBlzDvKRCZ64T4YGH_HEzUpkA65oa58dzLWCtX5xYabJIxDht80HBBunQ3HGncncNFODj8yBdvN-rHM4pQ0czacUJQ8N6vfsRIb7Prlw9BL_C4YOS39oByHjSmEAzZC-AA9Jny9ucQWXDIACn9lL3sI43oATyc2_1BQcYNV9YLznzl9Wxz1Zbh1Kqkt4YcIbMFc8RsKpE3k9zY9nDJCqdJmkx56GFf636fFCNKht4qRgwtT3eRV5Dx5rnJN1vBTKnXbT1kHhyTFnQJZPWXxitfjH-fqP1EazHIaosBec5vLZTiAgojHHyXl8fKA&si=APYL9bs7Hg2KMLB-4tSoTdxuOx8BdRvHbByC_AuVpNyh0x2KzZ1XjILZtNLqaV26YvgGSw8uIlAVNAq5xGLdGMMWyJbQMqNm5kd-DB4RONuKOoqUKDBSkwnqK5RurW1DonZ7Rr9eb-FnO93Qi9ArlTaWIBBaB4RBSQ%3D%3D&sa=X&ved=2ahUKEwjWitCxiqONAxWAS2cHHe3iBx4Qk8gLegQIIhAB&ictx=1&stq=1&cs=0&lei=lJwkaNbwCoCXnesP7cWf8AE#ebo=1
kdb04nv,https://www.google.com/search?sca_esv=a24eb7beebb63ee4&rlz=1C1CHBF_enIN1140IN1140&sxsrf=AHTn8zrWh6Q0kPwPLG8i2yCyf6Q-mMulWg:1747229946161&q=the+chandigarh+skin+clinic+railon+reviews&uds=ABqPDvynT4ZwSQ6c6O31Iz40MI5xygJ8sH6FU2NDhWU8A8LPIZdYe-N6y_WPfCwkybyNUgcy35FOez9XY-Ee7J7brLCyTvFSfXGf6WEUgGujGT5IT1UWSjKXhe9KnvNLLOos-kYdrDS7-DbbEKqIQT2wOtzLKmXv6R3ykAoVj3jNnYAXIQ-q9S0XG2xhGyDd4HB7e31gv-SP6IKHf70zxcKAx2SxcJ_Nc_BtQ4CruRIm0F8Q3BudtAhWzBFcb4M5AQbkViLa8gkWZnznq-TC7__2_yzNDo3ZEiar7ephyI0TY1KfNoyyc29jgwr1W3QPoSni_kUkJPMzqdqzV1yNsUDLbQzYlCr_NyEvYiMnoICDlEDjwg1eCd6P9I-esw0rog4feKidDv9BQcXYANCctLxUCb8I2AtdbaUxZhSXKvXF22yQqk6J8PQ&si=APYL9bs7Hg2KMLB-4tSoTdxuOx8BdRvHbByC_AuVpNyh0x2KzdOX_q5r9-DVWo6_aVHaoi9GEeCrzbHdp22wM4I50pZF6rLg2ky1B6b6UE-wgJEWzws3WYgfP3pf2-kFladI43QuayH_XcOZ_1UEnyxXdRCt20hHZ-BqbuqnNGhISiAuIBoCtrI%3D&sa=X&ved=2ahUKEwidvaDiiqONAxU2R2wGHeq3DjsQk8gLegQIGxAB&ictx=1&stq=1&cs=0&lei=-pwkaJ3YCbaOseMP6u-62AM#ebo=3
mqk43yl,"https://www.google.com/search?sca_esv=a24eb7beebb63ee4&biw=1536&bih=730&sxsrf=AHTn8zpMn6qJ9ERM1bq01FPJo9WaD0AbZw:1747229989946&q=dr.+solanki%27s+skin,+laser+and+cosmetic+centre+sahibzada+ajit+singh+nagar+reviews&uds=ABqPDvxmRsihT_lFhjPh6KpexehcpQ_NJIfklMp08Ft5wy7FNDovslaYbSxasWZP7CgXHBFMtE9pKB23K6okNkVelkOpDiZFiWtaLNf066sEP41je8sj9ZjL9SVhCqxrSN0l_fOSSa_9_STCM0jB24FS31t7AFy4Z350O4CbAniOqzIBpjgakBwX7mKPBLRM5KxoT8hKZsbj-P3zNkmtsBdSZMWXsdApKOobIgBmhJq8K8J6RuGNH8V7PmZMHTCoD57TaPZuQALKFccJXFJS1V5FAxKMm3ZJwlc6H2nOCQo0cXM-p8YdZbC0qzm55MrD3ZyaEKcm9QtqEXg_CDhkCk9OgWgk08HyKNF6HqIiWDg_SsZiqj3FRXpiXOuihpTyWLkfc_l6_hjTlpk2vM9UdWmjPGv0yaGw9-colSrq_HWI0sZ0prA9WKa4R6TLObs2tuIL9HftV-ZnwDPqmkKe7hTi_aL4RtHXCKgOeRvwiU4YakM9IJDRQ3K3me3GaO70P0btJZN0gEkYX7UZRhw2F5ghiZtxlh62Zw&si=APYL9bs7Hg2KMLB-4tSoTdxuOx8BdRvHbByC_AuVpNyh0x2KzSdzKp2m3qzO7XH3XbP1xU1T3etWxoJzPZc9lVwDIjjPx5EpYEI51ZEsn2eHKT7I2JhhCwD-FK_ICkYtXLmXzENPXbmdaQRz1QCLn3uIXV_9nizyOx-ct48kS0sgh8ebVPuH5p5Z4sx4mdkFP4lFH-cMTBK_DQ7SNdbWvVX8IfxqTWjLdQ%3D%3D&sa=X&ved=2ahUKEwi66ZD3iqONAxX_cGwGHTdbFKEQk8gLegQIIBAB&ictx=1&stq=1&cs=0&lei=JZ0kaPrCOf_hseMPt7bRiAo#ebo=1"
wlh92az,https://www.google.com/search?sca_esv=a24eb7beebb63ee4&rlz=1C1CHBF_enIN1140IN1140&sxsrf=AHTn8zq4wZpe2kW_Dhr9ekat7HD5sOKzIA:1747230020107&q=dr+nidhi+kamboj+reviews&uds=ABqPDvzPlL9oN7EaA-Vv_3SU28RgUEaB6jhUHu1JhDK4-gmwtqoPRPYA8HnPCjoHHFTwIKtw-SOxCQWUwC7TGcluPZP6RYbTtgDhQGNG6VvTfXYd4pEer2JT5ttHhD2EzH5JsMDfGmm2R1x1f32vKV8_hzDvyM4xGKNr7bspRMTE5oRs3Cwo7xpRwtdGWUYyCAXpFVjFMhJhWAFXyJqxphuSXxz_rNhkDs4Sbk5rRVMmxixj7_pGJF_-bkZnEyCgcdtW2vkW6gdT6-0PNcTRG0XBzSlH0d_a-pvfds3dyWFzi5oe_PO1G21s8G5BlvKfWq0aHO5_NubfmPWkzR6W-3Hs8Vjhimuskw&si=APYL9bs7Hg2KMLB-4tSoTdxuOx8BdRvHbByC_AuVpNyh0x2KzcLCFbA2FohrsFo6PVyahEaW-w9HLELDI6h-9RdOPuAI0xvMWUJ6lPsK0ivnVAe9yefm8QL2ER1ysPRgSjljveUOo2DS&sa=X&ved=2ahUKEwje1sGFi6ONAxWlSmwGHYvaGxUQk8gLegQIHBAB&ictx=1&stq=1&cs=0&lei=RJ0kaN6kBqWVseMPi7XvqAE#ebo=2
tjw38bs,https://www.google.com/search?sca_esv=a24eb7beebb63ee4&rlz=1C1CHBF_enIN1140IN1140&sxsrf=AHTn8zqOouSPg21Gao610MhyihNgxZbeqA:1747230056316&q=airine+skin+care+clinic+reviews&uds=ABqPDvz43SDHfDQ73fnORP2teRktbZMuUpyf6lQLNe7F1ZClg-FZWm8Cj7txHYO-9YCayceMFvh-u7BRcXp2tMIYR9FbCIboqPvdCLlyx9Wv4MtB7fUfQtEUlZk1-KtGJEsaoG0-5zccugEmcQfDz6Fi_twMbIXgsveBn5EareNkMK2FV4ZKyzrSNka3YTNlCW-M_UlDA8kGSda5FZYE3LdsGzqJOafMSZqr1mAXrSWJ4wOTgXH_8Z_O5t9cWD-5bUB_xilr4kysumTagPbmPzkxa5i5_Q0lXtQ4EzSELGDOj9q8OQhGrz2iNdSbhIfcgOVN6vqRv_WWFIz-eivGmIgPrYZXRBMSlxdbPPrlrj4z-tqC2YmZSmpBxvv8mjkR8n2waTCd3mOeqvf0LhcKpQ6bCk5zSk1IUc_o3NUiKa1UzOvjdKTwqY4zk_tVwH7ttqx_GMskYXBOBmK9kRF7UCumnpwlP4UEgc-K-H3z3N3ilt0rh8PU3L__NWL84aMMZR5q0N1UQ_roDspE5r33RIuTuk4OZi66y131elnILi0dhE-wd4gF5R8&si=APYL9bs7Hg2KMLB-4tSoTdxuOx8BdRvHbByC_AuVpNyh0x2KzYhA3TmGcnQACibnfe9wW0zXRGOyXLc1CgfiVdCJgUiTktqkd5uuaIzRQfI74_DGLLWznSW6ztfVG3LMZjnEf8O6-lXHxPeMma1yVZYVcrWw28i3Uw%3D%3D&sa=X&ved=2ahUKEwim6OOWi6ONAxXOS3ADHcZwBpUQk8gLegQIIhAB&ictx=1&stq=1&cs=0&lei=aJ0kaKaUE86XwcsPxuGZqAk#ebo=2
nsu35hk,https://www.google.com/search?sca_esv=a24eb7beebb63ee4&rlz=1C1CHBF_enIN1140IN1140&sxsrf=AHTn8zpZDwVUtwJpxVR-gH6DCZ5P7P7vbw:1747230094716&q=ziva+skin+clinic-+dr+ankit+md+pgi+reviews&uds=ABqPDvxRerckCnYnsCJQVqZ2mQ5KM5Z3mn9KzQbAzs19mtvNNrh5XIV5GH-z_X90RrHzWRys0vfc6jAOrHQuyvVGOnajpCYpF6Odjb8-93ItT1PsTP5XqV7lIATnmp2iLY8aqvjAeOMMwIqW17oIvbC1YwehvpUBXfb7UpCMiZpmDqWv1Hzf8z66am-oYOSh6NWSlnk0gxSQPDBVrJYmxktMxPM8010XGiWHPxn61LRXxHzJESxj9LktD3tTSaO7IbB8faTaHba0rhzk2HMCx22W8qGpnbzxqBvJqN9YnzCNNfHYRmMbltzQ2TasLznDxJ1KVU554b48RT90JuZH9mB5HtZNzRwMOqpzzxzMx_A4FsA_36VXmMg4UVS55W7MpxE1k6wYEpm7fV2p63KgZSe41IVJ3iJDUATR7spsKF_r7afZ2fHd9Uvub_VEdee9rXe0pEsOZJUjKVYywMZcWoWESpanXJsx8hxYejhAH1SEtHwuXYyuf1ogqsVigbUKIrPmriQgtDmYF21K__ZLMrHSeZf3lHaQL4UFErr3_x5EscVNhMcKJqI&si=APYL9bs7Hg2KMLB-4tSoTdxuOx8BdRvHbByC_AuVpNyh0x2KzcegIx5QtvUQs7Sf_w_EnMLlSaHq-kW0wjn5ubBzUtuA-srJh2KHtIWhDzR7b0W8rbMIjlW_J7GQjvYCc_ocUU2QX98tGPRWKNRPxzY9KieN_oIIJj8ySmBB83Vhb0STl_zVrxw%3D&sa=X&ved=2ahUKEwiSvYupi6ONAxWaV2wGHQBJFi0Qk8gLegQIIRAB&ictx=1&stq=1&cs=0&lei=jp0kaJK-K5qvseMPgJLZ6AI#ebo=3
pki47vm,https://www.google.com/search?sca_esv=a24eb7beebb63ee4&rlz=1C1CHBF_enIN1140IN1140&sxsrf=AHTn8zpUvOxoWC5GgGbcE7ECbrd9FwM6TA:1747230224745&q=dr+tarun%E2%80%99s+skin+clinic+%7C+best+skin+specialist+in+panchkula+reviews&uds=ABqPDvy9aWg9HyRtS74R-5TJv_X7NOtevYSMsJY95qPGcgN1VG-IoMAJiwS5UJBhBslbyO6HN7TVoLknXypKva2345emxDtM8cm32lH8KtIu9xqMDo9jFteL0EVk-NkIKPol1_cvdR_odB_CSSggYsogRbmX4EMSVt_WLv67eg4BI2WiEyl7gdI0jaFK26a2E6qvoDGg7LvkScN2weqzRL5fX32Oesb1Mb7t7aHzAulNusx4fLxUj5JSeXA0a6-s68gpkBEaWlD20AIB3nGkr7xJSRFFou317cr5MFeBH-78vvd8lmrtlnwn0Du_4-z9E296E5m9wWyoM-aJ5bqPIzOWUJPOD9XJfPDiXyQRUvLtfAzIfzWp0k9siN4FcUVUUDngPPQvh2UYEUYvERuyEeyRFlcpZBdVT0pL8vDqZ31ejf6T-LtaGFDv7cWSnmUkgpXoM5xfob-3p9RJMK40VXxoN1TG_3KHZ9OYS_2Did5TvzwtSk9lcRWQxw5hCimev3dIEmGt9MapkfsJGvbjCKZPq8QA1w8Ah1F56nz-U7Q55XOdhW7E5BpyWRDwGS2k2Z8DUk5WFZIEQKmE-chy_oaeC1xs78cDlg&si=APYL9bs7Hg2KMLB-4tSoTdxuOx8BdRvHbByC_AuVpNyh0x2KzWi7-ywf1OS5P-lnUrvPcP3V0CD5x2N3pslJ4rc6ZUCl6hqS9N_Lb1FPv34wQL9_JCZFOl-XjqwxoHfpBwFc8fRP8utvq7XXdvo1Yy5AG1fcH_zdxmbYhOROKtxaruu7cVUNQyTiJM90WtO5dSqYZlcXsTZs&sa=X&ved=2ahUKEwii34vni6ONAxXBcmwGHVI4IBkQk8gLegQIHBAB&ictx=1&stq=1&cs=0&lei=EJ4kaKKXLcHlseMP0vCAyQE#ebo=4
bsk62qo,https://www.google.com/search?sca_esv=a24eb7beebb63ee4&rlz=1C1CHBF_enIN1140IN1140&sxsrf=AHTn8zqLaUCLZPYnq3WwfoQaldzyr1oqIg:1747230262364&q=skin+ethics+by+dr+garima+vinayak+aneja+panipat+reviews&uds=ABqPDvyCM2Pu7ppM9h1ySVc1GbFp81iz93UHHtjTkxq9QxtDHzlT5ezOsPBWkpK39lu9D9htyEqiRQLogZds7STuxkWMZND-Z6ZGmUs172avDifYCSOcYSvww-J3AK5eFKeSuVIJkgR7sMP2QtBfoOUOWityRshUbF7pv2Xtr9pM2AjWHVG3bD9xD18B6YrkQ4vTAWzK836fEmf-eo54uBwuhTSbrFAgWuqaU6MNL_SQO9rWiWt_44wXQvaygl3B1o5V_kVhoyx5Yh0aWcdsZPNtlbMJPki4SRAFuNgieon4VL0vPdKdNY8XfCDWdZZ4mKBiDKyyp1WImli_WPB8NBVWzV9fqDxGhMKpW06VsD5V798_w41Pc2mSWH5ESQ94eSjxPbM7cHes_gTcKL2n4pZNyAn1nUYxqA93XY3tJhrnQ9oxxOm3Qdw&si=APYL9bs7Hg2KMLB-4tSoTdxuOx8BdRvHbByC_AuVpNyh0x2KzSFy5wzzzVE3IpqqHsCd2TDiy41s3gzp8E_9ptzwK6TT8nFDjmLwZYwsFNst4-iO2swpejhHgErGC5ICLCqgSRbCIdLu11V0P1hzHjWpB6Mi5YEKBPNU41MhiRWSl8CcOcbP3N0%3D&sa=X&ved=2ahUKEwjS9IP5i6ONAxUqa2wGHYwYI_MQk8gLegQIHhAB&ictx=1&stq=1&cs=0&lei=Np4kaNKBFqrWseMPjLGMmQ8#ebo=2
pwb75fw,https://www.google.com/search?sca_esv=a24eb7beebb63ee4&rlz=1C1CHBF_enIN1140IN1140&sxsrf=AHTn8zrMeL9uEpeoxoYjM4fugVNmh7GusQ:1747230288087&q=dr+pankaj+kohli+reviews&uds=ABqPDvzLAuN_z7omrOtiJVCtoPFm5aHJtgNCNnJZDvLRhCj7vmpAFYD9Np968Qe_fyS0wKHvh9KiUY274LnVibQ9_FCWTbWTK7VwmA2GOSim98jX-AvI_QR8zqDzVeCko6IRsTcuivjhxy00gf4e_hCvPyU1dVEH3qtaV23pTK-p8lCPfH1KSlru7HHH9RgVzBHiCaJ4URgwXGgO3QTgg5s-v5EoPL0rln6a_WgAjwnO0zy4O6XrwQBNu-f9P0a0bkm0UCyhrV8wHifYKCi1DUerlXgPJrQFgBx7aTVGvP_JqvYVc66ZVVCdtMAIXhazaumFKGQVbDED5IsMs2dvYSqIIh8hYN9RDjBWBN-o-EEvOa-xEc7jdtdOuKQzSCH56nVRmkxr9TPA&si=APYL9bs7Hg2KMLB-4tSoTdxuOx8BdRvHbByC_AuVpNyh0x2KzZx3USn7ZM6mlmaTeZ5trNS9fh3ggpAYZSm2D4Ar17dFnYtSXwOBVSeTpTevhVw2W2mSJ9ujOrGl5Mu0RI3Ksd0-1cO9&sa=X&ved=2ahUKEwjW8qWFjKONAxVacGwGHeFRAK0Qk8gLegQIHhAB&ictx=1&stq=1&cs=0&lei=UJ4kaNaKBdrgseMP4aOB6Ao#ebo=1
qui86wt,"https://www.google.com/search?sca_esv=a24eb7beebb63ee4&rlz=1C1CHBF_enIN1140IN1140&sxsrf=AHTn8zonvEJ8ZZIXls7D5hlQ0g7Za91GZA:1747230341520&q=dr.+dhawan%E2%80%99s+skin+,+hair+%26+allergy+clinic+reviews&uds=ABqPDvwqP8_-FxH3k5mxaSLee81p4jUSj_Mdy8vY2V71v3d-KpSZKgGdQTMqNtVCCuMgO0FcMxUxnrPH3Ftc6oLqI3cf9H19aUOhX1mY1CNL84SZRfpMKiX4NTqeqehWvTV7tXBWl4k14ktCTt-pGXq1hpCImAChrSZlKi_HHIXRUfPvAgWyh-R0c8n6Y3GnWr0sdLHHtlZyqz356XBpENOyVgWPNO4uxK5YvZXDv-nZYbJJZqYbLd-IxlLOK22iyEM0b8pKfPRzTWAQ93RfwMUMt3w8jztUI90e8E18ju6cOZwfWtuplZtpvIGryXNpm2dVI2_z7i-mJcyS1qJHAYy2K8krFqVxDVmPqrRyE7oHPJoWyeCdQFtWspQkcI-a_TOEFIGltN8qQ-mOVpyRVWMJxr6PtHaErXFGjvYU-b4aZidI39O9mrttWv7SlbN2byPCNUbc4YjGWzkNM1P_6kaP_HRm6T9I3-zZRsQtaxH2ThmTIawMFl8DaQDpiu3LlDkwUuDy9DHZ&si=APYL9bs7Hg2KMLB-4tSoTdxuOx8BdRvHbByC_AuVpNyh0x2Kza2Y1TNjfool30ktD6jcEKh16vbLDAGsTpGgNrtueuMuLAQZJ3SZ--WN8qALx9xMFfgvAthwYgThz9jssBpZjNLAvupsDxt9inFlE7esxRrz4u0qyaRGt51ygcc6UGktUUFOug8%3D&sa=X&ved=2ahUKEwjxnuOejKONAxXncGwGHTZQCJcQk8gLegQIIxAB&ictx=1&stq=1&cs=0&lei=hZ4kaLHIH-fhseMPtqChuAk#ebo=1"
xdd41an,"https://www.google.com/search?sca_esv=a24eb7beebb63ee4&rlz=1C1CHBF_enIN1140IN1140&sxsrf=AHTn8zpoVbhMORH_Wxg6P8zMxlKt8ix_lQ:1747230378391&q=skin+masters+trichology+-+aiims+trained+best+skin+specialist,+hair+transplant+and+laser+clinic+panipat+reviews&uds=ABqPDvwGiVKAsW_DT-Co2ypqWuEhYEFk-xC6b9Bj8zKezgGqpdgMD9TNi7l0VGechooutd4ez5oLtHV-jep7byqK3QJqfFQ5-YCMQ_XGAH7Qdgr26RIcLxKg2IYDHHYGMLPrIMYvrU91M1O5rsXhUbfX8Int458--VQhBJuF2YGvektNKgv2v9SHoduDh_voQTKPeHUaOPn6QIjOG3cPzMsE-amBKxd6zSCE0vJcdo9pzQzHEBUxk8XG28VYuBRuV7xm_SO_eDfSFhPizpZvryn34Q4EAVerJa0YWb9AciXBqfxuGDDg0sOPEAym0clT2c-7m0w4UFVcHn7jTSuU9gB13Nj0F-0dIQa-D_QOPYcptbtLMamGpR9xBvD8vs4xpILE8rW3glaSLVxcmFpIUnxY6aN_NWPNTXOPSneQe2BW_tw_NEi_SxE1cGJTZzWsvz0jrm_5Fkxv5GPdBLPAQkX1gKYqIToEuxgCge_Cwg_zmZH3G8y5JJtTzUVU-VLXhd_4o66HpjSRjHNTONWxojcZRxS7Z0zX83TYGT-nYLxZGO_G3tfbAIl01OUBbQj64SoE0sAoZCM2hrItUf9GeqStvK9LOOoasB1lYAJU6hJo0Pqo9Gf1ixUGEcwyoWheMSdMlXQuQLSS&si=APYL9bs7Hg2KMLB-4tSoTdxuOx8BdRvHbByC_AuVpNyh0x2KzVbYY8OKMYZDKDTUbyboX33-zh6z7X6yImopd7TsP_ZFRwBJ4yJ4OCrqS66HGtY41LyLT-j-x5KYSwwA_iBlEIyWopsXrhU9EtPC1qJ4hSDoP61wzZwGQ-V6TK0FiaEtqYxXzzFtQ-1wrIwkyhnZn6BTemH65_gCCBL2woMQx2szFJ8PQDHKtrnCC-jJ3oDGzj7aLx64Xi9Flep3in_tdpGDAkQw&sa=X&ved=2ahUKEwjG062wjKONAxXMa2wGHQ56OLAQk8gLegQIHxAB&ictx=1&stq=1&cs=0&lei=qp4kaMbWF8zXseMPjvThgQs#ebo=1"
xcr17zi,https://www.google.com/search?sca_esv=2c9182675fadbcab&rlz=1C1CHZN_enIN1087IN1087&sxsrf=AHTn8zqdJOvCWkntxiQq_HHyTSUR5r7miw:1747808717824&si=APYL9bs7Hg2KMLB-4tSoTdxuOx8BdRvHbByC_AuVpNyh0x2KzWu_jAYx4zcXS9LzDi28NcdVwON6JbdQsz_ZRspgSRpWlMubDvr5iaWb_ALYTEVaxtg9uxpn4IiQyWr-pAo0oYlfaJSLG87taBjDrpE_bn9tLGT9fg%3D%3D&q=Derma+Care+Dr.+J.P.+singh+Reviews&sa=X&ved=2ahUKEwigoovu9rONAxVoyDgGHREBK5oQ0bkNegQIIBAD&biw=1600&bih=773&dpr=1
zeh15eg,https://www.google.com/search?sca_esv=a24eb7beebb63ee4&rlz=1C1CHBF_enIN1140IN1140&sxsrf=AHTn8zo2vmT73AdTs5XADET7Rluqn_XF9Q:1747230566912&q=dr.+sanchit+goel+best+hair+transplant+surgeon+in+panipat+%7C+best+dermatologist+in+panipat+%7C+best+hair+doctor+%7C+skin+specialist+reviews&uds=ABqPDvzwq_3ZvxmOGULBQeGc09BITcy2tLTgxdFQ7NcqozfUPOdqVWCPql1JNHy_IujuBo_DWUzkEdEsGUxPoEh-hR9Lv3be-LghsFiiq-DfL_YZCxg4HltrOu2FbRkb7dNL4TwFaUztVoLz8UGKfXAlZlUgUKlFqfABM-ToPg241OIawyv25868duwtOa4m1lPFz3aD7EIz3cu9ByB8EDo7pfQpcMN58Q-eoQh2fqFs66ifSuLw22zw34tCd1fUHV8ANU1yZZjGQuGGQSI7t4lBSmFnHH3_EEdZ16tq12uwzYKKd-wUvkzmpRpYB9k0l0qETYU0_shKtmDNCV6i3iTlbe6hmOfZ5ndHNWwcNtL0Ah9uQRAbTs2u96WRQin6mRAIECqnBQRaU3YdI09kDQVS2dV4ZAaIv4XOfN0VzuWpD_zCmNMGMgkgXeV5ebMyisYA0ExGtyjP67605J5MGhQfKNzULe41LM3xr9YOPs0sHX1kC0dkHNdRN-9NRVR4eCPgRif5O60cNbU8Wh2rTgN3gBptNAJx7MiRCeYKR_w2U4yPM0k8TWhhWyzb3XBuCKuZYtoKALlA&si=APYL9bs7Hg2KMLB-4tSoTdxuOx8BdRvHbByC_AuVpNyh0x2KzS_7UdrDIWE9p3-G47l5gvh3FCmKlSSlHC3Rm-VKK9PGDMpEPHUhlNNCjFcdAVupkwVb6FAskoGLXXHrL-OaDShAohzBQHPMR6dGWawqE0jYqTHMYsSuVoJNi-8QsQqdxqZaADedP0RCKOlEL3O49ywJ-m4wW1fVGyJA17-421ffsjXPVPV2qMQ4fTO1d9bDyho3Gwuqddzlbm7un1SRRQ_9xkgixu2JeEkahOeX3sY-uofm4Q%3D%3D&sa=X&ved=2ahUKEwjmh6CKjaONAxV-SWwGHboaL70Qk8gLegQIGhAB&ictx=1&stq=1&cs=0&lei=Zp8kaOa8N_6SseMPurW86Qs#ebo=4
deg26jc,https://www.google.com/search?sca_esv=a24eb7beebb63ee4&rlz=1C1CHBF_enIN1140IN1140&sxsrf=AHTn8zoZIYHuu2Qfle0OPfdhJdcfzu6qUg:1747230616937&q=dr.+aditi%27s+skin+and+laser+clinic+%7C+best+dermatologist+in+sonipat+reviews&uds=ABqPDvxWYWwQ4Z_x1yzKkFWzSwUrLmUTXcTYJHhVaEpS0m_78BJtIJSUHUu6QTZcHNIzdEvMj76qqGdv73lg783GOw0QsijduCtrZld0_HtmkJQuAhyAoigPtWCXJ958_EtJQPBoR9zF1xWWdbUyHdUi9jSrZpFic1LD7lTCc1wYpwfta9dm749ZQ21RjmL8SksRJWEuuYwzfodPkYWdYF2IFTI8Mlf5uFKFX_5pQxf_P_lz3G5TNMDoVqpWTpc0uSVc1fn-GjRPyCwa3qJEWGBhWuXaluWihR-rPZBmPX8Zf9qpWT_Kb0gUH07JJ-gypnyKP82ZWSmAiDBAcTuSsnvOUc8sjL_KcG-Cr93MangrIoIl8JQecbyWNFx59tQNCi-3ApPWul_D0hyOMhuLARphU1XmLJKbF26EiYk_mFM3taHb2UQ-EwnP-KZ_2pSttgcHYMdWMVCytlBnIoTEHdcbYT-eLGjqXg&si=APYL9bs7Hg2KMLB-4tSoTdxuOx8BdRvHbByC_AuVpNyh0x2KzWXEatKB1l_Ip6aFV9PfNSU9ewo9YJJMI79O39crztxkUWKiNH35I9EdiSpywyiNWvxSK677OCP_v84WwuVsZVN76UxihKXmAJNASAO0C4LY0I36bPG40MuCW-Bx3_H3boLSNLWbsRygVYnoYwJrK-t05-iWb2RoRhV8fYJe2JT5O7ZIeg%3D%3D&sa=X&ved=2ahUKEwiwr42ijaONAxUpcGwGHZuPNu8Qk8gLegQIHRAB&ictx=1&stq=1&cs=0&lei=mJ8kaLCDOangseMPm5_a-Q4#ebo=3
fxc23ay,"https://www.google.com/search?sca_esv=e4f590c228e390c1&rlz=1C1CHZN_enIN1087IN1087&sxsrf=AHTn8zobP97Z2FvgVISDTQrWyf56TsJQfg:1747809000130&si=APYL9bs7Hg2KMLB-4tSoTdxuOx8BdRvHbByC_AuVpNyh0x2KzV0HSw5p9qE7Qbx__oPm-UWJSd1Zz3UrXiErT5_yFP1b5iQFAziN3IBgG0VgaGENpSpurEa_cZuTeoD126Yn6alc8v7rATLXNs60JzPvIjjqzSmOVANvmvbnemeFvxLRgDp5vjoW1wfT57XznYHOSpqccMVDoLyyl06hha7Xr7cfoVIuYME4w-Cavd55mwp5EVXbp9rGas-EpRNV22G8Gijjv5DCCsslkTPo7fbm-8yX7rVY9w%3D%3D&q=Dr.+Pooja%27s+Skin+%26+Hair+Clinic+In+Panipat-+Expert+Dermatologist+%7C+Acne,+Anti-aging+%7C+Hair+Loss+%7C+Skin+Allergy+Specialist+Reviews&sa=X&ved=2ahUKEwi_8dn097ONAxVZyDgGHX8jLooQ0bkNegQILxAE&biw=1600&bih=773&dpr=1"
cez36sx,https://www.google.com/search?sca_esv=a24eb7beebb63ee4&rlz=1C1CHBF_enIN1140IN1140&sxsrf=AHTn8zoZGqcXfgnjFjhAuiu5LLDb4bN2ww:1747230768902&q=dr+samridhi+gulati+gera+soundarya+skin+and+hair+clinic+-+hydra+facial+weight+loss+clinic+in+karnal+-+skin+doctor+in+karnal+reviews&uds=ABqPDvxEOwAIZsXoAuUsifmiB2MU7B5HV8XNYNbayxw1IN1bCtM7ksRLNGgkC5rt9evRrcAG4I7NPpUjGwTdiJ-9DnIb61L0ZR0NHzAcvnhX8KO_vlN7X5Yv6kZSgsIPqMwu3c6HY5sD4_y_X1JJrSREv3RfbtTDuPlamaXViCU3-l4pkPXSnGNVj8xq0iXTPARuLBwf3lhOR61d6BNgunmmM0id6TI9cXZ9i0JFtbbmTWJ6vAr7g3QbuhRabwoUZtj_oLmoGyCbGZUY1q8TIrSmJEeOZQ-oK9xIcktnGtmCNuvlFN6zcqy76iEbdCKMtOHIcinbBkIK9W-k1myeiq6hG6r5Wfvs23B1_kFWfoJHEc3Ed9tx6xpAvCqvt40fpBrfQc2y21yhstY9tA5dOEKGuQZpL6u2h1_PlqdAz7md4FMBV6IpPDU8yxDO7wANK9s8OrywU0MI5wLMPJjJn1knNJaFCEaDVP930qeo8QOygay73fvOCqblXPEEiQ12Z-lTs_fAFFVTJzt99OVyAd6vLYh4tkZ1qN5sYHut7TB3DVaXKUreKRw9n45u2dsVxoWYSIgytPpebJKe3rUc60ZPrxIs2tXprD_rwIR2yMV4vADAjpms9sIeyKeppr96W6JTAPQ29qmdPIDfX_F5eF4lyKH3u64egbgjWBKp4nxLylLyDunc7SBUqoA6CEe5ZEQCvP1eQM6jxC7OHCm1iVJRbx3f-kTRTg&si=APYL9bs7Hg2KMLB-4tSoTdxuOx8BdRvHbByC_AuVpNyh0x2KzX4f282GWS3F-xGNq3_8zM5hiwr0hqgdDMWLUCu8LaKytMbMO0mSYNEQ5s6TR6WEW4IB678PPULXnxz3vH7Mh4cr6--5LugaE97jQ98B7ZbLxQbTO683jS8eyUYIy98ma2mbQElyOxzdXGwbDHCVoJuqNcByTvXtQEtFGH_EmOLcBXtjdlTQ1ICDHMumqHp2WgAZxjyCjakR5kIV5jhGN1hXAlPezaogw7Ev7lPpAKNp3x7akg%3D%3D&sa=X&ved=2ahUKEwiWw8jqjaONAxXvTmwGHc6aC8kQk8gLegQIIxAB&ictx=1&stq=1&cs=0&lei=MKAkaJbrNu-dseMPzrWuyAw#ebo=1
tbh78wu,https://www.google.com/search?sca_esv=a24eb7beebb63ee4&rlz=1C1CHBF_enIN1140IN1140&sxsrf=AHTn8zoEsAHdxO3w2EYNztHWiNvxls_1TA:1747230817655&q=%F0%9D%97%97%F0%9D%97%BF+%F0%9D%97%A3%F0%9D%97%AE%F0%9D%97%BF%F0%9D%98%82%F0%9D%97%B9+%F0%9D%97%9A%F0%9D%97%BC%F0%9D%98%86%F0%9D%97%AE%F0%9D%97%B9+-+best+skin+specialist+%7C+laser+skin+doctor+%7C+cosmetologist+%7C+hair+transplant+surgeon+tohana+reviews&uds=ABqPDvythSLkRb1qvwRL5n6meQ89zObB5IbldXyZ6zMhd2FpiWJapqb1cdmgpiCP7wj4GOhJePBmNhF-Rx5FKlld9C6_nhafKi7UrXDxU_dW4b84WJ9YrMjIhF8GxoEG95ldTe0QiVGKbNbR0o7rgNj3sXuZj0NcitGg9gvtgP7lwanmCHuWU3PYXxdN7JjoOTmYifdTdq4eLujEgbWUxIDZgbFP85EaCHZOQP-N6cogirSNcsVjNzoDL1xflBK821RtH8WRe-TR2A6u37QWmrY9qjdBKcjeZ1_-EWAkYN_qVVlo4hp_qozN1yNuqxiG5EQV2FYeiJMLdKIPYgr4SUV3wKLrG_ITI4r3ZU18nGE9IZsCOBxwFUuWZu--q4TPXqJumbXZrCcotROZQLu-IohF7IGQXKFu333HSeQL9zdVUn6Kx_B9AoFOq1rKJoxyk9-mDdu6nCEu1fLFDGmNZYHqjEuvB81py0Y1xBAJdxVAFkckwh9jOhQyew28uZyD7Aq02KlUuqoSVL0BhcXrm2JqjeHMwWPWYwjk8EQddWXgrTRm0ztyX4c&si=APYL9bs7Hg2KMLB-4tSoTdxuOx8BdRvHbByC_AuVpNyh0x2KzQgdv7uf-usPftgRAfLmw0Pp-KeGAJBArU2cX9UbQ06Z58YZ1Bk1KRhaXZ_u88XFqoQBM_SluIIFh1pHarsxOsYeyOOVkkvrWgB3RapgNPZMRzFrfvyuGpzN5DSS43f6d-8UlWsQ3sT9oVPstPIjEtMGUMdbpjbZB-4bXQF5Um_ocKOFx9ZFyvV40aqSYImG342ue6SflTwm25sf-gE5NWCPWffDMtDBx2892-YOYjdCa8BdA1Rc7Coe0t8piFsAtvK5R8M%3D&sa=X&ved=2ahUKEwiOl-iBjqONAxUnSGcHHVinK9MQk8gLegQIHxAB&ictx=1&stq=1&cs=0&lei=YaAkaM7iJ6eQnesP2M6umQ0#ebo=1
mbf61ee,"https://www.google.com/search?sca_esv=a24eb7beebb63ee4&rlz=1C1CHBF_enIN1140IN1140&sxsrf=AHTn8zrZilz9KRVEW9Gzm9-z3o2euXcmJg:1747230851503&q=delhi+skin+hospital+sirsa+%7C+laser,+cosmetic+surgery+%26+hair+transplant+centre+%E2%80%93+dr.+prabhash+kulhari+reviews&uds=ABqPDvy1HfflC6EgJoreiIntWhpQrrgBxC3MCSvOT5kyLpIfDtrgK_sLff8RQM5ocKUcgvavq6lFlSJoL40x_I-9u4azfb7xFOffPxaP_pcW7MAN8Rq0onjcQhlpAE2T4vSlXgPTTu2uhIAuzbGsmY0pa54Tjj2B19okmi6fVLITKdZQviQtmIjn4HMtmUVkXxLSxMs9pAClYz7-NH2XR1K1_iztoeRMAh2o_aLUDYHk7PVzFjSPjL02z0Fuk38ou452mJMDCwJSKx8_xVRU8-scqt8B1x6PoUIo9riMgRhb9htRYwQocQ0ZpSGE0MTRMu8sF1f3NOP8p6u9iXEsFgkLJ0H4COSlBBaye8QUrOzahEEoUtQLT3rvHRYTtpnX8kXo3bTE7jTYpIRH7oCoQAmCMTctT7ug_7nIJ-m-QldZu3flacSU6kGzZaDbUxwAbPz9xL1yrN7BCVwj3gjjvO9saYrqbSZ3ElmxBiVnziskhORCxph578p-MjAGLi_c2HdY7Z0tdgpsG5vv_ypq2F6hyIsxgcU6QQVTnDH1qAwx0f402C0qmTy5qPUyGxVl99SeClfLdRUTG-Cjc_ke6vRd4bZeGiCgpXh1I6av1ByIaBT6VdEILZ7thYztiBbzVZcLbv3IUbFGXpUxCyR6bFTLU31zt_rBhEgbJtGR0A8e1e17QOCOpCA&si=APYL9bs7Hg2KMLB-4tSoTdxuOx8BdRvHbByC_AuVpNyh0x2KzbHiqBwwgygDEPha-fJvnvW3ng8JfbpcCDlgfLgK1zMoJyxE4dbRxnlpHM7o3ALBt-ZHjt9ocQJvYXeNXLayltqZN3Op9506CORiSrv-ebkfcIKoORzVsHdAWLt9iiElgEkp0-oZKxSRsYwSkq1WKSoBYj7fru1j_4ptPdspqfMy771ot-WWVWZeKOz_W7vYJu-zfL1Km2p-CGe6h4JQQjY8AwBX&sa=X&ved=2ahUKEwiJk_qRjqONAxWDTGwGHUR1AtQQk8gLegQIIxAB&ictx=1&stq=1&cs=0&lei=kKAkaIbSHYeRseMPoN6I0Qw#lpg=cid:CgIgAQ%3D%3D&ebo=2"
kyt64hi,https://www.google.com/search?sca_esv=a24eb7beebb63ee4&rlz=1C1CHBF_enIN1140IN1140&sxsrf=AHTn8zpEqltBON_M1u0nz9FD7OJp2SKl4w:1747230888950&q=dr.+rama%27s+skin+and+laser+centre+fatehabad+reviews&uds=ABqPDvzM3L9_1N1GMgNtu6wTrkuequooW2qXOvLYetbgGUtw_ylg-2azWYrhw01ueM4h4yaScKKJWd8m792G4Oirtub5s2RFQdhgas2PjlEQRWCR8hiAmM4vcwBkcPE4ZdBrQBuNWyYj9zcrgSlC6m9Z1XNANt87zQ7_GceFMDRdnQHYeRbi752sk0DwX3YSZdACPBcyUqhtAqgml3zwYyS5DOADjOSNc5vcEIfvva_Fv4QxD6wlEXEQMVe_uQEu54nwdgGloxqN0PgVxZRJ0rMuH1Tb5q_uyF7_P1MNQ6KeXeDsNJ_30aQTbIfgGGztRwCccpnGtzT2tl6CmrFm8jdrojvqc5JRx3WD58c3PtGCdloJEW7yHzPpF8wmxspqmY7gzJoI5OOHXWWCR09TDojl9qE4wA72e_602sJOywluh6mXr7Gu_mFsjsqahflkeff08abILXgocVa9550ptE789wc9qTOSVRGj99quWwO4gf8zU3CZEjc&si=APYL9bs7Hg2KMLB-4tSoTdxuOx8BdRvHbByC_AuVpNyh0x2KzS7xr2MyvokcWvzXr2IR7dVsdMvvSWgolZfl0QCPuSj42JQpN0pTSUlI49pG6OlHYXrODcI-mZMt2xHyNPwe5BYjNLU-i4sNdRz4QUHdquru8hZ6HO2EF8BQju6yKNnGiH7gcfA%3D&sa=X&ved=2ahUKEwie1uejjqONAxUAXmwGHTBRM1kQk8gLegQIIRAB&ictx=1&stq=1&cs=0&lei=qKAkaJ7iOYC8seMPsKLNyQU#ebo=1
bwp44ov,https://www.google.com/search?sca_esv=a24eb7beebb63ee4&rlz=1C1CHBF_enIN1140IN1140&sxsrf=AHTn8zpoQ3K7IJmQpCuhaxQz916fYq2Jxg:1747230959483&q=dr.+sonia+sheoran%27s+skin+clinic+reviews&uds=ABqPDvwkDeL-LX4E-YqNPe2vRbrmfnruHZ2Zu7AL7p40R6wyVNhh32trPKvgpllZS_ipVHC706XulESSf883p5f2vt5-ReB6PYLeJX8brQmU1-3NkDUz6d6UOjfnsVi2pcdG1BHICy7xhYwhIcZuKpoFCn9AoJcPB0cdV1XT3kH23psYThUuk_4v_UtiXzPkznV_1lsEVh0wsEg-oyiGrpN6qqnQof5pPyLhkCctClEyJqW2VbB_PtdFGjmD7M0gLDJCxZw2vTYmBpuKpNEmVpL8XGuSdqMbuoKM_AxKSyWF5csKG7kou6RS0Ekzk3VZs02DK6ZMTS8jWNtr9TIv7DmsAGogn0LlS8CDjJE3kKmrKZD7bM5KZKd68obiWGE7MSYa2Rle8G2Hf0Dw-8_AyqDYHZhYhGIjSFzDgHqm0EKLUOvLQUayDKGxIbmL6kTbwUWy4-b80qB3wPakqp39vvPRqu-D0ffV1zJnfLPD1gRm-mGxCg312yGpO5NgbIQTjC6wQa4I0Lbn&si=APYL9bs7Hg2KMLB-4tSoTdxuOx8BdRvHbByC_AuVpNyh0x2KzTyRlY4ijypKNwaRnR1sy5lw3KTncGpqe8mlJ9orUYUiQIC4dLtU4OZM-cneFJA9lidRUT0YYsux_FLaroBhFu-gyQ6uPYz5SEE3D5hkj34-qUiz-g%3D%3D&sa=X&ved=2ahUKEwjyzbjFjqONAxWlT2wGHdwXAs4Qk8gLegQIHxAB&ictx=1&stq=1&cs=0&lei=76AkaLKaHaWfseMP3K-I8Aw#ebo=2
jhn85gy,https://www.google.com/search?sca_esv=a24eb7beebb63ee4&rlz=1C1CHBF_enIN1140IN1140&sxsrf=AHTn8zqB7thhWzWQNIgdemqAt3OPS8Bp4g:1747230991152&q=khurana+skin+and+laser+centre+sirsa+reviews&uds=ABqPDvx4-g2h_XKFlXdIC3fsGCFSCnxHTmqi14y5ZeaLpeXcB2pyQ0uHqyM7CanOC4ZTYXhzu-tAD7QBxXnLT76flTNA2443dn8I0HI7xfgW3IKUSPDO2s2byxSlpqWGBkLq6rlEjyxXY2eb9BWgwBY1m0XoboplKg3Y5TWu3SEykyMYz2IUnFpOhjPnLOXi6Rn8ITFUPRKlHvic_7acp0C-47Env2HuxQ4hfud6N8yBHkshewVfQgDgd1_ydmjQG5hkmNw7QAoh4__FfI1kL_afnOc04KbyezJqGx3UBZmn1nSIDAiAwQRfVUMXe9SOpRQsPPZEx3oxb8x7hjZAvL0FelBxQ02QS5WbmxTaoccXjgMXTGXuURixIjZSXzbxLk_xCc6aMvaF9HFocp1FrPS5n_K5576AqMqnIcd3RcxfpukpKLDCPe5MjJQ0clT-xZzKXyAoGEiCqKF2VX62yd9_mo_yFOY2F0iqVIavA5lKwK06wErr4PM&si=APYL9bs7Hg2KMLB-4tSoTdxuOx8BdRvHbByC_AuVpNyh0x2KzSSkjOphGUfQpqb8Wl17MZ1uTfE7_tjTaTeihh15f85OCHb8cAeCqtYf1k8HIRNGPcinlJms-40UiyzZlSZZtzzEFFZQe1NDm4kgjx20AlapXLbAhdupU8U6bTqLHD_QkBhuL7U%3D&sa=X&ved=2ahUKEwis0cXUjqONAxWZSGcHHWjKC2YQk8gLegQIIRAB&ictx=1&stq=1&cs=0&lei=D6EkaOyNCZmRnesP6JSvsAY#ebo=2
zsv97cs,https://www.google.com/search?sca_esv=a24eb7beebb63ee4&rlz=1C1CHBF_enIN1140IN1140&sxsrf=AHTn8zpoT-XQUvCiU-7UAApOMwnAge3Ysw:1747231028140&q=dr+shree+skin+%26+laser+clinic+reviews&uds=ABqPDvz2EfJJNsWAAvfTeksqc3rl7NYOFiFjI4idGhliD4d8HQbm2GhfbLVv77SAwUvidN_6V7S0kSqKe4M5XdSOKeU4MnobsLxVKInyZvQAAt4Qwdxe0EbQyNbyeVOQFoI0H8Yh6FhEuuOMwsr9PiQkLh52q3DE9x3g4ACEfmeqvOmJU2zKyMUh-URpW4SXfWGdF3KJAZS1w22BjNCNSALvykDvJVwb_h5ZvbZWYk3QxRLJGRwkkNTVEJMMvF3ydnRuQRwGmuvw8EDOW8Kjf5y0NRf8nmRwNAmnjKe4bH1ThEFIGNyiFL0eoZaYKBR8qo8NnM1ND7jgtHMh70jfBpyb_m_uYROYxFFnAw_QzThXzAsORztttEnmilBUeRjkyInG3cRJn-Ogh3x9M4oZBgjlK0jiyttV1wg7-C2EQAIQMxoXfqrLcgGePMA-Dsvn-6cKU6lxcIB3ZyS8ad57fZA15nF11jPykEiYPqKUlXI9uqGhnS2Us42v5oDFJb13ofPCsNOjyFkSmLeOhJ4t-X4X4VBZp7b8PC5xz4DfApIEFKPu2ISA0t0&si=APYL9bs7Hg2KMLB-4tSoTdxuOx8BdRvHbByC_AuVpNyh0x2KzZPlfJlxIX8r55eZvVvRVKj-JLWpuvHPvdCgONqSZnDstnBiCj4hb-QMeSfXxk20RMgyrykyt9dFe_fdc7lO62lFO9V-HMTFVVvoj2odX5DBv1RR-g%3D%3D&sa=X&ved=2ahUKEwiIm5fmjqONAxXHR2wGHfaMBesQk8gLegQIIRAB&ictx=1&stq=1&cs=0&lei=NKEkaIixCMePseMP9pmW2A4#ebo=1
izy18to,https://www.google.com/search?sca_esv=a24eb7beebb63ee4&rlz=1C1CHBF_enIN1140IN1140&sxsrf=AHTn8zrshKZwlPMGXt8bbgnnT_Xa0zNwyA:1747231067001&q=dr+nikitha%27s+the+skin+centre+reviews&uds=ABqPDvz2EfJJNsWAAvfTeksqc3rlTP0ModQ4D4jSn84RWlTYXDq5JFcGcF7DnI7hAwI_qXBJRCpMZbpLFGuvGYcQit2NTwRV9Dq1TrvBxig3cChrCiCwH1xB-4HE_YpXCtEvc0Qx9hu6Ad1zt5nysMMbuBKrvLhplPFX7OrNaRq4I3-X8NxxSsolPTgZz4RZEIg1_L-m8XYd_aYdXleNLQIyiSLSXudi9TSNSNLdTwW_rtsWFHaOrAIgraxHRQAMcVgsSqYeR3Uh60cADbSHEPDIn3TcMv8rVJ696H_fA6Dcn9ZbL18tbZCK-H8wqgcepKMyAvY1lDLgk3C1roxY_eU9oTPZbY5Wvf1SfEPsmCPc_BzOG7_nBCjvTLs_lCa4Klifi3RUR5FSLTOWE191_6Esar57Wi-fj7fUZrcxuHyrFa1rvu1iZ5Aqv2EKs6vKSKKsmTLnY07a5Jg4K4_kjj5wiXNeerfpOTD0nUgHkRstELiOs7wBKxZWGWiHpjJeBWpNjXD0GBneHcN36AREUR1Im7Zt-b-RXUG7crBbhg8fBgBTF0I_2wY&si=APYL9bs7Hg2KMLB-4tSoTdxuOx8BdRvHbByC_AuVpNyh0x2KzfBiLR5TLtL1OwGBAHhBqmYs7UGN8Wgni9gWwT1HGTI73i50ilsxsL-so4WCwV3CnU7IqTB6JNoeIv6Zf0SxRcjgtw6-zeH1rlS98GBNBd29k8Vx_Q%3D%3D&sa=X&ved=2ahUKEwidh9v4jqONAxW4SmwGHdFuNc4Qk8gLegQIIhAB&ictx=1&stq=1&cs=0&lei=WqEkaJ3yPLiVseMP0d3V8Qw#ebo=1
chw00tf,"https://www.google.com/search?sca_esv=a24eb7beebb63ee4&rlz=1C1CHBF_enIN1140IN1140&sxsrf=AHTn8zpoGBf_LwEcYi276W9P8vHhRED-CQ:1747231098813&q=dr+chetna%27s+skin,+laser+and+hair+clinic+%7C+best+dermatologist+in+hisar+reviews&uds=ABqPDvxd638xeHE2mGdLp5Lvi_Ro4Z-AjUASH1BCae6J9WLPLLZdPYzohSBNixk4UA7HBIwGBlZjGNy7ValH5MQCZX7mqXaUmTLiQQxjb4L2LfOJQ_JhhBedFFgXF1Y2jMpI3BCboUqrmQF5Zpz7yK7qqYipjrU9q3ZRoEXWY9HcNbuvj5LntIr8Ll9_FiMa1j1Qt5ODb-dwrGL7jC55060496msxTBnN41j18bhs6yMDl5HX68vqRaqBupjrRX4tnmUZkCfFfZGA-P8ngIZw_zJ4TDFiXRw5lapNDflOyGNy0B-R2TeSUSnPrnZZADG1rZexRwCKf0y-HJcpw3GgcPC4MxUBx5t0ou40BwofsADGivYHb1tBVEHoSBZzFA6gEFZSWXIQ4Soal63_ppw7GrHLCD_qw7W38XyZ1XZ49X94O9PZnRSnqiOwUTGrBJ67A7zoUUz555d7wEt8RLuttxufxEY-5BGigHBSkjOTP4NSNPUugs3dtBMNrAQSeUxsaoZLuJSpYIesESCdsqlJTFSn3k4Nks08Q&si=APYL9bs7Hg2KMLB-4tSoTdxuOx8BdRvHbByC_AuVpNyh0x2Kza8wMglK4nLwRR3H0h_568P18GhBTaySlwlbo6GJAl3vbKV9oG9xSdO8ZH6AW2NuqcJCpYYKMIV0dsLQKo5YiLZZh4gONNv9vp5E7JKfoQiaXVu6gL3Q5lwhX4U_QmOEHz6SREmOsto0Bj67tYDyee3TfpB5mrcrvTCgD7pk0BsUxTseoQ%3D%3D&sa=X&ved=2ahUKEwjy2_CHj6ONAxUUR2wGHeeEDdoQk8gLegQIJBAB&ictx=1&stq=1&cs=0&lei=eqEkaPK2MZSOseMP54m20A0#ebo=1"
dmm96zn,https://www.google.com/search?sca_esv=a24eb7beebb63ee4&rlz=1C1CHBF_enIN1140IN1140&sxsrf=AHTn8zp-rnuyQ0X1C7N8K0j_tHumFS5vMQ:1747231129255&q=dr+poonam+verma+hisar+reviews&uds=ABqPDvy6GKv3uRdhQTtdeAfPtXugm_3TY8RIpEIOsAUv3r1iv0XCRArVGXVU7DjdloYr6JteBxc8BZ-EHxh-D11I4lsYe2kmQHuGlk98UByI_PQQ4FRzztmaC9yWYsfeCGfjNRAOcvlCeoWe8P5Ft9CLnEhluM1-QEtrN5SUoF4bIE74d4PqRHvHBvmC6Bm6FA-U2F6IdSKYLGVBJaHktPoyp6rGMd91UQEYyN89GtzbG5cJ2s-adpLxXCG5k13u1fV3fINLwEQ_Cm-Qj6kxSyXaySbXZ22NunEWMhmGBrNKHRmMr_kEzQrr9hPZQC_B4moU98_wNly4B5lSICTY6KoXMZe9HoYm09pUACz1jOM7oculydkyjMmfCSlmQbatHygcn2KLnmcZJx-hMj4URds2hpyUbHHdJSiZFZZ4qieMJTMSa7VTXYxZRcpADw2_qy3Lw0xbcxapZ9CSrp7iQdQsn2JaPn9kfA&si=APYL9bs7Hg2KMLB-4tSoTdxuOx8BdRvHbByC_AuVpNyh0x2KzaliRIfLXheK3N-zU2jpi6TIN4BXOFBugCE3jp5ER7u3M10cI-lqcy11mTcLn2-soSMSxwcKYPv7AAZmbWms_lP4yuCt9T-7HpNd9rpVHtH_9DEA6g%3D%3D&sa=X&ved=2ahUKEwjR3bKWj6ONAxWOTmwGHYzTI78Qk8gLegQIIRAB&ictx=1&stq=1&cs=0&lei=nqEkaNSEOMLvseMPxNnTgAU#lpg=cid:CgIgAQ%3D%3D&ebo=3
lkt80dq,https://www.google.com/search?sca_esv=a24eb7beebb63ee4&rlz=1C1CHBF_enIN1140IN1140&sxsrf=AHTn8zqMA6RLpQcXKjxYgXIDVqHXKklGkw:1747231167863&q=munjal+skin+clinic+reviews&uds=ABqPDvz7_2JvUSQSOCs2Nd7SFrcfbWnENcwTjZCtjJJYzgjcxq6Cg52BooRpGdlTnxlLi6ulZmOIe6aamz35jVXxjy46_3acFuh3hW3AhsfdiSL-KwlnCpH1Ii2wScJjSDOmf0K_z0tFPhC-DmXYVauqAPaHl0rfp3qiag_xMo_wG5ZUFbmZ-EHPvKZFzO1HFQj2zpcfdT8cB1wXP9KqD0QeCcVdOoeSX01LLMbdHvunkf03W1YQbXI2hWJFPiTunaxGC1yTCX06u-Otr7BkwVFeE32iNMxUJScjxNzqAzNRO6ANfsHXPDgW0HeSHxjlr8KvBfK566e1SgbtcG27GSeHOJfmaswbBJBeZEbxRoG0KGQ_7Hx1BJymVLIvtJIF_8NqIO2seUph&si=APYL9bs7Hg2KMLB-4tSoTdxuOx8BdRvHbByC_AuVpNyh0x2KzbTgLavPCSejJLxb7alY6HvZopxoRdgiQqkH-VPs462v7xw3VHsg4-afEgU4pNja_3k9GS-cE0kF2iB4-soHs-S3FzLwvOK4srUwvFc7xztvmRAEkg%3D%3D&sa=X&ved=2ahUKEwjPkeeoj6ONAxWrUGwGHfkvJmcQk8gLegQIHhAB&ictx=1&stq=1&cs=0&lei=v6EkaI-2NKuhseMP-d-YuQY#ebo=2
fde44wd,https://www.google.com/search?sca_esv=a24eb7beebb63ee4&rlz=1C1CHBF_enIN1140IN1140&sxsrf=AHTn8zoYRDeczQlY0Ddt4bhlziHuUrDFpA:1747231199551&q=life+care+clinic+yamuna+nagar+reviews&uds=ABqPDvz43SDHfDQ73fnORP2teRktgpXR6RR5HPiKJOZ8cznIWqPd93B2qlz8Q4fLLmKMhAEoWBOvo35V725DBPJNDiCFyxDaDVKQiKsUGW5q9qDPYXQF5dmuX6PtmSwt5cYqXEr7aOepNuVNy-hj5THapE6CS_6cXqLOCWBoH-X5qLTYq2k8IPLfdlIk91ysYoM8cjE6GJtSbR1QST2ij3ZQ3sTbeUCZUxDXhh-fgKZhYcPZplwGef3mjqPR6PRPCh_B3kqaPsWR1bhAUjQkztijhmhBrkC0H84fWwSvoCHtoQj8LVpL4tLRYH0qGBagByJZPu19mTK3xh7UwkrJn-XJ9PXuZy8Kg1B9soqGCzDwaYJdWVvIsUKx30xQEoFZvJ7Sfjw6BGLbecQ9mUNRI95dPcubBUTeEKf9zagrS2LcCShamhxejKesm3jrPjXA8DRhQKStgyK0x6x0ON4ZXbeIgivIgsH59enXxsx5Te54T109dRKxgXg__D8jeuK2PNthQZHFb7PV0jRuR7j98rFBozN-QVpsgAuYiYk-johAt-a_UdN5TTk&si=APYL9bs7Hg2KMLB-4tSoTdxuOx8BdRvHbByC_AuVpNyh0x2KzetmkL0j-84SbIJ4Kn0ie9JkXWNYmUOMphddcGHUfc6pUoX8RDHAEX8Ud-jVSKkemLBnGEujsdIfKg3WRG48T4yo0KSPKupJKlycMiB4EGNob3B7kA%3D%3D&sa=X&ved=2ahUKEwj_pfW3j6ONAxV-RmwGHbEbJgQQk8gLegQIIxAB&ictx=1&stq=1&cs=0&lei=36EkaL-6If6MseMPsbeYIQ#ebo=2
mqg81er,https://www.google.com/search?sca_esv=a24eb7beebb63ee4&sxsrf=AHTn8zr-hF-B915gQO59hxKwdRVP-xZZLQ:1747231234658&q=jindal%27s+clinic+reviews&uds=ABqPDvy-9pA-373qTS4Qlhdg8THF9f6V7nfFn4X9h3YaiB52You1zjIBc4rfZESJmPbmM4dWDFAogQRNcP0AcvTwZanTwnkg3CgXclUK9Pl2bMEsQPqElaW-ZSEfoD4g760uQZykeHl66MUnx4IJ5yOTVtwuRLCzXYbxBI8-GCvHai-4_EpJNy8P8GuULxeufZRdU6IdIqBifDCbK-RHVkeVDx_ug-tYWEie9RZKujiyl7k3cRXtNcId5_fe5-80kjqckbLtT5mzwV0yPraRPB1aUHKR42xiMhMDSQK6xWOXJ9Lf7XeEyTcBB_NsgcmwXRgSaQitHhG1EYqI4NxrQ7y5lWTENAr5-rogiay1cvxdo2dNl_fG81RmevYAholbb0aSMBDwpJ2KsK9FazLDfjaoBz0VphJez0tKicEzAIBPGCLNRJUDenpklqin-BlBDjUFaAm7NPsxils12hNSCt9CNM5tY3QfqEvPLLxObwS2k2kykkoxlnVk92baweX2usF_G4n_ta1hDlTOboEzc5l41KvDmQCAeA&si=APYL9btvhO6SAb8jF9HqTZMMa7vs_teLnZaEVrJZwRKFIIKjod07eGJhi4SaVcYQqcTBloqRWmfnOXi9s38hMi8aOaCMtE_sVT1tQWmmp_TBNLIZMZMwf7Nt62CVOOgTKB6us_EQs0Yn&sa=X&ved=2ahUKEwjGhtTIj6ONAxV2a2wGHae9EzwQk8gLegQIIhAB&ictx=1&stq=1&cs=0&lei=AqIkaMb9J_bWseMPp_vO4AM#ebo=2
cqq07kt,https://www.google.com/search?sca_esv=a24eb7beebb63ee4&biw=1536&bih=730&sxsrf=AHTn8zoXdgcTow32gPE5X-Mq7I8k96NmvQ:1747231399128&q=dr.maan%E2%80%99s+clinic+reviews&uds=ABqPDvydLAXAbIk-hNaYUoahhP8Pk7GwzS9JFGKC0RY93pG8rmpjaTci-7AkuydpZxFW_oLLYfDtgIEXyXszHEm22FqCOl-D98rYramyBsIYuYQtKQHWyzeg1XWscrG-lSHFlpO5owXEvXR_72e1b8AR9xE8gAQCCrSyXYEkrczscQsML_SuneXoBRhCY6MSsk0TuS6J-5uQ_8u26Fn5C7WdfBp9harfrTJ7UYK6qHbxNY7S4Fv6S2ALAw_GYf23ZQYJgC40qli31ivdk54GWBBLQsVJJeF-HYnsGxCaSpAFJiwrk5qPom-JHsr1KNYYWERcnHCGKdPXpjyOTQrZfEo450K6MWYwCdvUVCz_Mzo5oRIoW1STf9PUpg1q5dxdFI1ntdYCPDVLTXQK-nlntUUdpi8J5k4MwhvfeCwveJdcjKntKuzPtP8ouBubo5T7molNobgQBEnoemL7PBZVUW_SDBMdwBI_iA&si=APYL9bs7Hg2KMLB-4tSoTdxuOx8BdRvHbByC_AuVpNyh0x2KzUAB1dwJKqUQVnInDBlU15hYD1C3Am4WIA7KYnKCtLbxnlAMOcx-YGKFaij8OcGA_iHmA7DO2WyqoI_n6mtYymYsB9KbXe8sJeDzdXn81SclxN03Yg%3D%3D&sa=X&ved=2ahUKEwjXx4mXkKONAxW1T2cHHVnMFAEQk8gLegQIIxAB&ictx=1&stq=1&cs=0&lei=p6IkaJfYBrWfnesP2ZjTCA#ebo=1
clw90ud,https://www.google.com/search?sca_esv=a24eb7beebb63ee4&biw=1536&bih=730&sxsrf=AHTn8zqUjleuwkXsaRTp3u5qa1Ya2iL1lA:1747231434906&q=aggarwal+skin+hospital+reviews&uds=ABqPDvw3j2teWAitbAZlQuAc48XyL0Pm2gsQEhi83o_0dp6SgRf99tf1QHpnzJgFlY_ZRrai37fM8gL2DSbwNdblG3DvcyYplGPRC_DLpgTEGZ4ASG_818sbMZjjCVLQTbcQ_YOfT_Q-BzgQNbXoWFEuQE9D5oQpjHmKKrWOZmgibAs-dw9emXejPmt1qHYfef0CGbvCDZ1Z08zA7DM6tbiZsjEYJyYD3KB7Yd6qh48H-zgmHWIq4p6l3HCah2Suy-wezRfv7BgfsFF631Dv2tI70UJDHVssAK5M_h9F8tmoijTzxr9p8PUfszBKHxBVjnf5GR69bJGua4N3vNV8t6gpDMTJAfvYqKa1462xbFv_3ddCXxmPAvVGwmDR2AsiLhYehKQfRL8Sh9g0PkRoHDQexWufCHHy9agF0S5LTKGcM8f3Eqhcz3B0McyEqdH3eF-Eox_w8uqPXtG4heuz3V5bJ0-P0VrwMnZtt112mpW51sLDpF4UGfenpPBmR1-z8J7a9mWchAwumjf3U3RC_dZGiuaL-b_XVbTHOy0zKEybrQSswFbvDtku6M8XSJwALa4j05RzxFvK&si=APYL9bs7Hg2KMLB-4tSoTdxuOx8BdRvHbByC_AuVpNyh0x2KzXKdVnTjk8ZMheQrmlZGquXfSBn23BDKmydHecRDsvvc_Hvz6M7MsKqJJmkWep6yAjK9gaMIHn89RrX4Hmaopvs4uJCk3uejPcVWHeN4XTZQ6zqkxA%3D%3D&sa=X&ved=2ahUKEwijl5KokKONAxX9bWwGHWwIAhoQk8gLegQIJBAB&ictx=1&stq=1&cs=0&lei=yqIkaKOKN_3bseMP7JCI0AE#ebo=2
upk21br,https://www.google.com/search?sca_esv=a24eb7beebb63ee4&biw=1536&bih=730&sxsrf=AHTn8zpHgIiKdw2L7lCxnnd1XhX17PFl9w:1747231480516&q=dr.+sarita+skin+clinic+reviews&uds=ABqPDvyqj4_hFpptJC8gF35-dGOr72jURoZq0XoLju_KsKoecJyWw1Av4bMNMAQ2nAI26zyLztmiGvprgq8m4O7YEpI5dTBNLZhslT2GDGkBllgB3DLM_Wof8x0FtuPHnVOc5McFN3gADFp2TIJI1iSX2yEEyaZEdeG4i5jwQFFhMlUOeW7Frhxdppj0RPRYaH8H7jc9emfRd3S4Deynof7pvz7Rl-IUh9vqjGyeRzG9Me-7ynDOVb0ChNyvQvCTg3nadZRZbyhb3SWtnzUURmoJ97pHZXk5k5_jKBGbOUwneT2eOqjf6biphuUYg7mEXZmDsSIFYf1yfSlfhQOR-rr6gW0ZQR1NihVgLYpTUiU5AD1nSM08--dRloQiimXipKkCk1-NHOTt7BaasMGaG1h1FCymUVf62mSX6jOqgjn8MPAs_Ka_dw90e2x2FkZ-Bn5LjXpL37otc-Bi_DALEZl_1ms2dgYypjUmf7Ec76zkru7xbwqZ5XMvmU0gmlYd6s_4x54_-wlOtEKScqJUsNGHfBH-jQyfSbmF6gTDTfMNg__Fw6DQBXk&si=APYL9bs7Hg2KMLB-4tSoTdxuOx8BdRvHbByC_AuVpNyh0x2KzQLMrgix3EdNNitznyM-dLvPEtrrGCMxyfxHMU-eSfbQ2COQTFRiqVk5IOyOxn0EYYamOOqqURivHKfIv1CPi4L_bywAet_qRi_zuBDCh0dpNoiTxA%3D%3D&sa=X&ved=2ahUKEwjGgvK9kKONAxVycGwGHWICDokQk8gLegQIIxAB&ictx=1&stq=1&cs=0&lei=-KIkaMamH_LgseMP4oS4yAg#ebo=1
htl60vu,https://www.google.com/search?sca_esv=e4f590c228e390c1&rlz=1C1CHZN_enIN1087IN1087&sxsrf=AHTn8zoITzEsmp2cM6FnXDaiNRMouIp6HQ:1747811077961&si=APYL9bs7Hg2KMLB-4tSoTdxuOx8BdRvHbByC_AuVpNyh0x2KzYixcMrCGzSRnj7dyMb4VVRna9SM3QEYZxX9oC41FoR8_cUrW1PAbPlRK4jhraUYFkWDReO5mZm1C64afPfJfwgsSRIb9QGjzRwYJFoUSGQuIZoNVNuRD3Uu3SUnFtji33HF76EJWLpNpLQ6235TJi5lgarm_Vw-DhQqx1sTxI2x0vbLCg%3D%3D&q=Jain+Skin+Care+Clinic+-+Best+Skin+Specialist+%7C+Dermatologist+in+Yamunanagar+Reviews&sa=X&ved=2ahUKEwjXyL7T_7ONAxXK1jgGHby8G5oQ0bkNegQIHhAD&biw=1600&bih=773&dpr=1
jtt31ar,https://www.google.com/search?sca_esv=a24eb7beebb63ee4&biw=1536&bih=730&sxsrf=AHTn8zp4UYjKL5MlhmRiqMSQ7fAkCtWLCw:1747231552739&q=mehta+skin+and+advanced+laser+centre+kaithal+reviews&uds=ABqPDvzM3L9_1N1GMgNtu6wTrkuezP9qc3naWz4Czw1YzaSvlh3CqWE6J6A_cBxPB_WJSbXcN1oQoRVADR_daCVL4A6804bp0-LlIjkchLaEGbvRtw81vox-qeYq2dD2Wjtpc-_G_LIYj1CXc5lN3Gyj12CO2VyW35JZHajpAXCea6I9ujrdzuI80X0lfCPtycLV78JDnCQ4BHkWST3DNP6J55IAmOh8NnG7U698EWyYbepi1ANA4rWL-feH9G0BS-YwK7wynmZQCHk9Yx52aaQdFCWihq-sbt5vfmwA7hCbN5SRhSvKIz9K8C-wSy-Z9ZXUoHk_20lkeA23UG87_WLWlAZXrf_oep9kNFXYm_MJKByv3akaegsPVmz8fz9ZAbj_pnzNem6AQLMb6EepsCpTBsPipI2zlpCjD6LvSFycnzdo8_4juaCbqChv21xxRiSUMmO_ij-CuHbPXl4C4JNi3qAd7QMtzEeAvhJPUKdumJu3DY1PzFs&si=APYL9bs7Hg2KMLB-4tSoTdxuOx8BdRvHbByC_AuVpNyh0x2KzSek8zcg0TouUU-RDHKT5Fjb2n3cLRNBkgHVumC-od-yKg1Kp6iohZK8XMNn-0Nvq4LLmCq8kSPxa_QR_BmjcPp29NYEWfVYBHrBOUZ-tjOciSUPB16NdiQfFE7bz1Jb_yaDLyc%3D&sa=X&ved=2ahUKEwjFlargkKONAxWLd2wGHbzPGHoQk8gLegQIIBAB&ictx=1&stq=1&cs=0&lei=QKMkaMX1LIvvseMPvJ_j0Ac#ebo=1
cbm99tu,https://www.google.com/search?sca_esv=a24eb7beebb63ee4&biw=1536&bih=730&sxsrf=AHTn8zowWFq-exOgoj9b_fs0NpgtrD10rg:1747231588209&q=the+derma+house+reviews&uds=ABqPDvxJbbfS6dW-c8kKnKU6BMZxEDGFQy2bhwLx5vOc2e-ZAN03DC70OiE5HoTWsYGos7Ipb5msmEdYRJ0WCuHK1mJKEdUO8m_gPrz--iCBrNLtMBzChmVFVIu3N6q5_IR7a990OVB3v_oQfnK06jfxhwWPh6ogTMA1tWkWz6JLrL2BgY6ViXw9kBP0oEquJhhmbPYi_5rdjtKtjTNwRko70yz3OxX3vHkV9mCuiu0CZWtsjMllFeX04AVaAr9oOcBKCGzX8SaFkEEWe_XZzcOhn3psosy3-v1aKam0viU1UQqB1Va5_YG5nlAf2Xo321nnjMd6CHpjva82PTldO40zG0CcCXA0LxtR5F7cN6uubYhUbyHNX73KCbd4hia3G5YqiDBDefJuWgEe5s_BeryjIPjMq5z4kmsKnshX6sdfmE5yd5NqOm6DN2mYNmRF2WDIy-jrS6qVLbod_nBqBWTiT_CkQDy4S64xSZ4H4Ehbv5KdTl37Lmq7ncvd5QkAADR3_KL6phX7gMAFJ0H9xfo3ez4LmiDk0dZNsp2NHkOP-s5lt8Y8bBo&si=APYL9bs7Hg2KMLB-4tSoTdxuOx8BdRvHbByC_AuVpNyh0x2KzY3IMuf5tTJUUcVaR4fuiVgBkATr5qiPrPCAVp3K_EDkCET9pzjVaxlxyeR_L5u-5ttLY6dyF7Zk4tyJ8IEL6n6IH1Gf&sa=X&ved=2ahUKEwiZi5_xkKONAxWFcGwGHW3QOI4Qk8gLegQIJhAB&ictx=1&stq=1&cs=0&lei=ZKMkaJnJDIXhseMP7aDj8Qg#ebo=1
moo21sj,"https://www.google.com/search?sca_esv=6a81f2bd04fd845e&biw=1366&bih=633&sxsrf=AHTn8zpLyF9MignRpyEM8wbv7a-5sMIC7Q:1747231616698&q=dr.pooja+dhawan+skin,+hair+%26+laser+clinic+amritsar+reviews&uds=ABqPDvxwbkfKbq7fysxw9a16_eTTsD7AUvkug3sxliwgmgIWDUmtADsF3yNpQiFab_hzilZZTFhyL0iqPvJXSBQ1UM-l0Fvuy7Fm2xqM8gek6DiHe7_koeCBPOkZzhMhl-FGPzDxEDfeYGNEtYvLJvZAB09q0RX-kCUVIc2O_cd9tp2-qUdUTVzaCGAIjZeHCbslTKvFQJ4HGSKAKT85Gw9Xy1Y7dtNEYCDOYVduI0I3aq3n7wMpAAVFdSy0KCwaxEVrEltGRTxfmohX3tDp-RkOB_u5ysAaMrSEksuybZtDRVR2y_2EW1R2fFp--357n8fbiiZ6JOr6d0qP83VH2ZAHm_atntZ_jRymd6NQoWdFiL2TV5BQzv332FplebajbzqcoXZLQ20YhJNUMnXzBcsd6qbOV1chQ18WuV2I_sfyeDdBqzPMrmd7p8JS8Sndt2FpO7ArSBgP&si=APYL9bs7Hg2KMLB-4tSoTdxuOx8BdRvHbByC_AuVpNyh0x2KzWWpyRpw-ytxR6odZ2z5364x12K7nKybhheXAsTlEDdkXih6-licykdarf2_Gs6LVlRMTHbsH-UpPwmBw69hSBEVxMqzca6hXZBM_QOM4k9lLR0H_AtxcsDSo12LCuMv2wkNdmKJrrjRI12ManzAOdNTD0Rd&sa=X&ved=2ahUKEwir9en-kKONAxXYSGwGHfhiHN8Qk8gLegQIHBAB&ictx=1&stq=1&cs=0&lei=haMkaJGgDcePseMP9pmW2A4#ebo=3"
dne46xq,https://www.google.com/search?sca_esv=a24eb7beebb63ee4&sxsrf=AHTn8zqq788YVWrLMhvEjvps1nH0etQtUg:1747231655667&q=dr+amarjit+singh+sachdeva+reviews&uds=ABqPDvyUhFxz1wFCJKKhHIrIluNabz03NCwY2tYU5RRl5gqfuLNvPgMbZEuUqBJpg5-kOLUL9nm0d4Hl6d5KNK96B1mpKhlEb_fyX4LwxH3y8YL0ApM6LyLm_jeOi4MtnQQSWepbr9Zv5Ksk133ojZDw0f0FLVBGez_7oOlwWNploKuXVKazw5rDuFWlTMGAaVRnsjZr-pLjCN1DTVkcfIOgdtgK0UmKYv9qZ-oZKnsfIhjX-vmvlWM_38qiU5CqxI1Kq2PsaOAIbnw6nBu9Ok_O71W0QKQZ8L3RJtOQ1JrnpJpeMGxvLlHW1eTSd5fY9202tVYbwNcE_GoJeSNAsKixjCtm--MkDHVh-3WmOCmWM7OiaOdlcT2ZBBa9uXxYdXq9XUpUhbEpUaS-qnF7-Tn0CYjt8m6TlQ&si=APYL9bs7Hg2KMLB-4tSoTdxuOx8BdRvHbByC_AuVpNyh0x2KzcCUi9MIjmdcN9DQWGSqDXGXHR2jiSaDhsTUVBG-c6lGYZBAI9fg2aT0Qu1Q8yW5xFK7yoLvk1a8t0Xx9dBt1Y1As-k9heVFNkG1OOquKDyGUZck_Q%3D%3D&sa=X&ved=2ahUKEwjptLSRkaONAxWlRmwGHTDkFBYQk8gLegQIHBAB&ictx=1&stq=1&cs=0&lei=p6MkaKnFKKWNseMPsMjTsAE#ebo=2
evo94zt,"https://www.google.com/search?sca_esv=d8c7c81b1c3bf80c&sxsrf=AHTn8zptscUaG7Ui87VsAaJ2OR43yDEOjg:1747231837311&q=dr+mrinal+gupta,+dermatologist,+hair+and+laser+specialist+reviews&uds=ABqPDvypsgX5cjomVvn323H3wM7BFynaCFbTjyMatii43hoJ4RHsefKcM85V0YBxIZsu-b4snQF4iEc5UYB2u79bgQotYz3lSN_wGozoHhXYXk0SxDXGgPV_kd_QJB434d9U6iymGGhKj83RfP8i0kLbS_aX-wQ8G4puQWsigc1968s8lEwr8HIp964pc7LJPaPGmmuahwXlWOFiUY302BgJ11C6NHNf3DBLZyDfGwXE0sEyWkWiuokDjDCBafNvV6qOZh78fvdmpIaHii2QJPm4GLXtF9JEW3dLRyNGjd6h9qqr3xxulEh_vHoClHZagzNKBWDpkAOl2_7yqSno0ig3gTn1pBofAgNEJ7k_Xq-yppvSW4w4kjUBpzH8xaI9DlJs9H1A76eDsHsxeYsfgYNnAn-LB9LK75Qw2_uWAjy1bTt2XBLaS4HSjZ7yzGYe4f2KB92CEhWFsABXwMLCM71SYQS23jTH-lMwzugXeDIRiK-e-JOebvP5nfkYcUtwvnxyYKOXgqz7&si=APYL9bs7Hg2KMLB-4tSoTdxuOx8BdRvHbByC_AuVpNyh0x2KzQkoi9F4EtUvmioJeENjWfYlvY8uA1YgPmcQuoOEEkkddRxTMAmubQXijjvgkpTtE8hVGPYM9ZvcH03QbIgbAEIL4fB6aTlMEEKwpZdjrFWzHU8PTmezpxYqCUFtNygbPvUXjIpSzwWT_T7rxAlK5QlzwNAC&sa=X&ved=2ahUKEwidi4PokaONAxVqSGwGHVFtJy4Qk8gLegQIIhAB&ictx=1&stq=1&cs=0&lei=XaQkaN3oEuqQseMP0dqd8QI#ebo=1"
ukv92oq,https://www.google.com/search?sca_esv=d8c7c81b1c3bf80c&biw=1366&bih=633&sxsrf=AHTn8zqj3hlHqSXw8O3NCzIMk-dKcRtXQQ:1747231862769&q=ennfinity+skin+by+dr+ennakshee+sharma+md+dermatology+jammu+reviews&uds=ABqPDvzYXDYETNG4NgL0lMkM1PGR2G1466vmHckxizvxKV_H4rqF9BCqaVsg1jR1aVPxcwws5w9ODFI51G0DiKSo4-dk4iWh30tEusf-BD9jBGEmjlf2a4gzsnVafJU73lIPmg5BBDI0zaRKIjUGQMYcQfXfvK2zORuV0qTGSJs_GMyizrLB6W797qGC2G6Juc9BhHhjelkIMTYQJJwjePC-6Aybok8otvqO4Qzq6yQgdKiF4W2a8XjzI5uqYRbYktjtfqMHqGJOr1ZyWUmwDd9H6kBXaV2A_ADWud8LokMpaMU4FWhGMUGCWRlqHjzuGraeBfFWbSVqWs4QvYJ_hvyb47xAjwbM-Gil2jehMT8reXBipJipRfMshY4BrE0kTrUhwGxitxF8buMp16eAdB4rAX2zBlNVeQ-Fr00ukgoDWmo9GU9-PiWJ5LZQ3Sub5XMkmHYgQhQzNUjhApOhabNRkpe8OJ6sTy1s0O2t03Z2ijfyj5AmIX9yaNy7nIlK2fE4WE9UlFGD8pxp4wFlPfQzV9ZWRR9nESipPMqL_ygphfCRDct_oJJ1zmrSV6_pCjLhR59j5sbFJzox130vjmHkH7yhVfFDzdXvwSSa6T5waw-FXGcqaaA&si=APYL9bs7Hg2KMLB-4tSoTdxuOx8BdRvHbByC_AuVpNyh0x2KzaIsuepUl3FjLrdBYt7p5FpMHHafVLpCOvxoMpY2iDmRjTeCX2qJKXqu5nyiQGDENeN4nFNHMUA84MQvFDnfAKASq7WRuOEV-50Bk-W6Nc17-bKtcjuy4EBkIfzh9_HfGpvG86wcChKejJs78kyGCtqaz9AE&sa=X&ved=2ahUKEwia6ZT0kaONAxVQXGwGHVN1LgQQk8gLegQIJxAB&ictx=1&stq=1&cs=0&lei=dqQkaJrWLtC4seMP0-q5IQ#ebo=1
yao22ve,https://www.google.com/search?sca_esv=f6861048bb8aaca5&sxsrf=AHTn8zpAnY3tFXKZh7ETrqJHnqvl-6el3w:1747231896063&q=dr.+raghu+raja+skin+care+%26+laser+centre+amritsar+reviews&uds=ABqPDvyUkJAa9-cY-Dw1LqIQEJxssTjNw0PaCzVRVmlYOkDamdsXdADdXugubXTfBblTcw-1zyMDVsMY5cIYb9FgXH989eWgU_dLGLY_51h5ZyJXJnxB9pF9ih0XlxMrnuq2zuBEJM8kNzq8WfLQoA7i17rDaOVfNnO9f3JxvZqfzvXBgqZKBhiO1rHn9-6IIE_i8z7XxsXboTs7cR7JjD3khdL1Sua2U86QuLPQOv7OkW00KsBZTug36T9OSpVzeKVStjK0VDl-oPGo9u0gqfl59IpTdYKdWOCaJHjoTyAHkyk7ipux_1xHB46RFXLCwDJS0Nhvtd8bX1vTARRP5wjlN2c2FZKeRbH3w7dTYhqaqNZBvfyjE8VBY6sPc7fjbDI1lMMH4lld0Cehhgef7_PnB74eRl2WPx9EQmoEUsFd2ZaATNVKhcxIbyhM5rboUUq68jt-N39siV6Xc_OB_Lz6uuJ1I_StfQ2JwQuFihkY9qIf0xtu10i4y9JiG220s0U1DLRJYsyb&si=APYL9bs7Hg2KMLB-4tSoTdxuOx8BdRvHbByC_AuVpNyh0x2KzfDWiRRUE-WYgs40Oq44_0OppsNrSYdETwd4_8njS8HzhSKobf12w5Gr1FpVkBsVLQH-6TlGN3IYcVJnYWSHviMVT8cIK11rXsLkWHTVfSkRbHTVO_zNB3tsv5ncobcU7Zd1goqn3lBxJ5EUdsPi5AI0BuGw&sa=X&ved=2ahUKEwjJ-oSEkqONAxUvSmwGHc-bHnQQk8gLegQIHxAB&ictx=1&stq=1&cs=0&lei=mKQkaMnOA6-UseMPz7f6oAc#ebo=2
bfk99nt,https://www.google.com/search?sca_esv=d8c7c81b1c3bf80c&biw=1366&bih=633&sxsrf=AHTn8zocHbomnGUbVmxqmqwLG_ZG8KicTQ:1747231951273&q=dr+rohit+chopra+reviews&uds=ABqPDvzLAuN_z7omrOtiJVCtoPFm3Icm5l9f3mvJbr0jctsPsckJZS8zdCenIGeNJPLHTOtXXFvDLbOzRCasHfc0dzKT39MRD_5v7t6ubQk-dP30n_eJkt-xYHcE_7FyH7l-g1jwZlScATwG1ulTCIwPO7-Dr8a1hMr2OuKACoZs5TlMzr_AjJBvNMhVMJYJWlj79sWf90nHdmAOVW7TvzlTrCiRzJKfcvrbK37068H664dn4HxXLNJ3RAhqzhGrWp2RHfkt85dilXZ2UA9SykxDkMqeCp2iZ1EV_IhSXpwY4cWMclL-5PPYA8HNk3zz1q76-miiJhfJX7VYzXLs8jr7JBGLEFTPf9GzQm0kOzDofLmEOsc9Vchu-kilwf2pNzbxMOACEk4e&si=APYL9bs7Hg2KMLB-4tSoTdxuOx8BdRvHbByC_AuVpNyh0x2KzXeEFAb73gNQ87_SO8hsXl89kZG3t0MYpj-GAnNWJYF-Shkm341FB4JH5ZFWGZ4sqPFsAcV0mOxToDaz5Q5If_XjuFeC&sa=X&ved=2ahUKEwjQ6K6ekqONAxWfUGcHHedDFPAQk8gLegQIHxAB&ictx=1&stq=1&cs=0&lei=z6QkaJDFEJ-hnesP54fRgA8#ebo=2
vqf08wa,https://www.google.com/search?sca_esv=d8c7c81b1c3bf80c&sxsrf=AHTn8zqHW9TPMJ-DXD0YRlqG6FL1g_BnWQ:1747285159965&q=dr+tejash+skin+care+jalandhar+reviews&uds=ABqPDvwuMAhTTp09hjoPLysRJTdXcTY7cly4oe-fs9UW69vIsvSSzEBiK95wO_9MA0MbtezE8nxDLBlngn3P042i75KY7Cirwm58dLumtDBKrL9-7Ydvp3dpOc1kfZFiVKpqfcQK891CDdfxMdZoIJm_VgijVZWlKWJFXtGM3l6m-VKP_gAGjqdRILFFzGJn13EBuDbI0ocO-pxdiz2EA-yfjQsAHdgnxjO3pmzbl9_PJgsWA8ytCCUHw2Us0xCVkESES4TJ0upj627GvoMHFdQXN90ctfKDrnMdJ9rciIqg4Ojk7SF4FSM59Dbc9Xj3tQsw2oi3PWp3vmRIa8dLig-W9l_-VAPrfGe6LSyw_Kwjjz-PpHnD_GBYAQQJwYect7k11hwQyJQd9382R7Yhh8HFPYKVK22Rs81rSNiX4fjVWI8113_Q4I2XFIA8HjtrZU6NtwkUadUD4laRyIa1mtCr3d6A9qSiJUoiyM8D42U8jE0h5SvL59Ik7iuxuw2ysXkEu3Jgl01OUV1nLrAMllxRZAwBHAZp7hJ_jSOt4w9KCduFpV8hPaJvA08kLnK7qm058chiLPIUxn0cLb5nECtIQAyo_Rmxgg&si=APYL9bs7Hg2KMLB-4tSoTdxuOx8BdRvHbByC_AuVpNyh0x2KzSdE2BgFlKa0pRZ553xj9360w_ZziujtSs7gj1XdXyfTMzrxWqDXJwkBnKdZ8a8pfl7-kGDye9VfTYb265mA5MQDbwhl6PHKBAb4jSPZGrMkwJW4wQ%3D%3D&sa=X&ved=2ahUKEwjnrZ-62KSNAxVoSmwGHSJUJvEQk8gLegQIJBAB&ictx=1&biw=360&bih=753&dpr=2&stq=1&cs=0&lei=xHQlaMujLo_gseMPxd2VWA#ebo=2
xco76go,https://www.google.com/search?sca_esv=d8c7c81b1c3bf80c&biw=1366&bih=633&sxsrf=AHTn8zp7nx9E5zcHUdx_7aixnO9O1VfeWA:1747285219524&q=dr.+kumar%E2%80%99s+s-thetics+jalandhar+reviews&uds=ABqPDvzD7YLQKtYyW3W878OBPh-miREPKSg8kVj1AzWU0YQE5akGbxGN7OxmW6d_OSWV9w68ZadiaOBlPdHjErDOhNyCJ2Kt5_ZmLBEcet68ZQicfs_ktoOQ8QzOEeBMV0xEegAunQ6_UL0fgRgPPckD75qs0an6igYLuYRlOV98iBHxVUvHndSrS_24c3X_oc2sF9ageducKUWrMs0wwSWIvO6m_NP3BLr8YuGM-x29VCS-I5NbeqhrdFSO2INHtOcOPzjQQBFII1JMlsvm8pqmaaNrGZ1OmXnjUI6BJ5ttYF4V9Dt6Bvjrqs01r5Esp5iUgtaLSiLI9I1r-5IaK9NI_HoqLU8wtpNLbEFyKZQBFun3jx2WVC83X3JkZVAvUCHWNsgAFE9RLo-oGNbYdubIvr2o0SeLQrKfx3hc6BcX2f56j2GPt2_m_7_ie-N16y4mPvuSDQ5CBhAW0RQcKbHRz-_NdShEkP4g3fdzX5VLgtLgtFrt2UYH7JDlFmKbVE1M2699ZlgUOVBXUciQ5O1C_CGXADCc9npI2kDJA-XuMsHvIREO1Y9uV7LAsFVvW8E16O_Y4yOn&si=APYL9bs7Hg2KMLB-4tSoTdxuOx8BdRvHbByC_AuVpNyh0x2KzUfLoxSIf2pyTL7z85O_Y6KwjToJ7k9VLV9ott7veovxxzS_GX2SVhNaEduC5h5oT8rFo0ROZo--F7rEx80SKhFOgfNHPASOGLkEdvM04TIZSW7zu7nuuzVwC9AbHffTsHgsMFc%3D&sa=X&ved=2ahUKEwjH3tLW2KSNAxUoRmcHHfHLKGEQk8gLegQIIxAB&ictx=1&stq=1&cs=0&lei=43QlaIfhH6iMnesP8ZejiQY#ebo=1
xrq96qo,https://www.google.com/search?client=ms-android-vivo-rvo2&sca_esv=89a14cf8da278dde&sxsrf=AE3TifMinbfe1V0a7KB2xzR4FumXUeeg_g:1750239734601&si=AMgyJEtREmoPL4P1I5IDCfuA8gybfVI2d5Uj7QMwYCZHKDZ-E4frhhWH9QMh3zt0jdxBT9ExiGOPjZbyyIyR7Sh7IUoJ8AnvDh9zbAA2ArPJCHrchAV1km2-1ZHMkB-c8aKAbxilC8w-9Hy27sFQAVFKF4fAqMZK2I-vW92LKr3EG7P1Qs7yKyKIyavDYcKPm2-gWVDoMTBbh-nbCvNwiYtwR4P76t6-Yp4KDoxe7le0gXfQr8r4_ZfCHb0WSViXoUVEH9vlF_q7ymdT91vnMxRSfeQ5mx796w%3D%3D&q=Sharma+Hospital+Bidhipur+%7C+Best+Hospital+in+Kartarpur+%7C+Skin+Specialist+in+Kartarpur+%7C+Dermatologist+%7C+Laparoscopic+Surgery+Reviews&sa=X&ved=2ahUKEwjEjZyN1_qNAxV0zTgGHWRvHWgQ0bkNegQIJxAE&biw=1280&bih=551&dpr=1.5
uap80ee,https://www.google.com/search?sca_esv=a24eb7beebb63ee4&sxsrf=AHTn8zq4Y7StisbOez6O3I1TljHTYlqn3A:1747285903866&q=dr.+rajat%27s+clinic+jalandhar+reviews&uds=ABqPDvyt9UUS5QqDISaRQ-SrQAvHCOJ1DEkwivnP2yEmWgaAvr657N9iSgfAzo6BLNeHOWtTCEqvcMw7V2k5dqjxPCC_YnzsHbC-Tndx9XzhHaafi7XMGqJYc9Ad5p5kEYYRmnQdgRMqWiCI78U0qs0qClknouP5yoC1dFjwKvWpqRFQVEBF5RziBmgXNhShhlTFd3iVYU9gp_6tEEKA_30Gl2hvTmIgL1vQSDeWfzLEHJAEmeuz8RUFhsALm9Vh-xpRrN1YGlFZChe1oDqvhBZKZ9nN9cBeOQWPn3_pGVINzKyFy7l3r_aYUUHloENs3fW2hpZFn0IYOd8afv3txFyIHuoDsb9eFA2P-v_nq7ULg4rp8v4d_3PRZNiVkh4hBQkUet4kAnogvvZTG-uudrqQqsWRIIavHU83x-g4QheMhrb3cLoeYFyapDxKQjBRsuJIUmhaR-gvf0Kfjva3pE1fSPgcO55e53L2z8goF0aXTigVTXI8rTT3nLOUnsTfAS3aJgRbJqWdpd2gO7FgGHNvbZL-nPrUYukD_JDyJKHlwL9Nv5g0rho&si=APYL9bs7Hg2KMLB-4tSoTdxuOx8BdRvHbByC_AuVpNyh0x2KzUryf5X_-UNr_EfIuQZk-NdS5gy3U3vNUD9UrkSyObt0YKyM3vaXwXbF75lnzfVr3i_hqZnVmG-mo6TJ6Sle4GBLtA10C9zzQpCZboee5U67fVZttQ%3D%3D&sa=X&ved=2ahUKEwjr1vuc26SNAxWBXmwGHSx5MjYQk8gLegQIIRAB&ictx=1&stq=1&cs=0&lei=j3claKvTNIG9seMPrPLJsQM#ebo=1
crh62uq,https://www.google.com/search?sca_esv=d8c7c81b1c3bf80c&sxsrf=AHTn8zoE7KAXH3WdMmHnyG2EOakCFnQu0A:1747285940472&q=%F0%9D%97%97%F0%9D%97%BF+%F0%9D%97%9E%F0%9D%97%AE%F0%9D%97%BF%F0%9D%97%AE%F0%9D%97%BB%E2%80%99%F0%9D%98%80+%F0%9D%97%A6%F0%9D%97%B8%F0%9D%97%B6%F0%9D%97%BB+%F0%9D%97%96%F0%9D%97%B9%F0%9D%97%B6%F0%9D%97%BB%F0%9D%97%B6%F0%9D%97%B0+-skin+clinic+in+phagwara/skin+consult/best+skin+doctor/skin+doctor/dermatologist+in+phagwara+reviews&uds=ABqPDvwGlsmNWUle_K72tcEacn1JZG08TRnkgnJbMMZrXAMaIO4s1g_G2r4evF6_sAxtml6THg86-YwojBGZ6QynJ51977b0_1xojpeowuyl_kUlJ5T5dnfdC0Gwjx9nn0SjB-w2T4Q6LcJl_2fw0sZFne52FiOvQ97UFfxrRXB5Xf5ngK6RkPRi7RGXWTo04F7dDFDFOtslU4PEryQskG9zDnafmBIC0Qz6kYIBEfdwDxYuT-J-xas-oaw7aSjXOOMTgANGLn41d_FdqjEyLjRidFghKVUHdTHda3s8ONLXAAZfx48F43VUvzGwdkTGEajuvAl_P1kfkVbsHmII0-5GeU0L0Ahq8CHxp0NTCiuLP9pOQMw2gLJqUY5GsL6GgQOgfLON4U7bu2NUNKMyvDc7Byd5xXMu5DAe7W_WaqF0FQFaVsfAoQILfdPdvwYnhzBo6r0VJwZiMnMxMP2gRamuZPx9dyXP_24fTIU8eFGYI6i688AQdMEdeo787eI95ynyHWg6-62ZFX7PHPz6CwXkNeLokgmCg4PUkZQ8dbDwY6bujuM2LjUpSVRMsUP1gxveelfKofWxco1wPmb5As9jk5xhopJ_ewEGMVJITH2LJT_IQfNk1wk&si=APYL9bs7Hg2KMLB-4tSoTdxuOx8BdRvHbByC_AuVpNyh0x2KzVfK7MhX7JBRbNR3bxyeTAjx0S8neb0mUDSRjqA2MKsbT5zyB82XffLLao-SrU5DHsDLyY9MJQE3JmFcBStjt4ALitSX_doj6g8lVEjaELtCy5DvMdGSkGrzwOvydQPO1lGLHHHz2vADXoBdD5pOsW4Ra8_azKTCr4XYTn-7pjmoUcrsHPROLZ7A3fkTwXTmbl4kLQLJZFJ5OSVMHF_2WvLI8yh01XOcUnHsKIW4TIX8VMayfKW1U-3q8UsjLBf2nygPvp6CWtDac1Ak-wJmDya70pmTZHjsT3NIJAlMN43SC9wMsQ%3D%3D&sa=X&ved=2ahUKEwih8bWu26SNAxX5bGwGHeBoFUsQk8gLegQIIhAB&ictx=1&stq=1&cs=0&lei=tHclaKHHHPnZseMP4NHV2AQ#ebo=1
int76gh,https://www.google.com/search?sca_esv=d8c7c81b1c3bf80c&sxsrf=AHTn8zpsuxfYtUCy7vHdwF0-pJ-4PXXtMg:1747286028986&q=sood+skin+care+and+laser+center+reviews&uds=ABqPDvxoLnW3u1nUT7MexixDMHdMe0UoFZnwbd57748R88Gyh25Hyc0mHWUm5zWGalDvcpbRfSnDNBh4bpoRv2cOMNud0izvqOXEsBbiYhEqm99CC7LfI_K7ki-cn9_g-_uXCpASHdualldXUaFqjXMJE9u_4MZ6wYd2gWNRc4953bDlekCmWC1YFtzy3uV5KF6nbCMMdLafG3bgn6IydNFyEFtiE0WKkapbtBIlvyVzJsxBUOfIMO3aijtKLuTM3wHKaBcUDQRYLI78TIqEt8EIMiDaDfQbg3p9ASPHuJfp95griTy7OrwoYE3rzj8X0jVOhRCbLc4TvU3a9O_uk-IJrmeEgaDPEaa5m2AyoMsKKgy-MTUN9GywZuNCeAdayml3tTY1UU82l95zdLa59HgEEq0Mk6kSUK7Vwi-QHm4rfvvyRlvhVpoFzi10fk86wiLYjiowBf8zB-RgAbQLQ4aBDVzhZGg1igBqdDAfyShUukrujYOOP0I&si=APYL9btvhO6SAb8jF9HqTZMMa7vs_teLnZaEVrJZwRKFIIKjoQR6FHOFkGi7M19ZykvpfPLPEB_Y-Z-Hzu6rCNvRLsgC7IqmmqFpQej3rwr-fBeN-plrK5qHcQRvsDXR-vzkVU7gpfAcVd4v8Xbi51OhqRwNdu2Nng%3D%3D&sa=X&ved=2ahUKEwiksdDY26SNAxU5ZWwGHTdYMaoQk8gLegQIIBAB&ictx=1&stq=1&cs=0&lei=DHglaKT7O7nKseMPt7DF0Qo#ebo=2
zwg18xi,https://www.google.com/search?sca_esv=d8c7c81b1c3bf80c&sxsrf=AHTn8zrgcGoxwYGok66NQu-Lf-ct09CFng:1747286062290&q=skin+rise+clinic+reviews&uds=ABqPDvxJKvw6QJcWuatAZDbdwgFEPKq6pxHVH62BJCEPvNsChtPNWkjZhHnBTt_jlBxJp0SwWx8mw_kiMkmv5AAx3cGWGteFrrQW50ImlT1_SCPoTfgNqAOAc5HJm80LSPya1DYGD9ZFlHvF6a2QQCmGveDrKlG3bRWTsTZFwB2eRow7vAsAQUAqeINm-Ywvu6DKchgjvrzZy6HzF7rS88Tax9SdbDb9gAF2NCjA2QRDIqVfmg75C2JlWZ-emTmaK_yYo4UPsqWNhUPtgelzG_d-9P7s4qyt24rFDcrWqhBiD9PtDFRcimVIn8T1D73OB-d_GHV-zjtgthscR0Nt2CxBb2QdX4wItTU6RXGA2UtxW2kCJZJzmBmXt8Uf74t3CLkW-6sRXmlv1PQHqDJmueuLQ6AMmICs_DLJ_nz4ZfhbcZAvZqUiKauu2pW_oo-PTXBx96zF-Xhl&si=APYL9bs7Hg2KMLB-4tSoTdxuOx8BdRvHbByC_AuVpNyh0x2KzTPbbteoOIdzZX7unClf42TNBChHOfeYBoQxMIzChbjxvGnssUnVqOTLcFND13MF8HVU4q7OhuxydJhRYGNsI0AuICx0rk-0qTHG-e8o0kUbU-lIvA%3D%3D&sa=X&ved=2ahUKEwiwj8Ho26SNAxXnZWwGHTUtOjgQk8gLegQIIRAB&ictx=1&stq=1&cs=0&lei=LnglaLDAEefLseMPtdrowQM#ebo=1
hsy01eh,https://www.google.com/search?sca_esv=d8c7c81b1c3bf80c&sxsrf=AHTn8zqPqfvmDjrKXPzh5-ln6xCMuM-EnQ:1747286110211&q=dr.+ritu+laiker+reviews&uds=ABqPDvwqk9Of6dgwuWIbVQxxyG1JFkGluPZ4UXye_FUGCACILz88tnJshkTAPLbSHUCNDhU74Or04YdXdGlXtduFzMNRgJp6Fbs16n_K3FQYXfs3iyHmabZQrVYpf2vNM2sCtlg7LWM8bXGDvMrlA9y1bUdV1z7qs1Fcq8A79YDtR1j0r-tH-g1atEZPXg44U5eBE1sPDkrfsh08QlLR7y9HBS4q9bpkYTHd1Jwv3KWGmdFOk8CWsD7g4Wg3Td7YRPmB8GZq-45-fYEYMdutezG9dn2huza7SbZHrGqbtcEXWkGOg6MPxo-uSpNWEkHdeC1Ux-e9GSwSnzyo6v0NmqgqnmSrA7MJ6WO_9arlHHA8Gv4u84llF8OVzgMiH1fzzD7lweTSzYq9Fj3R8Z2_fa1xh5RfjDa_Fdw1LVPZoZBdFVXUv9uFTkKmU9EzpTJPvrULkiH54tP-jo99vtp6OwB1we9A1meWVQ&si=APYL9bs7Hg2KMLB-4tSoTdxuOx8BdRvHbByC_AuVpNyh0x2KzVZbZdbph518rIaPRj5sfd7aQptd2PqdGNSI-z_L7052cDAn2EJMJVL3MKgRpz6srPVP1ew8OU3QsZ72Ncv6iT2tLbS6&sa=X&ved=2ahUKEwiC_a3_26SNAxV1RmwGHadeJiYQk8gLegQIIRAB&ictx=1&stq=1&cs=0&lei=XnglaILWDPWMseMPp72ZsQI#ebo=1
met91xy,https://www.google.com/search?sca_esv=d8c7c81b1c3bf80c&sxsrf=AHTn8zqRu3eynagIzPPAI0uD2Pt6o_gl5Q:1747286131848&q=karvi+skin+clinic+reviews&uds=ABqPDvy2oiqO6xZHcwsJo1yWq3patlp01I9loNcK3R6Moa7wjnlHB8ab5uKkbWECS2DBTv-0OT6kOjEGet0Vfk5QVDkNEsd_TbxQCB1EM5Pvk130igZjUZScGFALTUO0r1mvxP0lhTUC0eGxJwCoOR4CfK1nEfKNGBsUamj2BtzsD_Vb90FPB77hsdqSB9er0UowPBHrzyrLKQ0M3aVEp3AVtblaN4rnCqoOOPi8P6oMOp7yAY4yYgDJF5B6Ch11Bc9C83iyOUCYEURB98g4SbEYCtOdxaj_ZBPSqLNy-P-N2qsuE7mhBmL3S2GjEhecNdDKXqpXdk8rQwFt1WRwC9M1P4qJZlSZtbD7QBxsvpNnKTQO3wcTVC62oxk74Tvr07JPcsUufjlE&si=APYL9bs7Hg2KMLB-4tSoTdxuOx8BdRvHbByC_AuVpNyh0x2KzTIVcuhIfFCoZeaZ2BzNs0yq3nzyNNJG5MpNsfPa_13Yy2idr0aW-bi-Up3z5khzRFtfusr0LnVCpZ7LRHbQL446w_0uE0XgIEZvspxfApdu73-EMw%3D%3D&sa=X&ved=2ahUKEwjLy9aJ3KSNAxXsT2cHHQtRNCYQk8gLegQIHxAB&ictx=1&stq=1&cs=0&lei=c3glaIvGM-yfnesPi6LRsQI#ebo=1
rse10cq,https://www.google.com/search?sca_esv=a2fccd0347a25b28&sxsrf=AHTn8zrnw3elStxumdsQGvfxxx03KDlBkw:1747286155755&q=skinthority+-best+aesthetic+physician+in+ludhiana%7Cbest+skin+doctor+in+ludhiana%7Chair+transplant+doctor+in+ludhiana+reviews&uds=ABqPDvxwHQe1r0H5_zw3UOSwf2qi7tJ7inb8yuFaZNVpkxZPayrQGlULhc_-FL2AsynUiD1ivTOT_ZHQ0nh_s93IbDaiw6yDvA7rrDvELktDkIFel3xpSNDMiTOrteT8N1sP2qTAbXOZGJF9DjI4j6-RVGMaE57oiXsKUPXzzhSdGYAPMPGytAbBlOhLdQXAJvXkAvQTjmpU2Jz5IDgvJVKUJg3mlW2nAv2ekhAMruloIrP1oQrOtcQcJfsXthrKDqVOzyBNPS7XnbEbBfqwvTkJpOUxILKXzVjy-jEL7lspxKbYlih2DFkhkJx6wx7xdbfIn2e3K0XxjHMISblp_2eQjE_PZGNxAwlOxR3Qh5A3TSFFC4dEliUdemrrAaF1R4Op_WZZYsMXG1yWbOH5i70H-MmZ1ZC6bFx9w0389CRoQeQOpeEdsJFxiu9FLxvQZr3bzsjkcxD8v24uf3IcAyL1JmNO_-Kx_P-gTcYyj5rXN_DmPLXEvQuB2QS5bXCb6kOIx1Jsj3CFWBCkqMEXAGyQOuFdh8qu2VrIm37fRi_3XgSCQ8pVpEQ&si=APYL9bs7Hg2KMLB-4tSoTdxuOx8BdRvHbByC_AuVpNyh0x2KzSp57T72WnMtfTEgOUdK10ZM4CeXTHEYrlRJka4UF5AoS-qE72cbSOUFbcA1A8-ckCXEBjYno80Wbk0_Krg733whoGwv3f0VGjtYC-rwWroUS5v4Ddqm83EiIHv7x4wOA9Ky2gsInh-2UMzCGRw2ZLBnS7wIdueSRgRkubwDKQlfq0PHTGJ2dsaz9uPGsqDWzxWRXr2-rm8ZomfoBz3sUAx1Ip2vYsbDfRDRntogOag5FUHhyg%3D%3D&sa=X&ved=2ahUKEwif5YmV3KSNAxX2cGwGHYm_EXEQk8gLegQIIhAB&ictx=1&stq=1&cs=0&lei=i3glaN_zLfbhseMPif_GiAc#ebo=1
aqb94bf,https://www.google.com/search?sca_esv=a24eb7beebb63ee4&sxsrf=AHTn8zrdQQsrELVJOYhEoabzcemAjUW_iA:1747286229867&q=dr+sunil+kumar+gupta+reviews&uds=ABqPDvyHSFxoBfM6R6WqTVP35sdcRcQOSJTleBPFY-nRaZnPs0JhAXmcZOSiYjd0y9oxcemo26QN-9-wKkng6kn0LjJU_CfXaE5k6hXW7iUYdQiK7ZOCeW6xT5lLcJbGuR4B8p6NIzv-gDbbu5TPHRSnAgXOfo8UZ0oiThQ07imXPh5XT-qqGKO2mDJHvNVfxQW95p4evFu__LY0wd3lcIlN4kryu0eKdbqxUN0oaqvM6WsjMpCqnsYz9VWtyFlUd8Pce0eAl2COJXr2AZRiF2_Ykop6UWCKwIHwjDhZF1YSajUsmx8E2BpehtoSIkKwAik18YXl_OwBPomZ1c2la-0V3GA33BUFziM7J3nFIReP6bTsSRitfDV_D2AEQhniFgc5VFu2_SYn&si=APYL9bs7Hg2KMLB-4tSoTdxuOx8BdRvHbByC_AuVpNyh0x2KzRh1ear1jOvVtPY3bmQITK9BkBIXfNTaKAIE7aTc3fVQC4OZiGXJU1VMtirWiyfdJt0N2RWpV-xCIE2AIf1lUk40g0o7qLRLHJ_r-vvw1VojAgIqIg%3D%3D&sa=X&ved=2ahUKEwjLnrW43KSNAxVMXGwGHZRoIf0Qk8gLegQIIBAB&ictx=1&stq=1&cs=0&lei=2nglaIDaNeCmseMP4cDCMQ#ebo=2
hny63ee,https://www.google.com/search?sca_esv=a24eb7beebb63ee4&sxsrf=AHTn8zrgX-ybs49tUfFTrTA0xdUA6kNr5Q:1747286258239&q=dr+parul+skin+and+laser+centre+bathinda+reviews&uds=ABqPDvzMuwsltU4AiPaUFZ0L2cHDHXTuR6L4kKefayBFiIEFJPfWuAvdWV_fUrN3NQKCgRJsLsjJxbT6K2ZktuwGHwP024ZCMJ4gvzNdfmGukUzAeeK0QjJonyWwHuqgOjf2EoI6jPwn_QUmrqSpYpq4rXEOtEq22L6c5HZS6Wa0EBIkq88AvqfktCgrZxnmDEcU4-RedU_R2UPpHUV734RP27w_D2ubqO2Bqsdew0pT9N4vJ6C0o7fTb6lvZWfYfmT7-7plX507vVSsYQ4B7RaNwe53K_mh7BSMzcs_K1_tT5_9djL4Utkn65USH6EkhoGJuNISX3r1aZts6bjLtIR8aif_fFBzp-hcNLb4CTdkTIRyCazWi1sapgEtYkSRkb2klNwe7Z80vxZQf6hxn5JoyNij3nIkPQ4Fj4HFMNcd6LGyuRIaNN-6k0zc63FxY3fm4InveEhWbbLcS4ZkR6zmVPP9VXPMTGp4oQaNSo__rEEhzMncpyoHt0uL7HZDqFHCuC1u82wj&si=APYL9bs7Hg2KMLB-4tSoTdxuOx8BdRvHbByC_AuVpNyh0x2KzVzfuyuoKPlAsyKj0lWDk5vp83BAYO4OiBnTPrhbHbykKmIm7HIvv_TYFti3Vtb9SMSkVcfqVLbfgD9QSFj-5e3lAaIE0r-j7F_3SsZW-1myHrDykzXtmOa2t7UxpP6j6Sr1CJE%3D&sa=X&ved=2ahUKEwi-9_jF3KSNAxUsUGcHHd-EMdkQk8gLegQIHhAB&ictx=1&stq=1&cs=0&lei=8nglaL62DqygnesP34nGyQ0#ebo=1
wtt68sq,https://www.google.com/search?sca_esv=6292aac01ea52d81&sxsrf=AHTn8zoKpQm0Q0r0vmJYw0fM6wW-jI2NrQ:1747286307732&q=skinhance+reviews&uds=ABqPDvwNMQrDhHEaRh4PlZ1fbxJNmGqcP8zFhhTqTW_GRIIwTjDcycTN_-OLq6-_yDWj7wGjcnlxd2ntAPK7zVk0XEYEfRL_LgbEx9HwicUWqQhzLh4oKROEmF3fUjV63Dl48p4MERygDmeQkjKWhK888cj6EDXEc3nEZ3QODI0yM1FaW8jsxems67_pDks23F1EyRfLrayM_qNjZmjK5YVVnFBNna34WM9Q9Eq4gVe2JnkVJ2GZ9B6Nh6s8qIdusP0fVMpX_u705ThtSD1U33Vz2kovxYDXbOM_jNzy0VRSerzCeWRzA2H_Ktbxpd4MUIuRUiEaEFXEuTiY7NdsY9r1q369GUZwTMQrUZdV0EK_DewfMPBrXRHBAp1kyaaUq_W7hu0oBrU1sjIyNDraTendPPw8aE5Cd5Q0xkvfOSQ_rkkB_5X8tAdUPgAEJOqsaAblETSLOKiI&si=APYL9bs7Hg2KMLB-4tSoTdxuOx8BdRvHbByC_AuVpNyh0x2KzdWz0HK-hb6hRAUKdOk1NZCwGHQUdi1aIAH2ARPbP0JX-3rkdDl6rJblrj6_0GCZ04tgkU5ZSQxL4eFo8IdxbJgHkwUH&sa=X&ved=2ahUKEwia3MXd3KSNAxWaUGwGHQCeKO4Qk8gLegQIIRAB&ictx=1&stq=1&cs=0&lei=I3klaNq-LJqhseMPgLyi8Q4#ebo=1
bgf99vw,https://www.google.com/search?sca_esv=a24eb7beebb63ee4&sxsrf=AHTn8zpEJX96BfTZIKyVE2Oqz6xadimHQA:1747286482267&q=dr.+pandhi%27s+skin+clinic+%26+aesthetic+centre+reviews&uds=ABqPDvy6zyuYzEt3y2xdiHUzmdbOJv0Mh-qaFcjBr4oqMLtXqV8SV7ZO093FyXmxsSNsw92DLjn9s8Rs9DvGbMDUXBsfHXkfA12k9-fajmapQf5YJtVBp0DdrHn_y94lFYfgecJIce2v9JS3oHArw4luFc1YUiEF9JsDS86bJiEJOjzqWtCpES2FwpQaFWQa_LXSwGzU2b4ffB1oMc0CN4T-2S1fg10_nAnkJgh7Um73uzj8XiQCEn1nVQ26hTnFr1L4TJL9e3RGeYMcYbcZrZ3TLdBlMhSSd6-ZZVId0chn1Pi1XmjCyBH_HSTlDYSJ2gs3-rxvtCbXPOKMWVWK_jlv6_qjV_-KLJlYMJGXCGi6Cs1tTXd-cNAMwLvD4m_mIGjz-K3hsTd7wZBCJAeBsGN9exboHeyJztg46gbMf2fLeFfZMJSyUdgDg4NFqD0TiAgX7PkhXdQRhpoZRAPY5hoX2xYrKhEg4NY3U4TqrW4BcV9WX2yE-i4valx0JwE3RKoqXfLC-uTEjasOogzlmrrqNy6XyEnP_UK5a7Z5K7iyf7bJv7sQ_ArDfBdK-wHYKtu3zCNJorU0&si=APYL9bs7Hg2KMLB-4tSoTdxuOx8BdRvHbByC_AuVpNyh0x2KzSQSmsntGNNqNIFy_I8nDj3Ho17MsaXzmSgmhinrC66aBO06iDcIuWXsdWI8DYCtdrlmWRsugSEk642WHTkoBqPYjQtJYAtLBc7K5Rd7QT20lebFnDNc0mVfgy6ti-yp-bVmSVc%3D&sa=X&ved=2ahUKEwjwuuKw3aSNAxUnSGcHHbodD2cQk8gLegQIIRAB&ictx=1&stq=1&cs=0&lei=0nklaPCJEKeQnesPuru8uAY#ebo=1
nbk86kq,https://www.google.com/search?sca_esv=6292aac01ea52d81&cs=0&sxsrf=AE3TifNgokRDI0FVjqBmGMsMj3Ev6EkA7w:1748007418810&si=AMgyJEtREmoPL4P1I5IDCfuA8gybfVI2d5Uj7QMwYCZHKDZ-EzTpN9O2jJVr2S0fO7qLyWkgPtnu9_3I0K8f5LWRAr6qQ6AmXrZKkJEm3hRSp7ihFrcNds7FSQUuL6vH3wyWMK6ZnDxAVI1SoDqQL92gdsbuwsWwdhHYTMpMa7FnWxLdPQHgqLKhgwxrS-46IjkxUGIxBie4CrdL_pIB-9d8P4Q_Y-LQL9OZBRfPSO8JU2MMGNSJAsk%3D&q=Dr+Goyals+Skin+Joint+%26Trauma+Centre+is+now+Goyal+Skin+%26+Multispeciality+Hospital+Reviews&sa=X&ved=2ahUKEwjk9IyK27mNAxXiaPUHHaTEPIUQ0bkNegQIKxAD&biw=1422&bih=650&dpr=1.35
kyl91ea,https://www.google.com/search?sca_esv=6292aac01ea52d81&sxsrf=AHTn8zrBA902Gp8QY3lfShBlGWRd8Vh1ug:1747286547284&q=dr+simplepreet+kaur+cassa+(center+for+advanced+skin+sciences+%26+aesthetics)+by+dr+simplepreet+kaur+bathinda+reviews&uds=ABqPDvxzqUiDL1qwdTQPbcSvfo3NACSvsQpm-_OSCxn514V2E5mNPRpKorrBXEuN_uByiBsJMsa-Y7kifwESZwDacSVIM5AIWFqerHfm8BpfXSYHzzY-l35xXMcFB8XvG57Rt6WFNLX9ghPjJtmY_81Sk-wl0n9caRVqS1UKe19k9O0EcN_3IOiJ6GEOj4YlLfnujqVV1KfBS1KPIzTUgk1J92m5i8z0UWR_c3b7G623r53MlLFJ7g7jPvfnLRYEjJelbcmpwt8R5NPVsvh7ICIcN_GpzecIHLsQeXbmiKcXH7zqW845AXq5WWOMNs46NSWvAKTKU2mNFQ0j43u3OY7HnV7M8tihkdgvF4x98IJEpBRNC9pWeiB6PtvUaTg6Fvdgi-1uPnxahJDw06cc4k77dFDEmWSvDLJnmtiuUZK-vx1b6IrhUV8tcnySre9ww-B6VxT1zx7NMTJdDJWsLCmLJZ6nd5lnpDsSEo_iw3BZNWUprNzuqW_nRzUHyyA0-1D5SWzLib1VAyjdbCeJhtF7ebFCbIA685kI-Kv8wwzVdQS5W_6M49ppRC3Hr_ojcalPfQurIQ_Q&si=APYL9bs7Hg2KMLB-4tSoTdxuOx8BdRvHbByC_AuVpNyh0x2KzUvyOdgeCK12R2POKVKFYSFbBYzWsw1eE2p6UoHptk4LHSi3dYj-g1a0e2ibNaIA2e-TvvuHqKKmOsm0n2H-MGREvWAqsWMqNhN7acXBWnzg3Vc8oM_8y5kHMsU0lNQ5I8FYvn6m63nltltKzI--PmS6AiNI6UbL2iROdkhySDwyEO9EG6Sx18mfmmoUrK-_wrSNLLgHrbYd2_TLC04YoFYwYMHB&sa=X&ved=2ahUKEwiL4uLP3aSNAxX8XmwGHQTLHxAQk8gLegQIIBAB&ictx=1&stq=1&cs=0&lei=E3olaMuMEfy9seMPhJb_gAE#ebo=3
kxa48er,https://www.google.com/search?sca_esv=c540a9187ac95f1b&sxsrf=AHTn8zoJYRacnThTqFdpqyas-vRTfuwPSg:1747286593561&q=dermis+bemina+reviews&uds=ABqPDvwefdiPXZpuXH-tqapfbJRF__T5JiR1ruhStqfa7Lg0PkgcxBnGRFJYorqrfBedF1a8M3G66sVYOlroJa23fhkBxGgIo3lYi4cuIcK0eHCUpSPqV8t81ohL55NPQ4jnePDXObDxaS_gWEVj9Sk-7lHNmHlUkxV8qm3P4Vc0ibonVNCTkQK_uUCqWZ1YL6aL_-jjXDQOQ6tfKDsdZqEKh-hTSnhfJWBtSmHWLHUUgVvErwA8v1OV3bncpDnvC-kIYsMHJQidt1JQjxTOfK1UkMWQDGUB8anFKtM8dNJcTdXJ_Q9nj8ZZ0RxaEDi1oZ6MgXAva7EWtWtwLVyxnnZ35Pt9RnpLcZeJ73w1gFke4Y_t7ZtQ6MwN3Yd2t5DUE1xxYw6OV0nX&si=APYL9bs7Hg2KMLB-4tSoTdxuOx8BdRvHbByC_AuVpNyh0x2KzUHqKaivk02vBB7TLRm-Q5MCeHP0omwvNIoIdECo6vUKexqbcz0vbkNSygKyXM2ad3humsWquSLcgz0JQLUejpw2o1vT&sa=X&ved=2ahUKEwiKrOvl3aSNAxU8cGwGHSDbJOoQk8gLegQIHxAB&ictx=1&stq=1&cs=0&lei=QXolaMqHIrzgseMPoLaT0Q4#ebo=1
gdj15cx,https://www.google.com/search?sca_esv=a8f2e26b4241c72c&cs=0&sxsrf=AHTn8zrDADUdIn5bub9i08Uiiql4GmjAyA:1747821879533&si=APYL9bs7Hg2KMLB-4tSoTdxuOx8BdRvHbByC_AuVpNyh0x2KzfsRU4e1wxS4iheylNW-OMTU7bNWS0K9ZkeOJoDltNFmxFZkv4Cr1exK7Qyc9nt--REfcAL8lQ84IBVF4yrVyDiozG0jE3pp8rXnvQBONcAJaARlRxa3CPwSbGFq2fv_oRZfp-hH7Mu5hSfSb4ry8sxABLphxElQemayZ_I_8L68G1PS4RBVWWA33xQ1oL1HjIiudCl2bfV80raQvEaqsTGpEXLpcgxGTEBo4Rtq8N-A25qwYpG1aabCMF0tGFIpFSP4oAnxhxtNwFQwjchl2zlOrkLIhp9kUg3B0Q0FId4dpHyRi_SEMB69jaYx7OcWCknSsBHOHQAkaBwdvGpjrdjipQXqkwprr8DcgtUp9kDznBa6pMEyQ9JLYW_PzuGnQWWSmIVDFmb4yj7RBTotXP2bdnTidl8rqFo5fgmO3wJL-aA8NEPsMJdWf2U1Ib9SkxC0_BwMsBS8DTMw8a0TK9fwqeXUOFizj7NYJPhfvGM_0Io1zot13gOszwPmqtzQS3lM_ugy8qyZo4iXhA1ifCt1hE2y&q=%F0%9D%98%BC%F0%9D%99%96%F0%9D%99%A2%F0%9D%99%9E%F0%9D%99%A3%F0%9D%99%96+%F0%9D%99%8E%F0%9D%99%A0%F0%9D%99%9E%F0%9D%99%A3+%F0%9D%99%96%F0%9D%99%A3%F0%9D%99%99+%F0%9D%99%83%F0%9D%99%96%F0%9D%99%9E%F0%9D%99%A7+%F0%9D%98%BE%F0%9D%99%A1%F0%9D%99%9E%F0%9D%99%A3%F0%9D%99%9E%F0%9D%99%98+-+%F0%9D%97%AF%F0%9D%97%B2%F0%9D%98%80%F0%9D%98%81+%F0%9D%97%B1%F0%9D%97%B2%F0%9D%97%BF%F0%9D%97%BA%F0%9D%97%AE%F0%9D%98%81%F0%9D%97%BC%F0%9D%97%B9%F0%9D%97%BC%F0%9D%97%B4%F0%9D%97%B6%F0%9D%98%80%F0%9D%98%81+%F0%9D%97%B6%F0%9D%97%BB+%F0%9D%98%80%F0%9D%97%BF%F0%9D%97%B6%F0%9D%97%BB%F0%9D%97%AE%F0%9D%97%B4%F0%9D%97%AE%F0%9D%97%BF+%7C+%F0%9D%97%AF%F0%9D%97%B2%F0%9D%98%80%F0%9D%98%81+%F0%9D%97%BD%F0%9D%97%BF%F0%9D%97%BD+%7C+%F0%9D%97%B9%F0%9D%97%AE%F0%9D%98%80%F0%9D%97%B2%F0%9D%97%BF+%F0%9D%98%81%F0%9D%97%BF%F0%9D%97%B2%F0%9D%97%AE%F0%9D%98%81%F0%9D%97%BA%F0%9D%97%B2%F0%9D%97%BB%F0%9D%98%81+%F0%9D%97%B6%F0%9D%97%BB+%F0%9D%98%80%F0%9D%97%BF%F0%9D%97%B6%F0%9D%97%BB%F0%9D%97%AE%F0%9D%97%B4%F0%9D%97%AE%F0%9D%97%BF+Reviews&sa=X&ved=2ahUKEwi5m4ryp7SNAxWhzjgGHenZLNkQ0bkNegQIIRAD&biw=1600&bih=689&dpr=1.2
kwl55uf,https://www.google.com/search?sca_esv=a8f2e26b4241c72c&sxsrf=AHTn8zpB7v6jY7hr4sMbxC3rRz2QfEHbPQ:1747286715741&q=skinnic+reviews&uds=ABqPDvyyOvyipMvZxw8KzKNqaC30OgKwQ3ZskojiO9lcyfcweo9eGPSGUZOl4OcR1IQ470OLLTQK-yOf5s9uR77_o73meqhhIpNimWvnOCUpBIiWw3CYP8toypownHsBygDDKwU727KmCQPF33THbv8cB7Ss5v_dVSx5_5CNhAe9ZnthZvQOYVB-gcsR6AuEfiIGhMgQw9mGa-n4LCY5k5rMgRKAk7_EcMSe8g1CRCMTRMf3iIbUUcx5iWWiEu4CMKjcDW56FQFpbk3WIG3RC7YVduzx7qzWzJxK8t9wBRyfPFoKtlyglhlVWkBXrTf0UIXnoTubR16hIZxV8iSlyQl0tTDm1dFiCKwnx3U0O1P6rmjufnQJRVkqVDOrdc4OkVGnSOrga6ZjalGyq_dqF99HNGo9KARD3k8JmCqVt1ZZc8M_3ByMasMURYmB4rwKsXNREP-1cjn7&si=APYL9bs7Hg2KMLB-4tSoTdxuOx8BdRvHbByC_AuVpNyh0x2KzYlAizBlAJkuGePbMB628TbrtCU0IV6nXNnuVIouReGXFZShtpalTrhV5uVwkZA8MGW-3QqCC18uY24QXioGu5rlnSaF&sa=X&ved=2ahUKEwjv0Yyg3qSNAxVmR2wGHfojGJIQk8gLegQIIBAB&ictx=1&stq=1&cs=0&lei=u3olaK-ILeaOseMP-sfgkAk#ebo=1
ahv14wh,https://www.google.com/search?sca_esv=6292aac01ea52d81&biw=1366&bih=633&sxsrf=AHTn8zpn8JMNzmQm8rJDwc55XNslKv5ETg:1747286737891&q=dr.+shah+aaqib+aslam+-+q%27derma+the+skin+clinic+srinagar+reviews&uds=ABqPDvxMPmjYOVl1cSe5-2NoluM5ITqXjKYktXHgUVtT6IGT1d7KcLkwI5D-dimJmefxZ3RDbHPy-Q3Ry8xS9JI-QJhrUnko9DtT9VcDEKcbR3_-CMF8R5gMajiOmml704V9RE8hv-JbaQwOwDSpeOdQJIXAJILTACNLrEOYqSARI1o0DtQp71kGDD8P-JbZF-kmh0SUMxRkegUEgfeoCrYDEpgnxxt7ZvWdS86LT5Ui0mk1BS9hPThrPxXObwq3PZy_fyH7sCSwM637u_9nLnXg9xh8XoEnbpmULAorjYQlbW_9O9xm8PMcJruk2m85NfM1rYlNaw0THtbFFebUw0JQTMLcpi5u5kxamw2NsnWLwgC9yd0Fr5oXVGjvLuaL60vJBtjC5ExDbCdhWTkOv3qNcNCE3cTKjBxJ1QXTWYlhiMF6hMV0z72__6hg-c8IO9ApuYcmPo-_ATiDKnqPWOPtPDj2rhRX8UfiRDudJrEwBCss48i2mauDK-XjXwhrS68s3FtwISQz&si=APYL9bs7Hg2KMLB-4tSoTdxuOx8BdRvHbByC_AuVpNyh0x2KzTD_RgGhcQNfbLu4FQ2EWInO07Sy6YxdD8HoEeLeO4U7oDzHZNh-Ze9xZIGX4aJ0dyxIfFXl3PYLPOalUn3encPiquLHO4WDvhIhenz3-kxhLgBLiagRJ52YTye2_Iwl_hGFVDyIINg7e8GAksaAccU070i6&sa=X&ved=2ahUKEwjrwNSq3qSNAxWKd2wGHb1ECIMQk8gLegQIIhAB&ictx=1&stq=1&cs=0&lei=0XolaKuUNorvseMPvYmhmAg#ebo=1
jsv55th,https://www.google.com/search?sca_esv=a2fccd0347a25b28&sxsrf=AHTn8zqKrp9L5EXMl5CooWFZGLOyGHTqAg:1747286768451&q=mediworld+clinics+(dr+shazia+jeelani)+srinagar+reviews&uds=ABqPDvzMYaSEu_lttuyaEqSf1kcyxouxPrHiBDq6PQjtI80t205bf5liSL-H0tnUnULIPPRPcNnjQIeey4-diBGZijLgxUySf89rXL7sx2LYZL4lhIVcxNfYSvKlGsMeo_kb0E6ZGIYmbzFD4vvwX06neDiZD0-KYgYHDISxwQJvU4wwCPUfU_whsWgWwzbJt3uMOKF4RSt6qItIoghg2aCNuRQG2LxEaUHN72HtcSR2GcW00frwlHo_I3WHlbOcjoHZKSn8CDMooaa-hIH_eiqhoIs6SQ1p4UwFfAA4ur00cuvanVOFQQ0VWqDLqu11Sugc1ItTQukR5ZzxV8KZBkQU7OzU0CqEAXC7jHGkkIktij9yuNOr0jM&si=APYL9bs7Hg2KMLB-4tSoTdxuOx8BdRvHbByC_AuVpNyh0x2KzfUg0eHI4WQTvUYklSPHMRS9Hp92BzjLyQSRqAOz7SvFQeCgSMrH4GQtsJUC5BKfNtU8nRTyq5heqHlHt5SlcejnScIf07ncblnu6R1NhV6Euv68yjH5oXndFkYK3_IS52hu0uo%3D&sa=X&ved=2ahUKEwiA7p253qSNAxXbR2wGHXa6MPEQk8gLegQIHhAB&ictx=1&stq=1&cs=0&lei=8HolaIC2G9uPseMP9vTCiQ8#ebo=1
grw65vr,https://www.google.com/search?sca_esv=6826f8eff1c5af49&sxsrf=AHTn8zrQV8grvmrRPdzDtp14dsvpcWc3UQ:1747822854961&si=APYL9bs7Hg2KMLB-4tSoTdxuOx8BdRvHbByC_AuVpNyh0x2KzeMBKPS84ZKts-HjCtesY11qqhNwkHR0HtqF-nuFRQ9GnyOtEaFVxU1HRfVoa83tyyc9EIY4mwQXT012BlBpXg2XfNl37Xb3bwI4T8HL_SuNn-y9vnFndT0oGdDTh2Dot7Dr5tWOENmacRcYIJGXE8AhaZTDlfu8AOlF1CTyxSHfUrAq9w%3D%3D&q=Dr+Bhats+-Skin+Specialist/Trichologist/Best+Hair+Transplant+Clinic+in+Srinagar+Reviews&sa=X&ved=2ahUKEwjnzpnDq7SNAxXwavUHHWR5B7kQ0bkNegQIKBAE&biw=1600&bih=689&dpr=1.2
fzc56xo,"https://www.google.com/search?client=ms-android-xiaomi-rvo2b&sca_esv=a980cca8ef080035&sxsrf=AHTn8zpgQerErqoNTGATiTNhPGh7IygA5w:1747286866908&q=skinfinity+%7C+dr+ziaul+haque+ahmed.+mbbs,+md+(dermatology)+reviews&uds=ABqPDvyaf41O_JrxdfPdZ0gVpVpZCA-RgpOBi-ftsTyeUpbtN1mvn0dtwuOqLZDG_RSe95B_kPTBhzX1aBOnewtZyrOWCG_Iz870yYz_GFTsG7KGNPbNQEHCQI0sykHzXM_0A_30Ny_DxcECSRrmjIpe8uU-Y5evtdtCfxVgax8W_fg2ulh6237Kzq5bOtJ5H9j0iFKbBh9-8Iz4-DK6lFk7xpU_JK-53UqYncjOM0Lt7zIFIMHFwyQT5dPDH_YiIiv32sXCcuRgTjW0QDlG7okZr79r-edEMMWyT31EOoB6aCuJyPyDuuGuQu8GehpfT1fUysXXdFh2LzjIL8-HYBfwjaPg_dMX2upFInhMO6Sv1hG4CNJlz4UMZ3v_tFJ_gYYQ22BUL0W0r3stFWjomjFp7w-XlAr4kUMqK9-w9spYnIDxZ41wqdi1cV3YYUCk5NzwQpjNgxo5&si=APYL9bs7Hg2KMLB-4tSoTdxuOx8BdRvHbByC_AuVpNyh0x2KzcJ8jxZnFcX5RsJRvfJAxYCfyvys7JJNnojsveQNSO_jPI-mksHkf37ks5BKirjw3BLxBaUmW6XK1etFseIjtzHlAuO5p8PKqOoAEjdYfXPTUrjv29DKbxDx-nbFKB-b9bla7ZsoXjq-1vnRjFlx9nGNpecp&sa=X&ved=2ahUKEwjkiJfo3qSNAxVqSGwGHT_dDcAQk8gLegQIHxAB&ictx=1&stq=1&cs=0&lei=UnslaOSXN-qQseMPv7q3gAw#ebo=1"
lkf37sl,https://www.google.com/search?sca_esv=6826f8eff1c5af49&sxsrf=AHTn8zq3MSYha7Jczg8xVwJj97-1bv7UVA:1747823120910&si=APYL9bs7Hg2KMLB-4tSoTdxuOx8BdRvHbByC_AuVpNyh0x2Kzd2ePcrJaqDpE-gAgJBJAfMdWCA2aQiwfxwdEMfIkmhP8cIR2UkSiTBvmnn1WnnmI_K5_lqTQ6eqBjsFeNVS_Prr2naoZIR1wm0QUuxODE9bPZyo9Q%3D%3D&q=Derma+care+clinic%28skin%29+Reviews&sa=X&ved=2ahUKEwib64HCrLSNAxXog68BHROsK08Q0bkNegQIIRAD&biw=1600&bih=689&dpr=1.2
zgb80eo,https://www.google.com/search?client=ms-android-xiaomi-rvo2b&sca_esv=a980cca8ef080035&sxsrf=AHTn8zo-7clRYcduHvUyvtbNN1_W-FGAow:1747287453299&q=medimeet+drugs+centre+golaghat+reviews&uds=ABqPDvzO3Gl-8kyqH8rSrc1qhJWSE40jOz15FzlSaZnxM1J2SLrxqdXPoboB-4ntcjI3s_V16QCK0hE8sW6jm5IJzzFPVaE0DJFyrKie4P8IzE3Yn-ra8R9d5128_zCtKotN6YqliBMFsDM3UN7rh3t3XXtHKnxit1NM1xl18y4R-Q7hFmT6AQdeeGzqBCec1oNHcpKgIZhYSxhIagHXKKt4iE5WRi6KxOvC2RWhlSF5Qd7dFIA5z4glQIZ670C08vrCEvMwVNsLMmjI5TVHMOjLHyCKsB1C4vw_LybEVzSWrB6BPh4l_3yFaynAyL8ut5TXrYeBP8VTACTd9FobCgbJu2dii6ooZYqA4OBWLC2KtoeNhCk5NJPuMDcsqBvWyBCTXZt9uc26fiLIoGG-6-7aZmQPzk0b_w&si=APYL9bs7Hg2KMLB-4tSoTdxuOx8BdRvHbByC_AuVpNyh0x2KzTwzegJu7N2UKGtHU7YulHx6UJRb-h75BTg-wRnZXOnfqOtSzdq4NicQA-K7QxXwwzVoWQ8hp_zLvkPmpw01y01_mteGgcl2on-6h-gogwKdK_dFjQ%3D%3D&sa=X&ved=2ahUKEwi6x-X_4KSNAxXRRmcHHWmWE7oQk8gLegQIGRAB&ictx=1&biw=360&bih=697&dpr=2#ebo=3
unb90yh,https://www.google.com/search?sca_esv=340a42e2eabdb65d&rlz=1C1CHZN_enIN1087IN1087&sxsrf=AHTn8zqj-ncyP05HO_cEs_dZ99njj88dGA:1747815470233&si=APYL9bs7Hg2KMLB-4tSoTdxuOx8BdRvHbByC_AuVpNyh0x2KzbdwhTcba3zFTxlJiKl3cugGcaFuuCs6Gh9BCbxmpSagtaRC2hV1xF5OPtYpN3Xs5eKDHnzWJ6wuGQeHAisA5QFJ0W0MM-jF1RarG7EDJdlOvI8Pbxzg4VmY_lH7xtEDlAEM2McD5WL3WeFa63ogTebzS2qq&q=H%26S+Dental+and+Skin+Laser+Clinic+and+Implant+Centre+Reviews&sa=X&ved=2ahUKEwjV1_GBkLSNAxUgU2wGHZLbLh0Q0bkNegQIJBAD&biw=1600&bih=773&dpr=1
tsz58vj,"https://www.google.com/search?sca_esv=340a42e2eabdb65d&rlz=1C1CHZN_enIN1087IN1087&sxsrf=AHTn8zoPkVM1NTYfBHaBSCEmjF1zdZEThA:1747815669131&si=APYL9bs7Hg2KMLB-4tSoTdxuOx8BdRvHbByC_AuVpNyh0x2KzVJVs5vJr9XhIR8ZNqDKwfHZausPNBcb8jzV8WX8GqIsVzjcXLCCEfaJfY60JRY3Bik8HdU0v4_6FYzEF7w06zgnp49-ucl-oq7YUqDLIwxsfpUwng-waqVAB7YquWGyNf31zMBIUXOijFXZzVWo5vBOpk5k&q=Niramoy+Skin+Clinic,Dermatology,+Diagnostics,+Treatments+Reviews&sa=X&ved=2ahUKEwjAt93gkLSNAxXG1zgGHblUDLcQ0bkNegQINxAD&biw=1600&bih=773&dpr=1"
ilg62xr,https://www.google.com/search?sca_esv=340a42e2eabdb65d&rlz=1C1CHZN_enIN1087IN1087&sxsrf=AHTn8zr1Rm1Ol021NCtPpvTKj_B0eD4Bfw:1747815819454&si=APYL9bs7Hg2KMLB-4tSoTdxuOx8BdRvHbByC_AuVpNyh0x2KzbIf6CTrbxeQHtq6gvGzIi465b3MZtxtHQhoLMdAk_c-E0TO8in8eB2oTF9xHZYNQOk_ppEPCkb_dn1qbgGhKwALFAKaUpS5GIQrCetFj2RIOvIOqiAuqpPQT8NkUyT5_JYAHJQ%3D&q=MM+COSTHETICA+skin+Hair+laser+clinic+Reviews&sa=X&ved=2ahUKEwifp7SokbSNAxW5wjgGHfGxAKcQ0bkNegQIKxAD&biw=1600&bih=773&dpr=1
udv07vr,"https://www.google.com/search?sca_esv=340a42e2eabdb65d&rlz=1C1CHZN_enIN1087IN1087&sxsrf=AHTn8zpKMcP36nWIEolR5xb_tdgfBMSBpA:1747815945499&si=APYL9bs7Hg2KMLB-4tSoTdxuOx8BdRvHbByC_AuVpNyh0x2KzY6DZEfpMTPEya58gGH9JkwcbjhZS45fMbuZzc5KHeRlzV7_2JbUDr_07NZvzZFCPQRQ6fRJ-HkaR4sar-WIyLraghNoZO9F81T0cwD0zw_d7bUKs0Lp7LQgpjHJ-gWuVmEa0dKD5hoL_82VZFX8h4WT7bBvs5aa_RsLEDAOaXkHvhPtIzsQLadhhKKarmxgBzGHYjg%3D&q=Cosmic+Dermatology+and+Hair+Transplant+SKIN+CLINIC,+Dr+Binod+Kr+Thakur+MD+Dermatology+Reviews&sa=X&ved=2ahUKEwjkwsHkkbSNAxXqyTgGHbZPHL4Q0bkNegQIJBAE&biw=1600&bih=773&dpr=1"
glj32gu,"https://www.google.com/search?sca_esv=340a42e2eabdb65d&rlz=1C1CHZN_enIN1087IN1087&sxsrf=AHTn8zpvaObESPR1FwFCnpsWTcaQiG0qmA:1747815990972&si=APYL9bs7Hg2KMLB-4tSoTdxuOx8BdRvHbByC_AuVpNyh0x2KzbblftJpAM0lAAfsZC6SEviVytlSiRvPJDnawL35v2RGKzsdW6gHTI1SonHkMX_v3dIw40qps9K23oarMF6eAQF0SaiCbYeaR3Sb1FOxUL_oyDWkqQ%3D%3D&q=COREDERMA,+MD,+Skin+Clinic+Reviews&sa=X&ved=2ahUKEwiygpn6kbSNAxUE-DgGHVkdF30Q0bkNegQIIBAD&biw=1600&bih=773&dpr=1"
odz37vl,https://www.google.com/search?sca_esv=7448be8be03549f8&sxsrf=AE3TifMi9usMAe8uJWDdfm8uDPehAGwiOA:1750338509175&si=AMgyJEtREmoPL4P1I5IDCfuA8gybfVI2d5Uj7QMwYCZHKDZ-EzbLTqCUGbK_eJrrG5bi1WFS3QUjY_FraBvp2oyvHCkfQCM23Xzf6tU4eZxYnkzb20XQDFhZjWustYMmhDazhXjHbjsHlxSXDsFrCCVPGWrWFuE_WeOcWaUWXicTbJXlBM7B6AgohO8Xo2XsjzXdDb3WyOiD&q=Dr.+Vidhi+Bhatia+Skin+Clinic+%7C+Skin+Specialist+In+Guwahati+Reviews&sa=X&ved=2ahUKEwiH082Ix_2NAxW1zDgGHeDxHkUQ0bkNegQIORAE&biw=1280&bih=551&dpr=1.5
xix18ib,https://www.google.com/search?sca_esv=340a42e2eabdb65d&rlz=1C1CHZN_enIN1087IN1087&sxsrf=AHTn8zoDt1fbiHD0_M2matdxWUMgSahO6w:1747816487572&si=APYL9bs7Hg2KMLB-4tSoTdxuOx8BdRvHbByC_AuVpNyh0x2KzQ6fMbaMQelXJV4IpYU2s2e630Dss7_IDRnje2o_xnRRM9uloNTN-qsnBi-DhbyBDlwSmtCSAvIdF0G_Bzvbp4vhX6U3ZHKY99sS8VcFkDj2QABWVuMXxNMfnleQV1TW5qKES0Gj0FXGpgfVDEsNKM2TeI7gosyTDy7nZFn57TeTObFG_0UjckRI1m73nzKK25SyhnN1BDtNlTAm7-sGumdCWgSli6sYdUMZNWSIwjY9e0gIfF75VJWY97z9N42es6GnERg-slksvSK33oWZWEgWI-Mh&q=%F0%9D%97%97%F0%9D%97%BF+%F0%9D%97%95%F0%9D%97%BC%F0%9D%97%BF%F0%9D%97%BB%F0%9D%97%AE%F0%9D%97%B9%F0%9D%97%B6+%F0%9D%97%97%F0%9D%97%B2%F0%9D%97%B8%F0%9D%97%AE+-+Skin+Specialist%7C+Cosmotologist%7C+Dermatosurgeon%7C+Hair+Removal+Surgeon%7C+Best+Dermatologist+in+Guwahati+Reviews&sa=X&ved=2ahUKEwiWkP_mk7SNAxUwyzgGHaInE_sQ0bkNegQIKxAE&cshid=1747816511244438&biw=1600&bih=773
bsy94vp,"https://www.google.com/search?sca_esv=340a42e2eabdb65d&rlz=1C1CHZN_enIN1087IN1087&sxsrf=AHTn8zpLZnhChMUaxhI4LRGGX5naVwPU9g:1747816653970&si=APYL9bs7Hg2KMLB-4tSoTdxuOx8BdRvHbByC_AuVpNyh0x2KzZ_V-Vg85XHBjeqLD4RlpCDkHBTLTRfA3N5lIeKt-1Gz_HeJDVNdNpVqTAwKo-C_D3HsgoIwkfCDgRjue5HfCXKQ9cWvwinoxX7YaUKNdt2M66n1Hk2LTWXscx0dcvhmzdw3VS2P6VAoFsazVEl1m3nexZAkypU4h-2bQp_2pp5nyv7Qu_6PKNsdtU2X7WX9AJljEtQ%3D&q=Dermasential+Clinic+%28Dr.+Clarify+Syrti%29+MBBS,+MD+%28Dermatology,+Venereology+%26+Leprosy%29+Reviews&sa=X&ved=2ahUKEwjwlKu2lLSNAxXh3DgGHZZlHuwQ0bkNegQIGBAD&biw=1600&bih=773&dpr=1"
jyh08sp,https://www.google.com/search?client=ms-android-xiaomi-rvo2b&sca_esv=a980cca8ef080035&sxsrf=AHTn8zqpbr5qpXkH_81YWePkn8G0lI5ecg:1747288945124&q=dr+monali+tezpur+reviews&uds=ABqPDvy-9pA-373qTS4Qlhdg8THFLUrJNdvuV_dyO78C2AXFXvgLn2ESWwtsP5pY2tLOn-9-GXuYGD-YvsUOKgnzXpKicFQuVvCtybvRanq4QbiSITHV1pdG7h2kZqp_oxyX0Drgt2TEyDYk4rjdFvWgAzuV4jg7VGlfmwM49qlcpYV0eL_4q5ZjAMkelQCaey1urRN-7OWsf_fyqVDQakHoQTYP3f7zNn3PrLd4tTimJiN_eeNXocnkZnZM7Esj7L-Gd3aE0J408gwzc-pd23SkCqUBhA6F4ZNAPzDTgRD9XBh25RwBcPDc_4RTFzbKsl9tk9bVSf5ll5Mv7JBNbk-7niEplnKVP5eZOwIjhFB7zb2XxA8AGnjBAkBSxgJ9IDhqPNXGOoiJWrzQbfuovfkHV-QHnAKoZEsKbQsIQXlvaaNjxt3U0ozYopjG47B1kL-D25Hwsdf5GsoMHR8qyw39dJfp_vDxzijq4XTEtZKqD0t7EfxYbuz1x0gZRHUlXTSZA4duobX7K4laoTCGthmt2_9ncYir2w&si=APYL9bs7Hg2KMLB-4tSoTdxuOx8BdRvHbByC_AuVpNyh0x2KzTO85UZMtYgeiS-i2_yPJILYOUg4t7BRdJFUlDMjKOpY3o1mAFpSW4H-cTUniQ8RYjixg2wfrjN-E9ASXANriexiG9Y259lEBKs6ehEj8CX_APHsWw%3D%3D&sa=X&ved=2ahUKEwi5opPH5qSNAxXBXGwGHZSkI24Qk8gLegQIIhAB&ictx=1&stq=1&cs=0&lei=cYMlaPmlB8G5seMPlMmO8QY#ebo=2
yyj34do,https://www.google.com/search?client=ms-android-xiaomi-rvo2b&sca_esv=e8acea99436b54e9&sxsrf=AHTn8zq1MvNUWMWMF62z4PGR8UrA-tWCwg:1747288988741&q=pemoresse+skin+clinic+reviews&uds=ABqPDvzZx9FahazAyumoKQJFjE83NiskeBpcpCYRThWG3QOsdaUoWKylRAzSqDrbVv7_XHdKaqWVwa9_uf7H5C4pRRRgmIvik-aJQ1qSDIpSYXNCWOtkxvqZ6-WSvM5bPN9azGKucuRzUH06wV4udbaIncP-U0c3W6gldkuBLV-o1aplRq1Snw7Gwrta0DdF02ZEq1m80iS-PDv3BlOVAoN1laSg0GJduU_FRLOGTk-mvXGZ_zpIJQG7twxUlNQc25gq_in9t1YjKucZ-4bfLa7aGqZ2bMP_f7sw7_h70hPl5J0OYDjWugnXo4axhKjvib3j1-ekZS_5Rc-WR3zjgQOBraTBCBs7UWrGMQAJqpefloVDsl7AkS2gTzDLB-XTiVaUjycDLNyqZV9zdIl1oTo_2D0TVz9zLw&si=APYL9bs7Hg2KMLB-4tSoTdxuOx8BdRvHbByC_AuVpNyh0x2KzXvaMjk1ydEXwYFL-gmDbCBRFHGhHZK7s9R3bNaLKQDj7uf1rQb9jN8TpOP-4AHo42cmrKXp9fDL1mebk7rs5p-e8aqgNJZUhFbscMCfc8duVtLtNQ%3D%3D&sa=X&ved=2ahUKEwiHwPnb5qSNAxVDR2wGHSs3JvoQk8gLegQIHxAB&ictx=1&stq=1&cs=0&lei=nIMlaIeCLcOOseMPq-6Y0Q8#ebo=1
fhu86ys,https://www.google.com/search?sca_esv=340a42e2eabdb65d&sxsrf=AHTn8zrU2edRxnhN1xZVGC7ijcBFNLpbnQ:1747818446006&si=APYL9bs7Hg2KMLB-4tSoTdxuOx8BdRvHbByC_AuVpNyh0x2KzakeYrFJ1wKgn4undbaII9ln-1XUzfW3Zidjccd_QUhqUxWQiXI7c66O7eZG7WzoVZOmAOlMh9xe-ToSq4ENi1iTjKSiY5K6MFlayG70LW80kMG9Eg%3D%3D&q=Health+Care+Hospital+Reviews&sa=X&ved=2ahUKEwiyteyMm7SNAxWxm68BHe3oJTcQ0bkNegQIKBAE&biw=1280&bih=551&dpr=1.5
rxp02ze,https://www.google.com/search?client=ms-android-xiaomi-rvo2b&sca_esv=a980cca8ef080035&sxsrf=AHTn8zrJYsVDsV1teExEX8OTTY15Wv8Auw:1747289164816&q=assa+diagnostic+and+nursing+home+reviews&uds=ABqPDvxrfMsdWW7J_GWhH_QZEdQXJK2fXEha2zSId_i5AKBlQhWNJx3l_tcyNnZm7AmLNMk170qCYrcv7OTVaTz4ewBA0HCoFt5PQT6oFbFVka4tifHND8Ut_YiG-p9uiZOcdJP94oGLHHfGXa_n8UZoXoceVvPESn4BEBnDQ2pdZFbez0Ort5Qvn_-AIugBGI9HrtgWXzgYqn_-SO7pyzCZICR6qpetthFjPVtMBzPgYGjaHMkpXl7HlXrkWVScuIoanJP3FYU1sqZWn_soHMDlwYvJ_2jm9fLUlwbXVcfaQaIOtzbQmBavhSai0M_gOjt8blT4hiPn8jO8n9T2lv98e1c3sV8Fi9Fz_ZZZAJFgEmcmrk7GJvOTk4XdGWZk4uWjoHmEzitvWDFsjT4uVUjIyPfGUnhYAA&si=APYL9bs7Hg2KMLB-4tSoTdxuOx8BdRvHbByC_AuVpNyh0x2Kza6C9OKQBNjw_XWRkGtebmD8Ogcy6SOTLQ1va0jyip3Qheu96GN_bfF103Y4aODooDx9whmrfsnDAIdfLz0gLm2_h7rh3njEcJYZrd-SZWv8DmQAC9a8o8i82MqLN1NbH4sOzyQ%3D&sa=X&sqi=2&ved=2ahUKEwjvp_Sv56SNAxXCS2wGHeQ2Dq0Qk8gLegQIGRAB&ictx=1&biw=360&bih=697&dpr=2#ebo=3
nev92pn,https://www.google.com/search?sca_esv=ea28a01ba0d65b63&sxsrf=AHTn8zr8H8JGQ_FN3aVz0S4DO-Pf-SwCWQ:1747289252390&q=cutexx+skin+care+skin+hair+%26+laser+clinic+silchar+assam+%7C+dr.+kinnor+das+best+dermatologist+in+silchar+assam+reviews&uds=ABqPDvzHQtWF-MZ7UHX7g8CMQcVh1pK49B-q_t2-djwcTVA4hYXtMgMkPBdsAL4USUvvjyDMhlnsCehNAzFn75EB3VVDX-2T8nXjT12RbzVeX5Kn3VWiwQByvajWUSK-OnrWPxueseAq2uoFDVUJn03OHND7wIDZpKcczlB1H_W653Bs69A5squyv-21UxQdDYPrmxZcVebCJs0cNzWiTSIVkbeRfz7QCXlZf0Zhw-AmFs8rNlooQKNEvBsLbXrfzcb2ztJzkKQ4wj6I4n2M-KWg00AhWf9t2cQSmcYsa0SZzaazJA9JVHjHx4Wt2xPX9yq4AC9m_uf43eWZYrKVDsLWmMfZOfydALiPiXPVa5jyFJRY08C5SIiKxd8fRIjRt96cxvJelTOj1pI1Zv1uTd7jJsc89zhrXODNXjwu25NGLW4OztZxx8oNXc0uC29A2GspMiNeDNgRiB4yiE-a9T8bhrk5l7VFL-DH2msh5qheLqJls4ayDCbiMDUFEwPzjdsAGpMNSSV98X3ANbAmb_Ln8QyTSDSykIbqRbw86iyUIuiG7OLdMj7u9qWPjqJ1Gr_JV1jeRRxAKrttCbJbiFpocUEdCEEwGtS4nuT9fFh1Ab6fvCMD2sAt2wXFrg7jBqoUffB7LOirKQpxMcUYGrELYYInegok2w&si=APYL9bs7Hg2KMLB-4tSoTdxuOx8BdRvHbByC_AuVpNyh0x2KzfwNGPGsMsJzjbuCehaX7-UWcJJRm8DHrlbcx067UmVVob9JfVWkVJB7bOuLOIJsEjJ02xmnMTIpJaRyPEdjGDY6kXB2TSe6-o2fSTI-wXeeVj_Dw0QfKIPxjrUlP8eMQOuvY6OhiGIeRL4QH66XWcoibgfLOLJ40uYMQScybBqg4zXQECBphmB9FUo8y76CDcK2G9-Tf6FM2WtjTQV7aTRKu0Yz&sa=X&ved=2ahUKEwi-sNXZ56SNAxW6SWwGHSI1Cd8Qk8gLegQIIhAB&ictx=1&stq=1&cs=0&lei=pIQlaL7OF7qTseMPouqk-A0#ebo=1
cwm05zp,https://www.google.com/search?sca_esv=20a22e6d85aac7f8&sxsrf=AHTn8zrdiR9gh2hMzVjDHHcb8QBMUtUOZQ:1747289281839&q=excel+skin+clinic+reviews&uds=ABqPDvzXuGJbge3xoGcI0hHIQjpKaVJbUOPrd4d6Cr1keZaBKdFku8VbKce_hVBVgL57xn51-r3vOZerJAXwyS8IcbrtJqtnAZ2ephV-4387BpmTqxlToVFQoNdW-J3CMwd3AOxySoGkXVTM_EjufwANFe3-OpQ__yI_m_IgcWWhPbftySnmiEuQ4iT1MUzyV6bPIUxVHyTI0qjFrCwnSoLsx9AJ9ZU8vDhY1LroIa1yoQA1jm-1wqKe53BazHHO54jQZWNUnPGmwsLoYdFVaW9POKC5P9Gp7fa_r5gnB7OzxNDyIZBdh5RMG4LTFOSluPqHo4VcvOiDI1cHk9VfZiDqz06PZT97ouGRYlpkBF9UFBDnZ-r8CGtzo37iGhysLkbPWbtDDWB5dxycG9MSWcqTNjiiH8Jtsf_bgKtM0L8SKQHN9Hm-9Uwwtb5brdvptD-V-5gg-1md_ht7j0rnBQGF5VRBADQLvQ&si=APYL9bs7Hg2KMLB-4tSoTdxuOx8BdRvHbByC_AuVpNyh0x2Kzfo77bDi26UiXoSU-U8sdPY48o4oiYuWD33xRB5H81y0LS4sg4TPWNthrdyjq6Gn35ORc4UkcCLICgNMcCpoUvvEQQC5EuJU-ugPoPxIP2AivBvKXw%3D%3D&sa=X&ved=2ahUKEwjw4trn56SNAxVNTmwGHQZQLhAQk8gLegQIIBAB&ictx=1&stq=1&cs=0&lei=04QlaK2dOayUseMP8tixuQY#ebo=2
eol56nw,https://www.google.com/search?sca_esv=340a42e2eabdb65d&rlz=1C1CHZN_enIN1087IN1087&sxsrf=AHTn8zra5siD-xk9eh9OpqED1rGInbVx3w:1747817485451&si=APYL9bs7Hg2KMLB-4tSoTdxuOx8BdRvHbByC_AuVpNyh0x2KzYjtIbuT9t7kqQ5KkEZg4pOOAqajqLB227PvH33aPKX--SOAB_-_Cnm586faZcLZ9NoDzq_B7t4Ur7Vs9TkKMGcSDYk_&q=Drug+Mart+Reviews&sa=X&ved=2ahUKEwjr3ujCl7SNAxXRePUHHb1BDGQQ0bkNegQIKRAD&biw=1600&bih=773&dpr=1
dag87pg,https://www.google.com/search?sca_esv=20a22e6d85aac7f8&sxsrf=AHTn8zph-X9IziqP21Xk1byduz7EOyfMpQ:1747289352118&q=green+heals+hospital+pvt+ltd+reviews&uds=ABqPDvxTMF51tpmiH324jRRbuUvCfbhYfgHEwC_ExDam2vQmKbUq386XB7mAXUV_yCJCOx7lx32IcMAbThj_Myc3-Q4I93wmT7plzExQj865CaHQwffOxYdU43CxR4ZfSFNVb59dSpBqQVfUOo_yqBuPVBLViRHldFPC-7DzRQqqsQJpMkEoFxgXHEj_bTZfsxzt_zGhteS_Luf86Qvz0tlW7SkI0RGoNse8ak5d7Sjyy5REnfTyFcVQVpMlG7be8kWe7wmDCGyc3U__d88Mcp6RSe-wXNmOsJWT8ME-7aUBvTB0EfnxeGCcai3ihes0cjw02ApxOHZtV28qj3llNGGiAL2uvCUnmQ9FvMO1QjuHO3iJJ98nXDmkb7bFhpEr8FVEe_w3NCa_WMCDAPvn8hyqQ7-EywqS3Q&si=APYL9bs7Hg2KMLB-4tSoTdxuOx8BdRvHbByC_AuVpNyh0x2KzarAodsM3YiYHgxOmCom-iDQCA1dstH-AfLhkV5Q34U0COMn5ojmDdqBrBbo-TJhfGTxYAi_aBF46_Hbzvt1Czq4f38eAB8FqpckBXro7AyXYM1KKQ%3D%3D&sa=X&ved=2ahUKEwjKoZyJ6KSNAxXBXGwGHZSkI24Qk8gLegQIIRAB&ictx=1&stq=1&cs=0&lei=CIUlaMr9BsG5seMPlMmO8QY#ebo=2
nlw28yi,https://www.google.com/search?client=ms-android-oneplus-rvo3&sca_esv=031453346484e3fe&hl=en-IN&cs=0&sxsrf=AE3TifNOcwDOK2RsJdgRahmpAkYlF33bhw:1751023456317&si=AMgyJEuzsz2NflaaWzrzdpjxXXRaJ2hfdMsbe_mSWso6src8s6v0aUeA8v_4c7erdUWh-HYTasAe6W1K9q5OfvbGVYdilb8b1jZFue2gwX8inZUycpWUU7DIqz0ju90Orxdw6gWDLD0h1GgAcXfQswo4xqEZnldebQ%3D%3D&q=Zarkawt+Presbyterian+Church+Reviews&sa=X&ved=2ahUKEwi1ve3YvpGOAxVZyDgGHQYWFvIQ0bkNegQIHBAD&biw=1280&bih=551&dpr=1.5
lbp54jx,https://www.google.com/search?sca_esv=20a22e6d85aac7f8&sxsrf=AHTn8zruGo82Uhg0RiTeaFCJOzE-_wq8KQ:1747205912496&q=zoram+drug+store+aizawl+reviews&uds=ABqPDvwKUpIZvi2TsrVjt5BUi0YRIC4lRVB2ZQxMfV7oop-GXRv8QxlNhzmqcnb4qtkAXGxUUOsEu_wx6Q1Ip7vMuJIQaSEwoM1C-Hz3hAGgzWXtpqf9jJKKV7Ll-5L1kMp7Jsocoi2u-cy-X1HEyk_U_i_8Xr70B62OVUzxYO9BEfad2DiHRoHupe7ocNP-ho55J-ceCfixeKF6IoTO6UCFUhVEl78pwsP1tA7oUERUQgOKc2sZTxZ4B2aqJfA_nSyPdQCJpiJWW9MPpSuEpeLMwIIQ6dazorcMUXDxS20rrnhYK9SECIR3UdrgtG8tVBrVv5g8Sz4-_LbAqfAdKAdpv5Gt4vbXY0x8wKghLMUhfmQZJZa3CCs&si=APYL9bs7Hg2KMLB-4tSoTdxuOx8BdRvHbByC_AuVpNyh0x2KzUcrqTZY1V2_bVxU3ERyuzYNGhmBuXF7EbKFDsckY1o4Jpccfn14B0nDjd2JSysqN9tuCzB54DKcLCX1axswho_eIADS4v_fSGRz2Qs3Gq31KhBKlA%3D%3D&sa=X&ved=2ahUKEwiL9I2esaKNAxXge2wGHTMrM_IQk8gLegQIHRAB&ictx=1&stq=1&cs=1&lei=GD8kaIuIHuD3seMPs9bMkQ8#ebo=1
iov83cs,https://www.google.com/search?sca_esv=f7191e92af267523&sxsrf=AHTn8zpLPfuXpMACIwuLTDop-2hCzTMw-g:1747205942272&q=phc+charangpat+mamang+reviews&uds=ABqPDvy8fqehTHBh8K8j5QAiqy9fpjihG1p7U93uUqu51Dt_kZHR_c22F-5LpJMsd4zsOaavIThVp4-U6pt959RhRfnJVC3R5ULixH-pFu_nv9SzRwXy5PV2vGua14kPF624qPmg3pzxvvnVoOYrhpL41ydBBkZsLQiu5Rx5wY57BkUYk5OzSbzalhouHndRf-IfGXD32kBPeHLg8pYYVXI9dBrgcgsiayKMHSPgbpVJOHmrr-OcxcsAnfl35myp9zJb3VM9JGWalcyu3F-6V_jshSbTIKb7fA&si=APYL9bs7Hg2KMLB-4tSoTdxuOx8BdRvHbByC_AuVpNyh0x2Kzeoe3YBgB9Vwaar1dDCvLni3O3OxPOSkZoDk_wYMS9JZazBEYi5Hzri-UE_ymMpY09z7caiL-0WF42rIGeJucokutcQOqCQc_2Jgvr6LKm5WDYTgRA%3D%3D&sa=X&ved=2ahUKEwjErKessaKNAxVYbPUHHa6sB0YQk8gLegQIHhAB&ictx=1&stq=1&cs=1&lei=Nj8kaMS5ENjY1e8PrtmesAQ
vdn64az,https://www.google.com/search?client=ms-android-vivo-rvo3&sca_esv=e1b0a352cc9e0a98&sxsrf=AHTn8zp3OZ2HbMw4snj8h4ismjHVlIxPGQ:1747201712634&q=dr.+salam+bocha+imphal+reviews&uds=ABqPDvydgA-a-OW2w5cfHMei2nOQO0F3uiN2o5MbqHYkXkuAXzDVjGKVFR2_hwJj3YVjOKSpS7pYdaQI6k8x1VBajGAA0tw4wR2GSZhDfKd5ZPXH5_mZqnUnW9LYTTIsqwTOgGmPYkyHSM-lAyjRRb7QiM7NBMd7jSLQWbgUhf5Tj26p-NY25wkNb5wWTKv6lQar_DRpcUE7J6z6REGl1-vHOiRyq5yZhsyS9WGQBbO7fZVatjeUo_K8mTtuZDkCnXc6vYwvpLzlUWIr5fsnwN2p5cH58D5rTDUoTM48ChIw9own8WkrMMKD3XHpUJ0tDLqvZBmEa_cpDTuU4pTCJo0tse9JRObJyO_Yria0PoTf-cV-_4ur9OvkY29cyRCnY4Kb0ekA4gk6ox02bYfR6cqmjCx2JwhrXQ&si=APYL9bs7Hg2KMLB-4tSoTdxuOx8BdRvHbByC_AuVpNyh0x2KzT7RO9IbcdFPPZd_YFfNssA0KIGy1mRxfQIuQq3VwOmA15HbU0gzzUYyEN7H_W7BGZZQ3rbH3pItfuKiFtkA8RoQkWSdDbMh1LQYWsRveri-n01DdQ%3D%3D&sa=X&ved=2ahUKEwiS27rLoaKNAxX7b2wGHWoPHSIQk8gLegQIIhAB&ictx=1&stq=1&cs=1&lei=sC4kaJLDJvvfseMP6p70kAI#ebo=1
plq99fk,"https://www.google.com/search?sca_esv=20a22e6d85aac7f8&sxsrf=AE3TifO9RfWcBO31tPqXa2yVuiwQ0VofsA:1750351156227&si=AMgyJEtREmoPL4P1I5IDCfuA8gybfVI2d5Uj7QMwYCZHKDZ-E9nwvKSs2aJAGTodT4a_wRK8zfmtcTLyVKwMiwtlDdRC3Yfq8_lKQ_BvD8CBTUGxu1Lh4OB-vKrsCrYhf7X3ko8GBr7z-rY61JhvB8eB-AO2n3UjBluuhZcT97rT9hEcUiJCS-r3Wxw67L4fz6dnqkHsv96q&q=Jawaharlal+Nehru+Institute+of+Medical+Sciences,+Imphal.+Reviews&sa=X&ved=2ahUKEwiGu5iX9v2NAxUrsVYBHerlIpsQ0bkNegQIJRAE&biw=1575&bih=759&dpr=1.22"
cnr72cl,https://www.google.com/search?sca_esv=20a22e6d85aac7f8&sxsrf=AHTn8zqbBQe94zsRsnkRi8_1ke76yhQKrQ:1747738253931&si=APYL9bsoWDx2JgPUFzNAbypa-an1_VM7gtP0FcPg90QFu0bDXQw0A6mmX_TR_sQxqmicNsBUViZxZuLZVhE9lEtT6KIaAznDPVwZOMmtMVJ-vdIl5y2uzK_uK3bDpltQqYDyykDQW8uZs_zrQQCLZR8UFZ9zSjo1NxjdPboX-9Sv_glewoZHBoQ%3D&q=Regional+Institute+of+Medical+Sciences+Reviews&sa=X&ved=2ahUKEwiFzqSu8LGNAxVp-jgGHRTbJ7gQ0bkNegQIJBAE&cshid=1747738282608925&biw=1280&bih=585&dpr=1.5
lua41sn,https://www.google.com/search?sca_esv=20a22e6d85aac7f8&sxsrf=AHTn8zpUfh63J7nBZt7fein9OuwtkLUnGg:1747202073290&q=heisnam+medicos+imphal+reviews&uds=ABqPDvwwkg-WdIUzd_8nFlzlnf-kAHJAT0Lz-zUmF5plEDJGjUZsG0jOCT565BFbNPnAcbPutTfBx2sl82f71ibWxTv4HDGXjbnQytgQ4fI4gcEgEWSrtQlX62FIKE1h7CJ__dby0i9vFrLfVF6eLxhzUhQZm91v8pZCSNCYB7M3V6Wb-aWsmIQUUtgGvEqunA7Qv0vyO4ecZb_A4PH-WfkqRWQs7AY1f-591DB_jvvr-aGdxwKceB7jDzTQqd6Afa8uatO5IAdZEyxNEmkcJ39MnmsYfovujNmG9d8tuh1KZu2SVN-pCy7OKHY3btZhf-AF1cXFzQ3by0Noi3XCbvzixM5nb4AcB5iYS1mrkJroV7C7n_wxNLY&si=APYL9bs7Hg2KMLB-4tSoTdxuOx8BdRvHbByC_AuVpNyh0x2KzZuGLKV8546nFXcGCd358xgPmAyLMF2t7CIH8H9pRN3zD3wCc6DVvGeUZj8hGrYFkuOjjMTd5bV9j4bWDZFr3hwolA4KoDiGbq4MN7qbtcPEi1O2Zw%3D%3D&sa=X&ved=2ahUKEwjmsLf3oqKNAxXyZWwGHRG_KG8Qk8gLegQIHxAB&ictx=1&stq=1&cs=1&lei=GTAkaKbAEfLLseMPkf6i-QY#ebo=1
yek43hc,"https://www.google.com/search?sca_esv=20a22e6d85aac7f8&sxsrf=AHTn8zpgQO6Llq_JSJ2RRU_gaEScUyC5uA:1747202562429&q=district+hospital,+thoubal+reviews&uds=ABqPDvyHGKWWTeXc5RTuXg98ltJ__ua4HBN_mDMHgZMRRNzQaaN3RqGlhfysxmiBpbw_4B5MnGF5uLYszfkze7FLH4IfzYsR0Qs6bo5wr_ssSL_wuP_GD2EruDq80b85ovPo3aUjQ0Fo1693ePxf_WR8IGaScO0AERJg-83VMXQ99SmVAUqMAXYELZFSGzxEANSEo7jWrWbJpnYnyFtAMuUwCgu4O50mmuoKcWbki6xGC5QpQJRpTKT6BH4mzmA9IPned7Y2rQCZ6FL39cCFq1WezDlbt3WIeDyZTMCj81h0g5rvB86CgaB1oXCX4i-dEEzeEtomA5AIlbs1C60Erf7xFpe0Qz00gXufG5uo9V2IwH46JMKJoKe4vUa_e4NTotgWu-e1ABmMQ2Mc6wV7eGsCf_6_x2EMyA&si=APYL9bs7Hg2KMLB-4tSoTdxuOx8BdRvHbByC_AuVpNyh0x2KzQhozytMLMKMam_XoMIg-RN5-lDPo-dDAOUaYducB8HkPukJKg9G6f-bhIuZF4-6LbcElgpObtbfWBnXXhNEongMdXCULdu0_-dfZYzfLciNvhy29Q%3D%3D&sa=X&ved=2ahUKEwiXhdbgpKKNAxVkka8BHcyAEocQk8gLegQIHxAB&ictx=1&stq=1&cs=1&lei=AjIkaJf8GeSivr0PzIHKuAg#ebo=1"
etl07fd,https://www.google.com/search?client=ms-android-vivo-rvo3&sca_esv=2666264f46ac7bd6&sxsrf=AHTn8zrdZKF0kNrVk1ujr6-cRTpdctNjYA:1747202636925&q=dr+dilimpou+pamei+reviews&uds=ABqPDvy2oiqO6xZHcwsJo1yWq3paSpEtdlkisP0rmXR4xOGJFXtvGVfFlDo_l4hqGgJw9wqHCw2AkxAjWq2bb4qz4Y-w4AhhMCqT4f4-DwUvfPz-1fR004RxHCe8mPUhm6TcJP7V-pnAoj2bqlbt147k8GMGLV68pbLq57_Ky9EXnJ_7wg46gbYoJ09XNiLNvw7_40gkjMVeWey0u5sU0ZM9SR4v5AexDxWZ0YkJYSD5qMLwPOX1ZMf84W7hESxUQyFAH91OfeF5vap9xW1to-iTYYNPn8c9Rf_k4nhzkP5oacruQBCMyATYcwc_nRBqcRseKlT2Dqdo8BWTUx-yNsq0BGfCiTIE6nSW63cvEBl8MF-B0X2OqnlwgOcnRjGsuhTF1ifzZWiv&si=APYL9bs7Hg2KMLB-4tSoTdxuOx8BdRvHbByC_AuVpNyh0x2KzZC9oe8XC32z7EJK86zYd9E02-6PU0hjmSccfT14Y_oTsnwFDeFgs33AzdTXObspYChGqL6WudxUsx04Gqln7F9KlCdG6G57U1vpScgECColUlGNzg%3D%3D&sa=X&ved=2ahUKEwi18ZiEpaKNAxWtSWwGHeX6LOcQk8gLegQIIRAB&ictx=1&stq=1&cs=1&lei=TDIkaLWbOK2TseMP5fWzuQ4#ebo=1
eho89cy,https://www.google.com/search?sca_esv=20a22e6d85aac7f8&sxsrf=AHTn8zoIN_oXmTw-q9ojwM3gfN0JV3MQLg:1747202735724&q=the+cutis+advanced+dermatology+and+cosmetic+clinic+imphal+reviews&uds=ABqPDvyaf41O_JrxdfPdZ0gVpVpZn4lsYpIpYqWDOLR3FnBWM-ZEXhClsir1DRlustTB1U72lcTXEVniev3El7-1wbdGS9D2I0hO6dc1cr8rWfwcTfD-Nrh9QuVZKd--wxrPlEvfsJgmmP2qURPOUXpACbY6ISZszFow3g5tV9YQJHZmMVEVj3zfcNnvIhwEjR60vrhzVqwc_Zft_-FD-Yq9IMGgHy8OzC80XDlVAUKidVgJ4PpFmq-irkkkn0HiALzwyWE9jhRNYXqvaraDlllSohPyj7jlg7sc2ojRF80ZohOlXLz-R_hkgHRK6X4bcOD4l2uRC8BQ3geRldn_4FB7tWGsew9VUt-27NdHo1SLm1kgqOsNGrBn86qsWC8L2MnNpAVVPPANFh5r-R76dTYNAIc3sF19sNn1OjV_r-Hix484GNdXouIL-v7Bame4XrSiedUDRuVU&si=APYL9bs7Hg2KMLB-4tSoTdxuOx8BdRvHbByC_AuVpNyh0x2Kzak239_UUcXoyozSnvb-XLBKh6p9Q40Qcy7Ga4w91wAFOPMOlZl-yQmeIcYXDW2lbSU9lPQ675nPVuX7eW5-1dIxQaC5molVDxqj_jCSGXlfxv8MEPxbN9qTvBVcpE7NhFId5DnBRiRCumlG6TzkLNGfS7XD&sa=X&ved=2ahUKEwiIj6ezpaKNAxV4fGwGHY9xC_oQk8gLegQIIBAB&ictx=1#ebo=2
csx04qd,https://www.google.com/search?sca_esv=20a22e6d85aac7f8&sxsrf=AHTn8zpWB3xHJHiVontw7IFSItQTvHr0bQ:1747202825280&q=acuity+skin+world+dr+gautam+mazumder+md.+skin+specialist+consultant+in+skin+aesthetic+and+laser+surgery.+reviews&uds=ABqPDvz40TcQMxeHYZpdrYZWl8yRyewh-ay4_JqB4aWrT-ElfTTJacbyNqYmr6R1bHDVK86nrjJsJWNxlrnylhdxn_Q980sKGwTLNJfx3roSzvYwBmehUNcMBtbmmoj1q1Q65sWk51_XTUfJdl3BMnjzKVsczbV8kPn1-_t25m1IFdxn0FA6yuRT-48OuBhSSdg6PieiAh--nvcWpo9vRijSYmOr-Z9T29Si6MugU1I3nOcqWE4EoA_KC_aQl-9jlpwQiUTl8GkdFPa50ghTF82Pk7kl7lUyC_Y7M7LR3bExNePCUrHscD-FivDeyX6l2ywY2PXwV_3dcSbZSdiZpSo1UlfEeHHRaVvYTl7SoqEFDmE_ZJ9cBzJ-958NNbP2vf8yVLSfxCp_iDa8As9x8wpv1gEj2VG0996Na06zLZq-xqNnv5HNut0Q4pgPnVxiAvRL8C-9YdWFBxPunYOx0zZvLNTs3veUpF7oJRzT1XKhhWp1XSGedN3b_BX67pCIYBnaL1yTWUtTtrUYnls1eeyFp0lbQpEBuq_lbhjuUmpsFPAChTQxEiJpGLIZVVoCobOmfMrv_0InfEZaqaaq2IQkTiJDxBJ84Zdc2oJlN8suEX8dQSZS4YN6_W-xX8g-SdqyI9_ncHaF&si=APYL9bs7Hg2KMLB-4tSoTdxuOx8BdRvHbByC_AuVpNyh0x2KzfFNwBfC-eUApYNxHPfaVvIeJP4R-um1hPIh_jTwJ5TIaXMrTX17widTCTwrGXIob924hWqmOjxwPw0Pl1FcajJR-pkBkZMeZYuGinsMed4rrhnzZtYSq6J8wV1d2lmf9N2UFzHNo_uuoVVrNoUJZviSlexKYy4TCqbkhzTCFvkF6xaklD7Nxr_buIYAl_SUGvH7llywbN8jdRVSFj9zLGfJK7gA&sa=X&ved=2ahUKEwismIHepaKNAxU-kq8BHYw-JzUQk8gLegQIIRAB&ictx=1&stq=1&cs=1&lei=CTMkaOzvEL6kvr0PjP2cqQM#ebo=1
cow38is,https://www.google.com/search?sca_esv=20a22e6d85aac7f8&sxsrf=AHTn8zqhsfVIz7E5Y1dew8OsQ47CIv1Wng:1747202863412&q=sparsh+clinic+-+dr.+nirmalya+malakar+-+best+skin+specialist+in+agartala+reviews&uds=ABqPDvybj5za4hMyufX24YVDp3KHGxNBW2dA-md5A3gWIsDa2eI6WThSpd_JLOeDNF6euuKJOmIHcphFEJm4oIH8lMxu5Bo3nT7TJjS_aJrEjyMcn2QcHBIcD0PWnWXzsHOLM8u5Xvlh_vkfK8TExiuo4l7LWl-XpqT7-irHVfBdF4cu8RCLlEstXj2zj0zvY72frtmqwTNft054yt6MzSSmytUTzbqftI_dWFx_xYFlyBYFsGvSy5R7g36tCTyv-XBe_vlpesdgmRxprdI-GNxlcc8wp6KE_8-MOTFqX3ixQaOQMtB0gvaxG-Zf9AsXBuKPonKEndMBgaWKTyfgP7izju7l-HKgkNAFbjOx1ZLw7cOknZq2S06wtnQ7Iz474ZhA3_H3hjNemk4EvJsyekglnJNuRQeig0HypS5o_ktALdYvCGZobw4fqfPweVkU1VGBvSJ6rcpFXEV-3s4Vrhq6HW5ulU0TQsHTKDiKHNtfzqXzDbiIcG5jTF7bTIOXtztsCHW5bsItfafXjxHjqgfO0UzP3_PVqvX1qFWTM7Ge0_5YYaEgbgSaQuV8w2hF8m-Gq8s-vmscd25j9v7o1c5m4OitzWFBwgsRK-Gvx49F6xVuFZd-u8A&si=APYL9bs7Hg2KMLB-4tSoTdxuOx8BdRvHbByC_AuVpNyh0x2Kzbisk7Mvj_w0p8XykaI1vHNjCoTKMXrxswhYtRZ2fwDeRQUcHI51JHgBmVnGA4fNrPdoPUxrwO6BZe1cR1is7gdJcVWtKq4QTeukg46enqVmzBGwFKIVGPzQ52XAu6EfrErYPsW8mJn8xltHxZfugnQDDEUyjaRa2A1TfcLfkeG-7jWZyA%3D%3D&sa=X&ved=2ahUKEwjSypjwpaKNAxVVUvUHHTv3C4sQk8gLegQIJBAB&ictx=1&stq=1&cs=1&lei=LzMkaJL3GNWk1e8Pu-6v2Ag#ebo=1
yxl87wi,"https://www.google.com/search?sca_esv=ea28a01ba0d65b63&sxsrf=AHTn8zqQUo91a2AHMyzXyn-_SVgeF67CFg:1747202886791&q=zen+skin+haven,+dr.+sujit+debbarma,+md.dermatologist,+skin+hair+laser+clinic+reviews&uds=ABqPDvyQc4ixcOdU95-ydS2B3HePSkh0RsyLI9HRw0cW1LlZnnVeCvnU_EtPmEgyH1IAQJgLrlI1RBaF__qpgjK8zhj5Bp5ckeOxCcSDgnV9FbOJw5k_VQjbtsl0gbNNjIuPACFiB9vA8Q_ODu6w40wRM3EIDiBhhOkC_omeeAljDgAXPAw3aRDYXBxMOepbH4oDzSWwqc50RFbOFubjqRRscYU3UTsNKmAcigaOj_Aj1wqOkQIXZhskmy8419olubzRdJun0UWkQ9l4kD4AuFebLIqsDiIdgkuyY8lu-GKfQ8RD_VIvUO19YRoTqoD1zj6TkeMGQpPqJOeCU3AF2Ma8p-4lBhY8lKJfzvJFKxehfOG6-z6d2F2dvhqs8ARfbB4U1S3Uy0W8DZsDgMkJAIKsXpSK5KmkbIIn4q3hImTh111qc112gmPdZq0FrKR8nJqLbwjPIboS9l9GJaL18ykhko8-Sz4DubENZ9EoxrbhSeh8Ej9UJE-iT9zRCahYieZ9em4NPFrtyWjjQiaEmfxTurw5rfRRqqX7cX17YmpAUZTi-Kj5q98&si=APYL9bs7Hg2KMLB-4tSoTdxuOx8BdRvHbByC_AuVpNyh0x2KzZmDVffc0Ax1nxk8kiun9_oQcrXEfIK1rq0oReDz98sHi-Y6AZXb3Nx-SZ6_rrLVBtQNjJ_lvxcX-kazrGOVQJaVcXKG6WPWMUdEG0NJQ8VgQqAZ5LlJdLdqGlPz0PI-pf3QNkVUJC4LEo5rKwgzuope_HdGl47f0fdar7olS_mQtQcH9Q%3D%3D&sa=X&ved=2ahUKEwjTwqv7paKNAxXkefUHHdlKOZoQk8gLegQIIhAB&ictx=1&stq=1&cs=1&lei=RjMkaNOHMOTz1e8P2ZXl0Qk#ebo=1"
tmf63mx,"https://www.google.com/search?sca_esv=ea28a01ba0d65b63&sxsrf=AHTn8zou3mh5RCj14iQ4ssZ8ZlEOErwbww:1747202909430&q=dr+rakesh+biswas+,rejuva+skin+%26+laser+clinic+agartala+reviews&uds=ABqPDvypsgX5cjomVvn323H3wM7B7qCbhLnCfWtdaUjiMeGKPCQporDyyZ0k7QqXG5v-3iQa-89RPrtVtXNV3zoURriiWdf5F4vZ-OWVPGqc7bHmKaHpE-R8mh4UBsOX-e2dJPo8XOS9jkGyzb7f6Xxyj_gb1L53PsUnjZ6EBbMQzYZjYbTpT-Y7HjsIMXS9Ln5jKG2YAF6vjY71OWM5SaRZk-3Iq65iwDflVRQpWfcRgX7-Y9rY69PJ1HJxGpun7P5bWhS07IqZVZPhE8xDwgZruRW_-PuA8ZWqrLwXbxEqo7R7V-3hNFmVmSF6LcKtEDoo24J94UXZWHzrVLW1N76W2bbq6r5xhQBwMrUOTmk5YnpnXdlYKBp1b1aenVg0l7AW7q2EsUjXlqOcqmjCon9EUw_5mhhuTtVpqkYe882Rc2IqIrTjiklPbYtp3LnE7C9j8q5ACxiTgL8phBMaVan9xBV-EU0JKHrfkFMlV26BU-eYN62waCO-I2jCi607WHIxy8SuHY4k&si=APYL9bs7Hg2KMLB-4tSoTdxuOx8BdRvHbByC_AuVpNyh0x2KzdvZnyriwGCXUG2OdbHTfsYMVnfWQfk5RCBVlPdQrvPBAQowdCiI_gSZ-pJP6HPhxp6si_xldRHHhWHF1ZHKhjlruUBlakXqbOdZP7CHIX4s39si3sjFrS6bLrugeseK2ALQak9nLiJpWxwaOSU8dI6kZv3p&sa=X&ved=2ahUKEwj4rZGGpqKNAxXLc_UHHSKeMCAQk8gLegQIIhAB&ictx=1&stq=1&cs=1&lei=ZDMkaJLDDLCB1e8P9NLj2QQ#ebo=2"
vzu91xw,https://www.google.com/search?client=ms-android-vivo-rvo3&sca_esv=50afecde28fc5d24&sxsrf=AHTn8zp0eP1YWFLTumiJrSFCDQKIhPJZww:1747203070529&q=chakraborty+dr+siddharta+kaikhali+reviews&uds=ABqPDvxZiAthnApDpRHMe8olGjEvOEL7acRzLEci5MPCxCTWAEdUCtnUZdN-UsiwEf-TlXFAcFvLHpKc-vbmbVl25F9-ZAdYjHY11MGm3Ek4Z0GOR2IjLoQB0Rt1FImtMKTphRjZMitPoAvp1cywfdmfhdlMNPTpotph2AinL4WMx3f77jxuEjgtPEFNa8HM_JqKwZ5Sj0btvwOixr_EW3748HU6uudLD6_2p7P7R8RHzDe0A978Asv1YDUgzTipRJfD1AR7sE8t4F8G-9D1ZofhxPaPfKnKI6544ZbbFA6qJrzbP3tk47jTzpkNpPntmNbxCW3damPGX0ymXMhkHwpdClVzv5G48DyNT76u4AN6PllC9-UGc0s&si=APYL9btvhO6SAb8jF9HqTZMMa7vs_teLnZaEVrJZwRKFIIKjoXBeXmbvQKhDTbZ40a47RWw2afVNw5U4YSE02axySAw8-849FongpMqjbxt-44f2SGwMFGdIppHSEYrHRmw6uQc5UjOKARGFpoeLdmGoqXTKOgXrCQ%3D%3D&sa=X&ved=2ahUKEwimhfrSpqKNAxWSSmwGHTx8J6QQk8gLegQIHxAB&ictx=1&stq=1&cs=1&lei=_jMkaKaOIJKVseMPvPidoQo#ebo=1
dfj11eo,https://www.google.com/search?client=ms-android-vivo-rvo3&sca_esv=50afecde28fc5d24&biw=1280&bih=585&sxsrf=AHTn8zp2pbbcO7jEelBZAc-LTDH5x7SnQA:1747739532081&si=APYL9bvoDGWmsM6h2lfKzIb8LfQg_oNQyUOQgna9TyfQHAoqUpTiVeSxi5jCuGr-uBgDJvXJA34Joyi13PjWD6tPBqrK_TJRYJ613U8ajt6hN4172OYGPQYtdKGjYGWdZ5AQ60y_YVvcmGUqNp1NRihDyOM99weilajuu1j4ZZVmul_orjBMRvI%3D&q=Dr+Uttam+Banerjee+MD+Skin+And+Ent+Clinic+Reviews&sa=X&ved=2ahUKEwig1-CP9bGNAxVBbvUHHT14OcQQ0bkNegQIHBAD
wcc53sw,https://www.google.com/search?client=ms-android-vivo-rvo3&sca_esv=50afecde28fc5d24&sxsrf=AHTn8zrxm0J6eG5xgVd7oiZKkdPU92J5fQ:1747739483381&si=APYL9btvhO6SAb8jF9HqTZMMa7vs_teLnZaEVrJZwRKFIIKjoVLiwnBRGq7RXb7tt2XBW9hSQcduENaFvfQzoa_5WvXDL4Ej2O-42agMcZZlXbn0rlfgNKvbzFzgdcI9pnyqnk11q8UuCaPK-aTV4nLZ923Ov9QVAw%3D%3D&q=Rita+Skin+Foundation+Reviews&sa=X&ved=2ahUKEwjpm8T49LGNAxUjavUHHfEaAwsQ0bkNegQIHRAE&biw=1280&bih=585&dpr=1.5
wry84cm,https://www.google.com/search?sca_esv=33159bfb7cb1c3ec&cs=1&sxsrf=AE3TifPHrgJ6ILFj3awO1SwNOGKwSqpf9w:1750428758983&si=AMgyJEvkVjFQtirYNBhM3ZJIRTaSJ6PxY6y1_6WZHGInbzDnMX5a4KPP7J86RX7Ab8S0bEVmDW7IDMHozODDD8FHs4o5CVl9zzq4EAyiVAOlyMQ384avU7Q_1afIovY_8bu-vAoJ-fHQhtPgX3uANstfJI7gTnbWPA%3D%3D&q=RB+Diagnostic+LakeTown+Reviews&sa=X&ved=2ahUKEwjR3Iijl4COAxXuhGMGHTkMCbkQ0bkNegQIJxAE&biw=1536&bih=730&dpr=1.25
ykf61sy,https://www.google.com/search?client=ms-android-vivo-rvo3&sca_esv=50afecde28fc5d24&sxsrf=AHTn8zqUw4DJO7yV5QxsTA2O_X0LkSYg3Q:1747203178417&q=dyuti+dermatology+clinic+reviews&uds=ABqPDvyLdWjSqvIEFzZaDzY5SxmQ6azh7B3q__NjkyMdxVG9CfKBPOxftpzM0bIASyn6D8NPLBqjId-cVz96jZBoDOUtXzGkoiWXdVGFBH6hojpSIRqcOCpnyA3t6jFHAm4CAf2i_4MRm6pMp0IB7JfNqRciyDe9oiDt4WcNohTuperQvjkS9Hc0xWSHsw297VNErA1i4YzsRUWevCzi5YpOO58KDDuN75c1NXIHN4Up-Xgn7jcjH_gxCZM4pg45eZvpaLF315hQkOx3pGrfc5fg8DTTLwFrmkiDQxBRlNhcyAmUMoofcycwC6VytKrX3S3HQNBW0TlTANC731AR_OscDtAfDmwcwOFWV03Y2TsVZkfBw4xHnjqckucG49S9kT-GbkoGQhdzByXHLJyIurfOryatJFS1Qg&si=APYL9bvoDGWmsM6h2lfKzIb8LfQg_oNQyUOQgna9TyfQHAoqUszCehfRz-varN1pCl-CWDpBXcIcdfzNw6bOcHEErZn8DkQDr3kT0ZP_bLQuERFIQ7fENu81ZAUiDXphDu0HjGdhXaatQDbfLwy0zPr6AeP_9tQVqA%3D%3D&sa=X&ved=2ahUKEwjHgrOGp6KNAxUoRmcHHUnXAF8Qk8gLegQIIBAB&ictx=1&stq=1&cs=1&lei=ajQkaMelGaiMnesPya6D-AU#ebo=1
ovv46cj,"https://www.google.com/search?sca_esv=6394b484165850ad&hl=en&gl=in&sxsrf=AE3TifPrT3THlT8x8-lPeAtNiWuIFuf1pg:1750355914422&si=AMgyJEtREmoPL4P1I5IDCfuA8gybfVI2d5Uj7QMwYCZHKDZ-E3BKThjIdKWIOplDvUtyIS765JaIDvmsCgYHGjyotUMSsrrCT0HyNZxAAZY2UUS6HkI-Ahy6cOG3COCS9wfhx3wbLq8gMhnkmYrC-m4LB1dovJes1DzSSqpFe-Gz-1HxSJsCUIohGX4R1S9hzrv91S08p6qibQgtYVWVAe6fWwAh4tIvGSTrGaaF9STpiApycz2o0Qpi5-jcjhIp-UwCrY5msrsSVHA3D5xOCjy5SAH-a7ontA%3D%3D&q=Dr+Sulagna+Sarkar,+MD+Dermatology+%28Consultant+Skin-Specialist+Doctor+for+pediatric+,+adult+%26+geriatric+age-group%29+Reviews&sa=X&ved=2ahUKEwi40on0h_6NAxWnzzgGHVu2MuIQ0bkNegQIIRAD&biw=1575&bih=759&dpr=1.22"
nss28pg,https://www.google.com/search?client=ms-android-vivo-rvo3&sca_esv=50afecde28fc5d24&sxsrf=AHTn8zoim2SnJkb5NunAIlio67PX3q1R4g:1747740210358&si=APYL9bs7Hg2KMLB-4tSoTdxuOx8BdRvHbByC_AuVpNyh0x2KzT8jn968KhszoSF1LaUcNBjWyK5IVfyBCE0tux9-9mo2JfBH48CnbIA-7ZXcJNjDRa4EJ4MJh8XDhC7AZS0mosc-KvPUxYOEvw9zT40Z5LcSfc0eMW8BhMED86iZhlYUuNYNhEQpAqvrlP5bGAR6mkVpuq9E&q=Aluxe+Aesthetics%28Best+Cosmetology+Clinic+Near+Me%29+Reviews&sa=X&ved=2ahUKEwjWtJfT97GNAxUxyzgGHUOEHA4Q0bkNegQIIxAD&biw=1280&bih=585&dpr=1.5
drk18fu,https://www.google.com/search?client=ms-android-vivo-rvo3&sca_esv=6394b484165850ad&sxsrf=AHTn8zrnYZw79GgiP-dtuXxnbZcbeglRVw:1747740304430&si=APYL9bs7Hg2KMLB-4tSoTdxuOx8BdRvHbByC_AuVpNyh0x2KzXJhfU3QSbk_g-nMJutzo-FXtER2Hjk4SYKw1CMElJdwYs-ESMWrk_DhAoTxmAXM3T_njbvww-Ym6Xfiud9PX3AZA3wd&q=Bharati+Clinic+Reviews&sa=X&ved=2ahUKEwiDjoWA-LGNAxWJzDgGHS7SHKAQ0bkNegQIHBAD&biw=1280&bih=585&dpr=1.5
omv75cf,https://www.google.com/search?client=ms-android-vivo-rvo3&sca_esv=6394b484165850ad&sxsrf=AHTn8zqu3XnojcNdCFNTogkJkTE4_V5WjA:1747203305135&q=dr.+a+k+hore+reviews&uds=ABqPDvxk0xPVu4TMzZzVQA4AjcVc8oCKmLTHj3UhXYydY_oPLu26zNuBLfkbqah6UM6hyQGKYs-GtC332hKJpUUjXJ-QgrnEwfunmbq6-bYAHgmeIhLmJzVjt1SAUfmRF7nsrhgn0B46lbgNqW7l1KTBwBw-BFJvgurav1zTo1DRhnuRYaSO0UdtxH1IOfAFwKlsnZRQA5Y3sdcF5p8ouExQNffLmwIJdhZDPye6_mWNB0Z54AayXTa8nn_up1uncNYkKGOTU47DseG13HFylzpq3OMV4EX_VO4-DFcw8NzMPI-yfKKAZ_lVi-SXOsva04Mc2WlSiHZI&si=APYL9bs7Hg2KMLB-4tSoTdxuOx8BdRvHbByC_AuVpNyh0x2KzdGIld-Jk2Ko4QZlQRoqfJAZZ1VXaMPNtFvdWPHkzQKTLH6hWlbwBecr7JhasjYJczhwVlGUZ8TPyFRsGI7Wh6OfBnwU&sa=X&ved=2ahUKEwi9k-nCp6KNAxVnTGwGHfitNRMQk8gLegQIHxAB&ictx=1&stq=1&cs=1&lei=6TQkaP36B-eYseMP-NvWmQE#ebo=1
vxw48eu,https://www.google.com/search?client=ms-android-vivo-rvo3&sca_esv=6394b484165850ad&sxsrf=AHTn8zrPorkCKgnyLhYimvZQ-0Uas3OXFQ:1747740499740&si=APYL9bs7Hg2KMLB-4tSoTdxuOx8BdRvHbByC_AuVpNyh0x2KzWPjjqRyJmLwzdm_CRg-gYzucGZCLkI9A_3XhGZKh-mNR9d7yLevQ0WBgQbEU1HLMpqqko09ZZUUrr7qWohmrcMPHZdQ3AzE7hwexXgykXpKD5JEjQ%3D%3D&q=Dr.+Jayasri+Pramanik+Reviews&sa=X&ved=2ahUKEwj_9JXd-LGNAxVZSfUHHXsQDjsQ0bkNegQIHxAD&cshid=1747740580143975&biw=1280&bih=585&dpr=1.5
pfo41si,https://www.google.com/search?sca_esv=5dee0f675d29cb1f&hl=en-US&gl=in&sxsrf=AHTn8zoFwbODyrggr1A3-l5zCM-9J1KGZA:1747740764868&si=APYL9bs7Hg2KMLB-4tSoTdxuOx8BdRvHbByC_AuVpNyh0x2KzZ1vKOZhR60-kwl1777Uspsfr-VDXzYdkTpRCxbMECK6p2JtFopAHrSAUa9J88YZzOZcIodiNF05EJjuEDOyMpZitnSN5cz6aimMIturlslppIfUFpeQ1S802OsHE7IcrGw_SLQ%3D&q=Rejuvenate+Health+Skin+%26+Hair+Clinic+Reviews&sa=X&ved=2ahUKEwiGh8zb-bGNAxXYyTgGHfkAFpUQ0bkNegQIKxAE&cshid=1747740845999007&biw=1280&bih=585&dpr=1.5
ttl00iq,https://www.google.com/search?client=ms-android-vivo-rvo3&sca_esv=6394b484165850ad&sxsrf=AHTn8zqmGn9hEusCSzlmdTrxneUf3Lysrw:1747741263340&si=APYL9bs7Hg2KMLB-4tSoTdxuOx8BdRvHbByC_AuVpNyh0x2Kzf_65NCnj1uV6Ahn4lGWLkJ8IMseh5FcIA8pN7k5NdacJtHHVAPgLxAWRRbMj-bouoLAV7BMdy8mXmXYAMtiidp-gX90qJAxcl_5UR0xD4rzquJg1yUvaHZCB0J2bwcjG2XmgOY%3D&q=Day+and+Night+Polyclinic+and+Diagnostic+Centre+Reviews&sa=X&ved=2ahUKEwiar6HJ-7GNAxXu1DgGHdQMIncQ0bkNegQIHhAD&biw=1280&bih=585&dpr=1.5
rtb26tg,https://www.google.com/search?sca_esv=be9a47a560669903&hl=en&gl=in&sxsrf=AE3TifNRIu8dJoNagML0Trws4pvRpRNOqA:1750429885881&si=AMgyJEtREmoPL4P1I5IDCfuA8gybfVI2d5Uj7QMwYCZHKDZ-E-jnYXo9gP3LWaYb4vU3XQel2jks1YzBfHfdvHnZ1Iye1lrxhds53I04nzR81rubv4hxZpsUmLnZNDOM2VoNiuEG2Vf94ov_qQCl1StP762CF0TGIQ%3D%3D&q=DR.+SUBRATA+DUTTA+%28SKIN+DOCTOR%29+Reviews&sa=X&ved=2ahUKEwjIgrW8m4COAxXGwTgGHcX1FQAQ0bkNegQIIBAD&cshid=1750429913473758&biw=1536&bih=730&dpr=1.25
rat89qi,https://www.google.com/search?client=ms-android-vivo-rvo3&sca_esv=6394b484165850ad&sxsrf=AHTn8zoFiGiXRXV9SDuYENWmL8KJgoif6w:1747742087802&si=APYL9bs7Hg2KMLB-4tSoTdxuOx8BdRvHbByC_AuVpNyh0x2KzZXKSbnFNvrFqEiOcbcqRVdkJvSFuyr1B1L6ieg6a9AZlJsuBw3Ro4C2kwE80UD6AJZbyMd9ERSFJQ8kGBttP801hkxW&q=Suraj+Pharmacy+Reviews&sa=X&ved=2ahUKEwjwv7XS_rGNAxWvkq8BHRJMDR8Q0bkNegQIIRAD&cshid=1747742109832422&biw=1280&bih=585&dpr=1.5
ell41nf,https://www.google.com/search?client=ms-android-vivo-rvo3&sca_esv=6394b484165850ad&sxsrf=AHTn8zoLRu7A5N0koFH3Mmn1lLMc6Ld5pA:1747742485533&si=APYL9bvoDGWmsM6h2lfKzIb8LfQg_oNQyUOQgna9TyfQHAoqUgjfT0bxKJvdu1ntQ059Dal9cuPmAcu97ZoTXIW0cqUOegpnmWTTtUyVPKiYVcAzakKLxkSLE2gIc1Xq_wE_UvT8HeseKEqlqknKfi9QS6ju74PmCQ%3D%3D&q=Zaman+Medical+Hall+Reviews&sa=X&ved=2ahUKEwjhhImQgLKNAxUdzTgGHZQfFdQQ0bkNegQIGxAD&biw=1280&bih=585&dpr=1.5
sek60sl,https://www.google.com/search?client=ms-android-vivo-rvo3&sca_esv=6394b484165850ad&sxsrf=AHTn8zrrQLCGQ5_HbBRmExHQt-RI_NnqkQ:1747742525933&si=APYL9bs7Hg2KMLB-4tSoTdxuOx8BdRvHbByC_AuVpNyh0x2KzVifEYrOAudkYBAAp_qOvj9rLnfq0LKzjwwiPwAecM4n_6-QHS7U5VQ6b1liSRtQOHlfagCB2bw6w0GXAvcmjxPdjjwV&q=Hena+Pharmacy+Reviews&sa=X&ved=2ahUKEwja6aqjgLKNAxXHwjgGHR4pLQ8Q0bkNegQIHBAD&biw=1280&bih=585&dpr=1.5
rpg43xz,https://www.google.com/search?client=ms-android-vivo-rvo3&sca_esv=50afecde28fc5d24&sxsrf=AHTn8zqVrjuQraid8WUlYloYfASUA92BdA:1747203636120&q=dr.astikmoni+ghosal+reviews&uds=ABqPDvz7_2JvUSQSOCs2Nd7SFrcfy27GX5lWYr2bGu588Ss68LN_pEOYNVVwEKzcsinTMqy7LbVVnHSWvb_GPsDEqAXexSYIUBPJiZP6LhJNphO-DQjbxO9AlTORZtG1cErLI2ZH8wBaASJTIantceDdolDZNLLd-M9FTpg_PahSaEZEufYEZw42QBFSfvri0XulSQ5bl2VOo7OacgCNkBTQOXWHWMLptu2g6yBnM7Ku3LlInQEfudLIg7NiHaf01__WkfJHwH4tBfWpPzgTKxpmTqOBtbq746dNTCdEZJ-M-L0Zh6t4bM1exK4iLWfjz5NJO8IKMJkqDSrD1UOPb8X_-GdTQo0FmIRauSndWLp7zpPhQApsbNc5dSYUCVobpgObw_Ob3JzN&si=APYL9btvhO6SAb8jF9HqTZMMa7vs_teLnZaEVrJZwRKFIIKjoQnGQx2YRWbkgXPeagkZeJkwLuI86qgh7RPqNI2gfWwFZ83c9RA6CuEZWOmjolXNvY00-9n0w1l6bxqPALP_sL9f-_RMFqQep9BdtjoPRT4_5rjFlw%3D%3D&sa=X&ved=2ahUKEwj18dLgqKKNAxV-XmwGHSQDOrQQk8gLegQIIxAB&ictx=1&stq=1&cs=1&lei=NDYkaPWHB_68seMPpIbooQs#ebo=1
djh38qd,https://www.google.com/search?client=ms-android-vivo-rvo3&sca_esv=50afecde28fc5d24&cs=1&biw=1280&bih=585&sxsrf=AHTn8zpZf0TVVM_yEOdAxgfeatHOuMLM8g:1747743185793&si=APYL9bs7Hg2KMLB-4tSoTdxuOx8BdRvHbByC_AuVpNyh0x2KzWL8faBOYkQoClIGE6Dats4hFepr15A_buWC9GAUHI6W3biTBE_XQhhw7N9MnZE7-3_s-sqsOsNuFOJB-RIbXHJwcr1NmWxO-n5I6eOQk2BYZiUvMg%3D%3D&q=Dr+SK+Shahriar+Ahmed+Reviews&sa=X&ved=2ahUKEwilx_3dgrKNAxXcf_UHHWsLG54Q0bkNegQIIRAD
phd58zp,https://www.google.com/search?sca_esv=33159bfb7cb1c3ec&sxsrf=AE3TifOGidL5hepjVgkcD9EOPqa7uh2H_w:1750429127537&si=AMgyJEuzsz2NflaaWzrzdpjxXXRaJ2hfdMsbe_mSWso6src8s9qYBesY1cSrh85GvvLuQYJ_C21CvhlifxnDfrLQrt9a4JpytB1j4UaYSmqSmTl-3_sZFiYNk64iqRL66xqpfB9ltFwuyQqeM4YF1ILI9fVgaWM0cg%3D%3D&q=Ghosh+Medical+Hall+Reviews&sa=X&ved=2ahUKEwjgvufSmICOAxXwm2MGHSlpA54Q0bkNegQIGBAD&biw=1536&bih=730&dpr=1.25
bip13ae,https://www.google.com/search?client=ms-android-vivo-rvo3&sca_esv=6394b484165850ad&sxsrf=AHTn8zrcSj303MgaAi1HHmn8ulClNvQMHQ:1747743371018&si=APYL9bvoDGWmsM6h2lfKzIb8LfQg_oNQyUOQgna9TyfQHAoqUmYJdlx-mHtWnJ7nvzd_Cy5cKGR0vzfEUMGihgHpXTwCk_Len0_nW3xHHamMaNSru2NmUFrmgs0Imbs1h9N4ZPKY0EdPymKvbCd36tFAd1zmETNQrw%3D%3D&q=Dr.+Hawelia%27s+Skin+Clinic+Reviews&sa=X&ved=2ahUKEwj_4aa2g7KNAxX2dfUHHeVfACcQ0bkNegQIJBAE&biw=1280&bih=585&dpr=1.5
izk03qf,https://www.google.com/search?client=ms-android-vivo-rvo3&sca_esv=6394b484165850ad&sxsrf=AHTn8zoJD29RWjdqbW687dXzuvTazbWkxw:1747743435273&si=APYL9bs7Hg2KMLB-4tSoTdxuOx8BdRvHbByC_AuVpNyh0x2KzbgbJjf_LVvm2hR1o6AyIr-8KpyX0qkLwT8Gi91FDYMWGwy1S00ZoZ6kr-VxQYWUKixWG926RWPquBI1W_q8SNBrAT_6&q=Dr+T.M+Adhikari+Reviews&sa=X&ved=2ahUKEwjmx_jUg7KNAxUXgq8BHSJtK1wQ0bkNegQIHRAD&biw=1280&bih=585&dpr=1.5
kum63vm,"https://www.google.com/search?client=ms-android-vivo-rvo3&sca_esv=6394b484165850ad&sxsrf=AHTn8zoxvDSBA5HDKa6qAjoOcIWxs01uFw:1747743528925&si=APYL9bs7Hg2KMLB-4tSoTdxuOx8BdRvHbByC_AuVpNyh0x2KzcvETgAFB-jJ1vTMM6nZaQTIrbVARzHWQqHd_7kaH84BMnJRw1V3alEZDyGsX8sYxLolSvzUzg9-kHmAXJL5rm-vkRCQEjpZ5IttYG5yBPDTcBBPLSFvVqOTeVYUwyXuhRUlSTwjPQlYwwgzDHhcBD8xmw1L&q=Dr.+Uttam+Kumar+Lenka%27s+Skin,+Hair+%26+Laser+Clinic+Reviews&sa=X&ved=2ahUKEwiJ1syBhLKNAxWmsK8BHQW2HYIQ0bkNegQIIxAE&biw=1280&bih=585&dpr=1.5"
xut36au,https://www.google.com/search?client=ms-android-vivo-rvo3&sca_esv=6394b484165850ad&sxsrf=AE3TifPYoRBFtIlwv3WbWOKsTL6X0GD_FA:1750385010458&si=AMgyJEtREmoPL4P1I5IDCfuA8gybfVI2d5Uj7QMwYCZHKDZ-E_oOAK8o1o-ebKM6P_KXxSLRTl4vgiu6PDNlFbKok3m3Cygf6AkcAzjBiu0Hw7G2ZR6gw-hJ6UZxmH3HkYvwFHovNiwhgs_k_BCBQAnDLS3VqLGDIA%3D%3D&q=Nebula+Skin+Clinc+Reviews&sa=X&ved=2ahUKEwjj4pKm9P6NAxWpxTgGHQF3KbYQ0bkNegQIIhAE&biw=1575&bih=759&dpr=1.22
elo88rk,https://www.google.com/search?client=ms-android-vivo-rvo3&sca_esv=50afecde28fc5d24&cs=1&sxsrf=AHTn8zoVo8X4z8w87hjRUF-7M8zRcj1ifA:1747743651915&si=APYL9bs7Hg2KMLB-4tSoTdxuOx8BdRvHbByC_AuVpNyh0x2KzWmC4sKlC1NfSc92xrGRBt3VI3UuMiDioVfHC8lXyHniYH1zU00LDsIKVuAtYfPSGY2MJkWV56v9tkOkq2ygm4w6sjN17sTVeUU05DnUzCgVKBkrnA%3D%3D&q=Dr.+Mridula+Patra+Paul+Reviews&sa=X&ved=2ahUKEwj-tJ-8hLKNAxX5afUHHR-yITgQ0bkNegQIHhAD&cshid=1747743675938832&biw=1280&bih=585&dpr=1.5
akf65kv,https://www.google.com/search?client=ms-android-vivo-rvo3&sca_esv=6394b484165850ad&sxsrf=AE3TifMNWTFb2C-lgiLP9OAY-7J3xOAMWQ:1750385102053&si=AMgyJEvkVjFQtirYNBhM3ZJIRTaSJ6PxY6y1_6WZHGInbzDnMV4evA36NDY3fG8IpZcfFdi2s-j0lGjQeaAVQgFbWGuJIoEuK0hIlP9uqrL5AFELDH0tsWgFVMW7jHDlR4zAMsam726h&q=Sabs+Clinic+Reviews&sa=X&ved=2ahUKEwieq-nR9P6NAxVFzjgGHZLiGw4Q0bkNegQIIBAD&biw=1575&bih=759&dpr=1.22
ukt38mm,https://www.google.com/search?client=ms-android-vivo-rvo3&sca_esv=2666264f46ac7bd6&sxsrf=AHTn8zpxxMcqZqXZvfxhnr2UPCj0AP8Piw:1747744038493&si=APYL9bs7Hg2KMLB-4tSoTdxuOx8BdRvHbByC_AuVpNyh0x2KzWm8nZ_6Cn8umlDM1jv-4mSR5xLPD2R1Kx61BAU2BGxnd3HeBvG1y7IpbJDy-eFHtWFWDCCmMf68i6aVTbnJLMDvI_4CqM_1UoTmH-xtTwziV1xiwQ%3D%3D&q=Dr+Amit+Chakraborty+Reviews&sa=X&ved=2ahUKEwjimMr0hbKNAxUgyDgGHZNAC1cQ0bkNegQIHBAD&biw=1280&bih=585&dpr=1.5
vjc14jt,https://www.google.com/search?q=dr+aritra+roy+chandra+medical+howrah&client=ms-android-vivo-rvo3&sca_esv=2666264f46ac7bd6&sxsrf=AHTn8zpAMtd954-JfkVjl_X9spq3qz6t9w%3A1747204127822&ei=HzgkaMP5Memq4-EPs6zJ6Aw&oq=dr+aritra+roy+chandra+medical+how&gs_lp=EhNtb2JpbGUtZ3dzLXdpei1zZXJwIiFkciBhcml0cmEgcm95IGNoYW5kcmEgbWVkaWNhbCBob3cqAggAMgUQIRigATIFECEYoAEyBRAhGKABMgUQIRigATIIEAAYgAQYogQyCBAAGIAEGKIEMggQABiABBiiBDIIEAAYgAQYogRIwTpQ9QhYhjJwAXgBkAEAmAG1AqAB9QeqAQUyLTMuMbgBAcgBAPgBAZgCBaACsgjCAgoQABiwAxjWBBhHmAMAiAYBkAYEkgcHMS4wLjMuMaAH-RayBwUyLTMuMbgHoAg&sclient=mobile-gws-wiz-serp#ebo=0
mdk92lr,https://www.google.com/search?client=ms-android-vivo-rvo3&sca_esv=2666264f46ac7bd6&sxsrf=AHTn8zp9NumD4GAh97OfUXUGWSvoxkrjfw:1747745170903&si=APYL9bs7Hg2KMLB-4tSoTdxuOx8BdRvHbByC_AuVpNyh0x2KzWvaFGenQDsDr5I-GZZifjXGtG8Kqa9oyftZJK-JshwJvL0vbHfN_rkdA_lnh7H0iluTD7LxGrowyPsqxIQ_xN2OUrSZVv-H3NFTzIrodZOtlkmZSA%3D%3D&q=Dr.+Gobinda+Chatterjee+Reviews&sa=X&ved=2ahUKEwiZg8eQirKNAxX-yqACHQpUACMQ0bkNegQIHRAD&biw=1280&bih=585&dpr=1.5
cqz10nb,"https://www.google.com/search?client=ms-android-vivo-rvo3&sca_esv=2666264f46ac7bd6&sxsrf=AHTn8zq3NiyqMO5Rqu1JC0IjVvCt03XVaQ:1747205119508&q=dr+probal+samanta+m.b.b.s,+m.d+dermatologists+krishnanagar+reviews&uds=ABqPDvwPd-ZqsmkhjvN0-VDquRbFHKdPxYem_m4rTf3U8ZrjV31mlShaX92VCGpbS9QbkhRXOLn47yxXoPVtM7w5_utJxr3-7bQKk8aaimb-ZFN_I3zR2b8udDqrgeqV4Gnkt7ILoloqXkUvPXrvnDBvklvzaNeCcyapyf5hq6PzlkUqpMEIsifgnu4_osGwcrAE3Ul_JKPwYuwX_S-06Mnop1osi5LqubfFhZVKXS8ip_kKcsaET-6UPuPhSktB5etpFyAeoJxlRRjyBEUSrXZu8DF1GNMxYQqOfiiGNkhprChAm1iVhbGAEV5ngH_6XY5hVoz-PDIs3TRB-7bWgalg7G2a_ElzqID_jJBBHqBKOha1rnWQwPP2Wjny3uJzoybwZQ2V0lZlrUjts_gDODkHSp2MY3tYVe_qdHz-b7TPNlAIUZMfDofy09xTwH4nZjVWQHJhNFNg_9oJhN_UMfGW821VOW1RYtu7UQ5zJQqHPht6IlEk21NszJ11oTXBIPALNsMHslY2&si=APYL9bs7Hg2KMLB-4tSoTdxuOx8BdRvHbByC_AuVpNyh0x2KzSz44pvrjWwnfUoJMHt0usOjs_Dn2TGtNED7LRG-sj3doboRk7xwYOacQ4dZk4jYwdNw1ZTM-3WYtS72Np9atzaa33Z9gpeKtA9AjV9okqpzNQhNDormzvo0OV4GHfREFdGVoYaz_1uMYsWhQfMYT60-1QqF&sa=X&ved=2ahUKEwjw3_2jrqKNAxU0zTgGHf4AFt0Qk8gLegQIJBAB&ictx=1&stq=1&cs=1&lei=_zskaLDkHrSa4-EP_oHY6A0#ebo=1"
tzq55hx,https://www.google.com/search?sca_esv=33159bfb7cb1c3ec&hl=en-IN&sxsrf=AE3TifPzG5tF-zpyPW0rG_ySr3aOgAL5kA:1750429782170&si=AMgyJEtREmoPL4P1I5IDCfuA8gybfVI2d5Uj7QMwYCZHKDZ-E6Wbbu7ngTNUuDrAXihJgdjriyMOiwXWyhqwPuZ8pG4afa5fpZC_-QcL-0Fxr0P8fIvSxWc2PcXQ_ObxVD15zv5g-eC4oW5DHWaY5FVQlktpYKtlWQ%3D%3D&q=Dr.+G.K.+KUSHVAHA+Reviews&sa=X&ved=2ahUKEwjWlPuKm4COAxXt3DgGHWzUAT0Q0bkNegQIGhAE&biw=1280&bih=551&dpr=1.5
udm13qd,https://www.google.com/search?client=ms-android-vivo-rvo3&sca_esv=2666264f46ac7bd6&sxsrf=AE3TifO9V5O1GyVd7vj7rp2d5DH_Sgipuw:1750429244996&si=AMgyJEtREmoPL4P1I5IDCfuA8gybfVI2d5Uj7QMwYCZHKDZ-EwvFMX-o3qTjw6jbxYtn8M5eK8TMLTnBHeLVMCbM00EDp7oq4yjzPgN9Sg5WOlPBmxI3dYqhl1tv-HvJRRpcGTI9xZCeHZZv1B1pyeLE6veD8hzaVbnicmvF-_2S8oZOxloEuDZ-lqN3FbjkJ3ZXmwaFRV-oWbRGuCjMViyEr--WiUTORw%3D%3D&q=Dr.+Sanjib+Chowdhury+-+Best+Dermatologist+in+Kolkata+%7C+Apollo+Hospitals+Reviews&sa=X&ved=2ahUKEwiJ3OiKmYCOAxX_cGwGHV10DcYQ0bkNegQIMhAE&biw=1280&bih=551&dpr=1.5
yxz32gf,https://www.google.com/search?client=ms-android-vivo-rvo3&sca_esv=4e469c944832bccb&biw=392&bih=742&sxsrf=AHTn8zqlqlhgvtB4sh4da8WsnJGcoQiCYg:1747205786461&q=clinic+of+dr+ashim+halder+contai+reviews&uds=ABqPDvxrfMsdWW7J_GWhH_QZEdQXB4EW0BE8aD5R9DGI7EdO4PKHRzscFarrHnhLQ2KnBUH7mkX_t2Lx1vL5qGriyVHrCJYrehWq0ppDhvyG1Pjsw-US1PWqpZhR5eoorBEbdGesIrnhCnQ4-GfQJWPcDvVk1akme98fpAjl79kugTXGyGGQplWXbfPI9gvQGHR7IChr7hv1OTnmy81mA-lJqG1bGhu8qQDTQfSMYtLLIYTao3SE6XuoqnZom-x6XBfeITQCTuOL10-NzyeyGQR0fxXLr3cMGEcQL68v8chkOzLVyo0ZYHM0lkY8HcF-h61Y2IZGUAuB9PwEc55I6JkcIalwZrHZMNReOnaE1ZvzmQvw2jnfyOs3J_7RACXBoMWc-QU8gggNPprZm5EF02IG_heZmmc0Ow&si=APYL9bs7Hg2KMLB-4tSoTdxuOx8BdRvHbByC_AuVpNyh0x2KzSzo0ymJZEHQJU1GxITWeGdvqEuvntC3hTAPtA66WV2M3woz45CUDRp0QZchH0T0nKMK9cgITBjKOn2RAqq_CI8UFbKObgxI5-T4mHcOwucFP63_6Xp7URJgq7_5USYmrPsRc50%3D&sa=X&ved=2ahUKEwiytYHisKKNAxU9S2wGHe4YPNQQk8gLegQIJxAB&ictx=1&stq=1&cs=1&lei=mj4kaLKAHL2WseMP7rHwoQ0#ebo=1
eyk90bn,https://www.google.com/search?client=ms-android-vivo-rvo3&sca_esv=4e469c944832bccb&sxsrf=AHTn8zrd0uXqfBoO8MzTbyrcspm98MJBKQ:1747746904918&si=APYL9bs7Hg2KMLB-4tSoTdxuOx8BdRvHbByC_AuVpNyh0x2Kzf5gHqrvD6nreiKeaRVrdp4Mme0QBl70FpX-3i7esONRmJBf5IMSxvD-A27H81gh7OU5aiTPCg1caLuTZnZdFqnTWH0ggT8L_ITB1Vdb54wHcWRmUA%3D%3D&q=Bhobani+Pharmacy+Reviews&sa=X&ved=2ahUKEwi59rLLkLKNAxX7ma8BHTtHJ-MQ0bkNegQIIRAC&biw=1280&bih=585&dpr=1.5
nbd80xo,https://www.google.com/search?client=ms-android-vivo-rvo3&sca_esv=4e469c944832bccb&sxsrf=AHTn8zpmEm8sAZIeCU5myA4QqrkaKhLKsA:1747206192599&q=dr+asis+manna%27s+chamber+mecheda+reviews&uds=ABqPDvw0c4ldgSasNkArZj0bDNRKVJGcWx-Qr7uSbOqIbafzoTv6jy0sxvrPU8TqJZl5A7foDjc_i9UBuw2D75fdgawRZVPAL0-83MNMWcvQPAiH7wNjnyB6higQU5Ycvwv8ihMVqNj_sibRrcnPSTFXZUGZ3Gsd6B4YE6NImmzQj8c1e9XizsAbzie2P72g0vOqva5yPZUpIHnqs6JyJ1l5WHuZ1PuFb1-B1bF5cy14wSr4iqLrvwAHmuAreoPIeDZBeNzK3oHrGTyAuUpo9Ldnb28cqlY3LFRN1_fndPdZ9bq1LjtLIx0o9GfBAOWjhmAbkBe2T60tc05yLpBbXL_LqDW9c8AEBfF2BkSaIzWaLrDHjjtvvi2vh9Mago-li9A7eaNl3Edm4K5OSIbW2UFW58jIXwyyFA&si=APYL9bs7Hg2KMLB-4tSoTdxuOx8BdRvHbByC_AuVpNyh0x2KzYFUMWNWmfpKZ8zLoKlhcMv2erq5mtBqxcjzmLFmnW48_gOP8uPn_zvZR2GvsYn43445NQOZWARFpDqMk6xnw70SPISI_TEHRCV3mzqlG5AYIHqhIg%3D%3D&sa=X&ved=2ahUKEwjR_dWjsqKNAxXHTWwGHRdXHmsQk8gLegQIIRAB&ictx=1&stq=1&cs=1&lei=MEAkaNGlJMebseMPl6752AY#ebo=1
aff99eo,https://www.google.com/search?client=ms-android-vivo-rvo3&sca_esv=4e469c944832bccb&cs=1&sxsrf=AHTn8zoOuJhTTlEI2z92T-AyDMJQPIxmxw:1747747319971&si=APYL9bs7Hg2KMLB-4tSoTdxuOx8BdRvHbByC_AuVpNyh0x2KzTKXI5YDjgMc0TRs4BENsAgSnWTkNfVgTM0CUCpzaOHW2_vW-6yB5EWGAXop3AxdDp0gwsDZJztfrQbTaV1CWM72kH95U6HW_ROKsDQ89MSEHtJZxw%3D%3D&q=Dr+Chittaranjan+Bar+Reviews&sa=X&ved=2ahUKEwjV2qeRkrKNAxUubfUHHcFVAKsQ0bkNegQIIhAC&biw=1280&bih=585&dpr=1.5
dqm59zl,https://www.google.com/search?client=ms-android-vivo-rvo3&sca_esv=4e469c944832bccb&cs=1&sxsrf=AHTn8zpVrahYtMAS_iB7LqtB1w1rMOm6Ug:1747747878447&si=APYL9bs7Hg2KMLB-4tSoTdxuOx8BdRvHbByC_AuVpNyh0x2KzQt4wvlZ31J3C832iScfz20ZtbDgOCBlRXwlovyz3GyMiqfllMo4s59soeimbzO6ugPUHBgBI210YGuiVpRGCDuaixypIHdEuVQFus7inZfyG4tLCQ%3D%3D&q=Dr.+Sanjukta+Misra+Reviews&sa=X&ved=2ahUKEwjXts6blLKNAxWHbfUHHQ4gMzsQ0bkNegQIHBAD&biw=1280&bih=585&dpr=1.5
jts51ns,https://www.google.com/search?client=ms-android-vivo-rvo3&sca_esv=4e469c944832bccb&sxsrf=AHTn8zqsk_Ui_3DWYYZ478hO1JTpJcLMSw:1747206536541&q=tirupati+medical+store+reviews&uds=ABqPDvwmcMg7BZIrgDnXviWhTKzczJDEnXHSf2gbI_BAfRsTohY-wU5gb9c5ILOKN_bVG5d7CXGfblQhoMj95B2cy2PEZGhBvkzVdkScVYcJQCuCWFIemTt6Elg7Vy2tQPTEwDNrDv1oXSamO9AZgqjRRaTqkrA0dJbk07fUQY-ZnHrB9UfyE9ovL5PJJVp4S0eIxZgWrkAoeWlYE0BleXHytIVmCvXsPoKcw5BFPZZnS4Pdi0GJou23el9ef4ZoJWECihzQTQY5NxQZ2txLfc0tIJQsMggtMiGr4ZYSLzvLrgIb-D-cEy5-XoNKnYIbAKUshS9Epvv4Haz3dUqFgsPGENI5qsfSm-A_nY3oPKkv3yMhUh6NDiTBJKO_98VsPBaDjm7WuvT23x_NAeFSeRP2ku1gDta8F02jAGsTqARlCQpWxjAeYLiqlBaYaxqYriW3BSVSIrbVOyLk4rVa779CJ52ST5mDJQ&si=APYL9bs7Hg2KMLB-4tSoTdxuOx8BdRvHbByC_AuVpNyh0x2KzW6YKifoPTZ1vfcEjaXq4nftU0ZYdDt14InYurM7tqKEn_hLTpbcrrCkXhoO4emRf01fkVXJrXkybvha7WH3W_E5nuV7vDLi8MIHAvAsBphnHkTRvQ%3D%3D&sa=X&ved=2ahUKEwiFuNbHs6KNAxXdRmwGHYpQK2gQk8gLegQIJBAB&ictx=1&stq=1&cs=1&lei=iEEkaIXUIN2NseMPiqGtwQY#ebo=2
ekz56bt,https://www.google.com/search?sca_esv=4e469c944832bccb&hl=en-IN&sxsrf=AHTn8zpC7KdaCsSD5Zh_sE66XXfKrA5OQQ:1747206642231&q=dr.rohan+kala+m.b.b.s+m.d+skin+reviews&uds=ABqPDvwMyQb4wlvflhvVJLqhLD5i5FdjU4-IpfsZLXqqGTGpE-ratZfR4FaJ1oIRZevtI4v6yMdIh1aCNDWp0vRQNTfdOqtbJhrkhR6l_e9h0zsV0NnxqbEVRVABvE-GGD6h3CrLex5-Nw1L9mZoPCQOuO7J3QRCVp96omsicUTp4GdDrJtLUWN43cdsRoX7am0ijx70_qndAkiQNm3MH_UyEZILANWrt90F5hlFcAMByRof2UY16uHXHQUU3IIyB5tOhWs80PF3WD7T5l0sgI2uiIzkw39ITqTjoT5wi9OC2qAvVX6qCitxMqosB006J5Y6bhZlVJ-XjsmUV_oHBvodNrR2IBx5WQJg0_6gosYR0Lt5lzosFGU&si=APYL9bs7Hg2KMLB-4tSoTdxuOx8BdRvHbByC_AuVpNyh0x2Kza1luypunZShqrS4XzV1azzbWHNKXhDXFPUPZC3prBGjvKSiV73i4n3vjtwlhYrr3RaWG2SgeW5KN11LUSb6tCdS9p4pVB22CSZQmu5dVzqPpL9i8Q%3D%3D&sa=X&ved=2ahUKEwjGp4n6s6KNAxUtR2wGHegjDlQQk8gLegQIHhAB&ictx=1&stq=1&cs=1&lei=8kEkaMbmDa2OseMP6Me4oAU#ebo=2
pxi25eu,https://www.google.com/search?sca_esv=bde474a155d49021&rlz=1C1ASUM_enIN733IN733&sxsrf=AHTn8zo2QpqQHu4JLZSUI8ZESQX9GQAu1Q:1747206670975&q=dr+mohpals+ortho+centre+reviews&uds=ABqPDvyle7Qi8NxrYgTZ2KwRrb5wUEwfctedWpooBpuJ2a6VjEhyePk2SISvd0N2VYhxn8R58cLTjPoMobRKnen75qM9K-mZvR7H1LAx3U0JB7hBsa1Jc-mohFDUdl5Id20f4-q7PvXcFCU8PgQxDJcfNp_QBLZ9F6UkfurA9sbE5KZvb8DVqL1snvHMtpUvx8Nz9ERTwuH5vwCzmuSXxjCe6nKJb_sbAqAY1G5jjPSCgaDjQiDs0SLk4TPXJfy5y2uuSB8eWRYY059uiBol2jr30PZsGynB0pa3H91IJy-j3-MRtuGqzZtDYi6OMdgKJvdtHIRNW2O76t4inxIp4jWXmHWaVKrJDw_v5vyHyzr5qQNfFCa2W4IKUMaMuHF1UJ1uzWR-0xmIH22SmhaweU5suw73cS843mfoOhMzp5Uj8mp_lDu-q8y6auNrBLrI1WhR7hSXpLsnYLFhE3OgzRearZ9Bo2aE1qJ8hlkckUZccd6tRIaEKFX0WNrqybq4xSKVT98MZxFKiRHCZ1RMvIBG3sl18h2afiYm_aLhPtoCEHDlr-CGmKI&si=APYL9bs7Hg2KMLB-4tSoTdxuOx8BdRvHbByC_AuVpNyh0x2KzQNH_2WVmrdhqcvb3Xeg6hSiAbd4pBQk1pljQvFBsx7Q8rpFwk1MUcAlRzJ5JO8lAcSiIn9-TNDmtK4WsEwTMjhZYpKKYrUIUqXM4Q6de1aLgi0HJQ%3D%3D&sa=X&ved=2ahUKEwib6OOHtKKNAxVFRmwGHSHqEjcQk8gLegQIJRAB&ictx=1&biw=392&bih=742&dpr=2.75#ebo=1
dhw76uk,https://www.google.com/search?sca_esv=bde474a155d49021&rlz=1C1ASUM_enIN733IN733&sxsrf=AHTn8zpXIQNyM2vKuZPQYFMHhlJlDJtRtw:1747206700536&q=manish+medical+hall+siliguri+reviews&uds=ABqPDvwuMAhTTp09hjoPLysRJTdXCpl0t-ZYnVIwquYaCV4IHT1fQ-8hD7UzcqGfYiHeMQrhNOKZPpokVfDcLA5A3UAe-6TczjrC7_Z_pKLw6IY8J9tT89sFv-dNvMu0yLppEgqPpK8luCxu5vso01Zd93ygBNM9dxU5wzwR_Q7PeVNi28fXgJTAzTi-MtnzKhT_XbuJgs8hCAntskHrRsOc-EeGYh3dxv37rZF45K6m-LbxdQ3lde_NI1ROUt7_L1XTUZv2_uh1Iz8vd76alCdeLwPme5rCKJ_CAaK5O4Ze_rfKp8ov4dY-ZD4LYZLbyoahfMYE57c09vdFnczi99DkCpUq6_x-YN_x-CMS1JvbmKalw57UjNinCqrR8yzKyUky-4CPqAf7mPlQ1KLWnwqwXcLnOFQJf7TxHkwHGywTDDZfF6sA16QfOk24gD8nZq1dq0OfuA_8hHzqmX67yA_Ll6e3W3q4b55Li1Tua0FMdZYUF7dCQcPskVePv4bs-nAneS1uGPF1KRFJHChwgbSD6YtTpgTnavKFHXLZBs7vFL9detzuF80&si=APYL9bs7Hg2KMLB-4tSoTdxuOx8BdRvHbByC_AuVpNyh0x2Kzfxu-CmaDmB1cNcP-FS_YHFXYqxKeD9284tZjsaKzeLZZnbl0fyaWAW1SVh774JZXFvUsnI2YqiSzZgd3T37W5N_IyncfTIZmAGYnvB_rXYJjdJaIg%3D%3D&sa=X&ved=2ahUKEwjugfCVtKKNAxWTRmcHHTooF5cQk8gLegQIJBAB&ictx=1&stq=1&cs=1&lei=LEIkaO67IJONnesPutDcuAk#ebo=1
hbn18ym,https://www.google.com/search?sca_esv=bde474a155d49021&rlz=1C1ASUM_enIN733IN733&sxsrf=AHTn8zrzgQvTF_RlZ2OoOojJcY2sYCrIsA:1747206758598&q=sharma+skin+foundation+reviews&uds=ABqPDvy6GKv3uRdhQTtdeAfPtXugwiFw_QQYFpdfY-e2ZjHofn_DvzWufo8FNdx-r3bRCo4t89eo33kw1wEpcX5CYk9d-IXGjJ228uKDpFJ0TIyUG9e-tNyJsex4gteo43bIjybHdpDeRyu10YXDY1bAm0GwOi7M2ftDqwVxedcc3tulVdmEnl2WgiJ7NBqVLSC3lNUJbcgQ8iZnXiR5qEJDhSMbnsUe7psFqD0kzVibmX4rtyAnUQg8PGQRe8lyneUT01sG9jbshxvtIOPTd62E4eCiTBj9LONWaFSNHxvVfJBLId_xPP2GsEseURUO2kIdNZe-IwvhEdvPazWcRzSw8dAm41Hjh18HzURjQYDsu9TRtep44NIwH_Ew9lkcrP0-t16v9Be4ir9i17cat26u3qgb-93xIoGx35PYrcc4__9y-1aVuAAm0mNJBfkrGqXINNDzAumBZnjhCCCoUgwdyC27-fHtxw&si=APYL9btvhO6SAb8jF9HqTZMMa7vs_teLnZaEVrJZwRKFIIKjocPKSnaCRtkdYO4CAPz5-fcHuASGSTkmLJGJRQg2tU0XssCE2wA9-EyOjha0tP_NRefY5sUPzPRkrBsELZymfllpb3-AQ2RI9M-j9tkctxQM0ZGx2w%3D%3D&sa=X&ved=2ahUKEwig8cextKKNAxU7cWwGHVcLGwQQk8gLegQIIxAB&ictx=1&stq=1&cs=1&lei=ZkIkaKCmJLviseMP15bsIA#ebo=1
xnm26jr,https://www.google.com/search?sca_esv=bde474a155d49021&rlz=1C1ASUM_enIN733IN733&sxsrf=AHTn8zr7SJyRUmFj0gAgM0jbhUaA0eisPQ:1747206781319&q=mahabir+doctor+hub+reviews&uds=ABqPDvwru3iBABBih7Di6zO94Cn3E8pU-UKb6UqDS4EH9owqgvNtoj44l_XoJ6rAiwP-rRaNQM0lfN7WsLTD9V-6ecK9pqnKYVOIFNGlTTSBEOJgCazAYR-oiFgDHOo979FsjWPBBXcWRn5XUkv5JOzffiqjy9sAOKxfsKzv7WTXUnFp-zBSMsjpdlXcEttRzrs495LR19U5Y5L1CsRR6fHdnv3LHfOcub87F1AdnTOOOneJAsWe3ToWnag6DzzRiswmhxRGeDbNfIIFDyDkofqeAxA2s3FycLXxff6BZZ4wH-2OpyuExXIR5im8L5Ma0TdLW9HMafQemAYay6Up9W7nzgaA8HAgcuMtjzRg-JuahOk-DFVV9u8rHlua9Ueo_s-9y7YE4XjOHXSvPSGqOCZiRYaKUJEr9O9CRCLpZG_abB2ddFgAvkYD1irHVgvpr-PLuW5BGHhaiGTlqJv8imjy1cKJqWhLElaa4qtDLQ2w6l3rcWuyLHnTDK1l04ug6gfOJ-Qchupr4OaKYNVHAmDb0Aoq8swAOSJ0ZDbkRFJyqXdaY59k2IFSVFAQZ8y2gfCd100S89n3&si=APYL9bs7Hg2KMLB-4tSoTdxuOx8BdRvHbByC_AuVpNyh0x2KzYa1PHPezOqvFH7afYzjnLLb-7yzjVs9vmS_qXenSyNl36vXcbZEK3--ZQZ_R0LRj7GQ--wPVbv1f1BCC7JVVP7pEZiZRLniTUy3AJs7l28U6GEO5A%3D%3D&sa=X&ved=2ahUKEwiG-668tKKNAxX9dmwGHWo3IT4Qk8gLegQIJRAB&ictx=1#ebo=1
dxv40fk,https://www.google.com/search?sca_esv=bde474a155d49021&rlz=1C1ASUM_enIN733IN733&sxsrf=AHTn8zrbQtL-fJilUvPS_4mBVJyi5cgImQ:1747206808352&q=royz+skin+and+aesthetic+clinic+reviews&uds=ABqPDvz2EfJJNsWAAvfTeksqc3rlSFFojMQ8RbOZdadMG2TdVx7I6rtBXBHyXXa-N4UII2AWaHET75CuI6V8MwlCqmWzdfoZkEUnmsWJPREn8ypYZQCk1daVHUX5emkVMc1xQZzFbHbLzYtLM-2MFJAB3fIvllY4KjvJ_IpjHNnMBWEmIl413HzGxz5HvuELTjCisi8-DPGJMv9B8vrPdbhS4SpJ9jxhghdsVete34UWt2wiBXmaVXnSY2h1WGTsKqAb1g1UdL0wJAP2MOEvhv_rJ9Xt7tXa-mFJ-2Fs9B-2VHbBjd64ve3jL0kX3A1b5OX_2Rwpu70AJz84os1-e1kNa7ATV4mA-gALoYsr3jXpOe6YEBzJgA_c1qz1wtYkeYjANNKJqJCfIxY2nAgdEzh0XVKrH4qEntzGnzsJ82T_wFVXzvA3L5JaPdtQaqwfw5fbGjSnlicwLGa15fZbvBqYshaanXU9OoVI0kIqae8MSsBinstXZuHQLF_a9fGBglhURa9omeeMJShVwZxsS3dsuMkV-whOIPuJgdIVxJ25p0zD56iWG8k&si=APYL9bs7Hg2KMLB-4tSoTdxuOx8BdRvHbByC_AuVpNyh0x2KzfArPmFSmSc1nK-MS4m7OZWsT9vkg3wjUCMhas0aAqG_a5EjxVMmA_Ic8mU4qSWMJ4tX1bHxIT9kkC6RFs06o4gj80jPSnyLcajhbe1Tmmk-vVZAZA%3D%3D&sa=X&ved=2ahUKEwiCy6TJtKKNAxXpUGwGHa_XGKYQk8gLegQIJBAB&ictx=1&stq=1&cs=1&lei=mEIkaIKfFemhseMPr6_jsAo#ebo=1
nag10on,https://www.google.com/search?sca_esv=bde474a155d49021&rlz=1C1ASUM_enIN733IN733&sxsrf=AHTn8zqwS-i_I6nTtwrB7HJn1sZTTj3xMw:1747810425601&si=APYL9bs7Hg2KMLB-4tSoTdxuOx8BdRvHbByC_AuVpNyh0x2KzSQ8Woqv4FsKEhvrHLrXJngKnb_po-3GM7epAsCHQBA-QRQ9vLVgGF_fFIE8I-nCmRvlAHoLQRT2BqysCWO4J2WiacLlJJZCzCq7K4qMWuk-SZnkjQ%3D%3D&q=Mehi+Skin+Clinic+Reviews&sa=X&ved=2ahUKEwiK3rWc_bONAxX7e_UHHfkZDyIQ0bkNegQIIRAD&biw=1280&bih=585&dpr=1.5
cft57ac,https://www.google.com/search?sca_esv=bde474a155d49021&rlz=1C1ASUM_enIN733IN733&sxsrf=AHTn8zq4t-hHPHJ3UUoaqSIn--fT5Maa7w:1747206946649&q=sharda+clinic+cooch+behar+reviews&uds=ABqPDvwyuzuD4osdMfa2kuR-xu6ArWuxagGy25jE-IXxmZchywCUh8AOjy8ZnOywHsGk5n_emR-Wn1HgZGyLn0_GgjVEth0yB3Kvfzec4aiIU1BVQ38iiVwNaJPNwk02_htmyPSszylkFjPd-dJ-5waKogu1EDUxcHUDrxzcrTAnPuzNoRFNsiQMrKTdEmgWjlMqkIo_PUZDWz1sr1_0IldHBl4qIxjFfsxfp_h77IVsBqj0ECR8vLcLWmdg3QnqPhyOuY4jiPzojjKA7GNNuH-jo4mWppL-rw73KJ8k2seB2edm-xTIdrev5Zxzsa8l_w3gYyIhj20MdpB5iq_dqg0EZnfFRN1f7xpT5l33AbB5JM9N7mhQAbw&si=APYL9bs7Hg2KMLB-4tSoTdxuOx8BdRvHbByC_AuVpNyh0x2KzYJvLnHs8Q04GqvSbPAn0Y5MBNfmsXCM-JUp1QHUPl3JPzx_HZQB33qi9g1SNwUuxmPZdSwrq6bNx8Dmt5H5rpL0ZI0jr4SHIu1WWu76BD4vXn0E5w%3D%3D&sa=X&ved=2ahUKEwj_zp2LtaKNAxX1TGwGHXqDGkgQk8gLegQIHxAB&ictx=1&stq=1&cs=1&lei=IkMkaP-1J_WZseMP-obqwAQ
aru73co,https://www.google.com/search?sca_esv=bde474a155d49021&rlz=1C1ASUM_enIN733IN733&sxsrf=AHTn8zq5qDHymuxn4okx8GIcz09Scf-Nsw:1747207056032&q=jiban+medical+stores+cooch+behar+reviews&uds=ABqPDvxZiAthnApDpRHMe8olGjEv1yZgFJesRZSg4pPIrQSbsddJbgO35RhKqVVwBeiXe0iR29JzKwR1NHLO5H_9NfC1OWhgd2smVjciSkvMPB0EuCIcm8n_yHxOj5i06OZ9GrC6wOiZeAL27mhY5gFOMmP-1oepqr9B3QmoBU-SmIwncYtmFGhczhTk6vN_xYrKb4ywpNwSKckcAQdD-m5N22gQKzcSfNzAMEVABNPAA1UvoEbjMsRRYeAPBlKLa2w8Zi5RmKslDOqUQk43Aovps3GDzEW_9I6q2uT3UbmnnleZ4gvICXGoWj8aqfGjXrHZGYe8mdHB4GGWSZ3yYaKVco4N3QYdHPjRBjbOmMBr-vn1LX_kg5Y&si=APYL9bs7Hg2KMLB-4tSoTdxuOx8BdRvHbByC_AuVpNyh0x2KzUrHX-qSUgzLrjEhzUStPu1jokewAs-aCHDnrHw3Mdi8fvOR95781f-1FzOjKwY2T3G4WnNiIUWHEA1s_S8_hJrLbsZC3iFx9vv285edsOYv3vk4uCc1h1pauIQuKEaT4L0GyZE%3D&sa=X&ved=2ahUKEwjI5LG_taKNAxV0UfUHHWVmBAsQk8gLegQIIBAB&ictx=1&stq=1&cs=1&lei=kEMkaMjcAfSi1e8P5cyRWA#ebo=1
pql00bw,https://www.google.com/search?sca_esv=bde474a155d49021&rlz=1C1ASUM_enIN733IN733&cs=1&sxsrf=AHTn8zqPWacjbYqXKdKNShUThvBMBJav4A:1747810821606&si=APYL9bs7Hg2KMLB-4tSoTdxuOx8BdRvHbByC_AuVpNyh0x2KzbfXIpsTcQO5aS-PJ_PdCeHfmVNrB3nKLpVJwtkV02AmVexKzvOZ_wOUFJ_m0vXHp4xZwIbAoBuZIfqmKbUbu361QJnf&q=Dr.+Binayak+Roy+Reviews&sa=X&ved=2ahUKEwja8p_Z_rONAxW_wzgGHXGlEsIQ0bkNegQIIBAD&biw=1280&bih=585&dpr=1.5
byj45vv,https://www.google.com/search?sca_esv=bde474a155d49021&rlz=1C1ASUM_enIN733IN733&cs=0&sxsrf=AE3TifNlN5ZFGBPkiWfX43wmI9wXiK4u5A:1750425563713&si=AMgyJEtREmoPL4P1I5IDCfuA8gybfVI2d5Uj7QMwYCZHKDZ-Ey_RZpR2Cme2nHmCojQhL9iqX860H4uSr172X796iP2W1pOLgc6SERn3NGQglNJ_VWSC6qYV1aw2JW_ktr9uBXoLnbaEp1OkrKUTLJinM_9PSjm5GA%3D%3D&q=Dr.+Parikshit+Bhattacharya+Reviews&sa=X&ved=2ahUKEwixgbmvi4COAxUib2wGHcAXCIcQ0bkNegQIIxAD&biw=1280&bih=551&dpr=1.5
jxp33yv,https://www.google.com/search?sca_esv=bde474a155d49021&rlz=1C1ASUM_enIN733IN733&sxsrf=AHTn8zpnw-VGDsvr84cZS99gBW_jDbHkCA:1747811243414&si=APYL9btvhO6SAb8jF9HqTZMMa7vs_teLnZaEVrJZwRKFIIKjobAnLaHmqfr7aC9TMVpyKBEyFd5kmLmgsLx3EEM2XUSjAAd-qVijBoQb9l1-8vBVWQY_ExedjuxuCfpmfkp5jyGqttbM&q=STNM+Hospital+Reviews&sa=X&ved=2ahUKEwj0iLGigLSNAxVRyzgGHWUGDrkQ0bkNegQIHRAD&biw=1280&bih=585&dpr=1.5
gtq47gl,https://www.google.com/search?sca_esv=bde474a155d49021&rlz=1C1ASUM_enIN733IN733&sxsrf=AHTn8zpnw-VGDsvr84cZS99gBW_jDbHkCA:1747811243414&si=APYL9btvhO6SAb8jF9HqTZMMa7vs_teLnZaEVrJZwRKFIIKjobAnLaHmqfr7aC9TMVpyKBEyFd5kmLmgsLx3EEM2XUSjAAd-qVijBoQb9l1-8vBVWQY_ExedjuxuCfpmfkp5jyGqttbM&q=STNM+Hospital+Reviews&sa=X&ved=2ahUKEwj0iLGigLSNAxVRyzgGHWUGDrkQ0bkNegQIHRAD&biw=1280&bih=585&dpr=1.5
lsa97sz,https://www.google.com/search?sca_esv=bde474a155d49021&rlz=1C1ASUM_enIN733IN733&sxsrf=AHTn8zpnw-VGDsvr84cZS99gBW_jDbHkCA:1747811243414&si=APYL9btvhO6SAb8jF9HqTZMMa7vs_teLnZaEVrJZwRKFIIKjobAnLaHmqfr7aC9TMVpyKBEyFd5kmLmgsLx3EEM2XUSjAAd-qVijBoQb9l1-8vBVWQY_ExedjuxuCfpmfkp5jyGqttbM&q=STNM+Hospital+Reviews&sa=X&ved=2ahUKEwj0iLGigLSNAxVRyzgGHWUGDrkQ0bkNegQIHRAD&biw=1280&bih=585&dpr=1.5
hga63jf,https://www.google.com/search?sca_esv=f39d400fa25b1993&sxsrf=AE3TifMWQnx_0yMFHVWjsBv7qTHpSOi6ZA:1750423025042&si=AMgyJEtREmoPL4P1I5IDCfuA8gybfVI2d5Uj7QMwYCZHKDZ-E4PFTxPxVAPtdgAvqc-zIEG7eQZLcyLqyjncmmsI3NDd9zQGqdnqazSDYqphjdCBfh2uKyNXkCnPS-xF0MEESQIDlyJO&q=Dr.+Sisir+Das+Reviews&sa=X&ved=2ahUKEwiN8fT0gYCOAxWXxjgGHbDnN30Q0bkNegQIHhAE&biw=1280&bih=551&dpr=1.5
jsc76et,https://www.google.com/search?sca_esv=bde474a155d49021&rlz=1C1ASUM_enIN733IN733&cs=1&sxsrf=AE3TifPKIGzfEYdiqyVdwc7t31FsPms52w:1750425638359&si=AMgyJEtREmoPL4P1I5IDCfuA8gybfVI2d5Uj7QMwYCZHKDZ-E12YH9GlMEq87cyq-kq6UgHgEUj-Nnl3CvClmK2ipJxoxCQyqlp9k_2F7GjOrkrfYweT425YbknHSMxzKASFH8WhLbyNes5DJiE5rJz9RFO7GZuoLiBYV69zDlMoG5dnzaviSBQ%3D&q=Dr+MD+SAMIM+REZA+SKIN+and+HAIR+CLINIC+Reviews&sa=X&ved=2ahUKEwi5hoXTi4COAxWvVmwGHUsWG0sQ0bkNegQIIhAD&biw=1280&bih=551&dpr=1.5
kte70gh,https://www.google.com/search?sca_esv=bde474a155d49021&rlz=1C1ASUM_enIN733IN733&cs=1&sxsrf=AHTn8zpBPrGF3o_SF1POvoj0nRghiIPA7g:1747811481632&si=APYL9bs7Hg2KMLB-4tSoTdxuOx8BdRvHbByC_AuVpNyh0x2KzeWFt1uN8h7z1FnndHAJrHueautIw_poGMbaV2_o27DPIEVCBD1JDDK44TmbOQ3kZ-j8Q2BFeRXJsiYKAIu44lCrX2SaUGG2HTH4JLCkee25HEwoUg%3D%3D&q=DEEP+MEDICAL+AGENCY+Reviews&sa=X&ved=2ahUKEwiL1fyTgbSNAxVG2DgGHREwL9UQ0bkNegQIGxAD&biw=1280&bih=585&dpr=1.5
fii02ro,https://www.google.com/search?sca_esv=bde474a155d49021&rlz=1C1ASUM_enIN733IN733&sxsrf=AHTn8zpSmyuzs161ebLGwz7KjFez0ui5Qg:1747207323387&q=subho+medecine+raiganj+reviews&uds=ABqPDvydgA-a-OW2w5cfHMei2nOQVWttDQh3GK7WZ24Ge0RRzalBUqiTYHgACNuR_2YQnaF88CVbE6VpIeVU-SGD6KaTcU42SkBlSlgrvNcuygXzBAXl2i50n64ziSl5w2JhfhDavp7W2dqyUp9tCewccoEh3Sn9wHExu1V40AnuoiuiaYN4XmeDWgc_8QOSjyr_f44pe2j_O-LANWCmG8JXGq_AkUfYn21bvBql_9zU_s2Y9TUdUKKO6hX9x2_EtOfDNYEk18clrW_vzWzl4YceLWCiwjwM3nFjmmZgtVLq7v9T4IwS6WcP9E664fdeyM1lzGuxA6Q9ZFlZ6ykvrKUfiGjV-wAUe2ENsMosZudJ4gFPmOxyQ2NPfK7UwaY8Du4SQzI4aZojn3YBMAFUwaN_Nm_UvtwRSA&si=APYL9bs7Hg2KMLB-4tSoTdxuOx8BdRvHbByC_AuVpNyh0x2KzUStjhHmprpSovD0VNP-Oi-Y_5qxiPqOU0NeXfVEI4TObyTQ94xfDuHcQKr9j7pMuTZqxIYU4L8RmKnUxE-Y-SkkmzZ-QyQR3tebdbYu4t0RQehYog%3D%3D&sa=X&ved=2ahUKEwic6u--tqKNAxWi-DgGHQdZGxYQk8gLegQIIxAB&ictx=1&stq=1&cs=1&lei=m0QkaNywF6Lx4-EPh7LtsAE#ebo=1
iip51yf,https://www.google.com/search?sca_esv=bde474a155d49021&rlz=1C1ASUM_enIN733IN733&sxsrf=AHTn8zrVb8kY6e2cxi0hmEg8hL7kJQTdmQ:1747207340544&q=banik+medical+balurghat+reviews&uds=ABqPDvzsrWSLy_Q55_KUtGDmSrE2A_OUefuzvEqiOq3hHnGZwTR1bK62pXsxF0qyImRMBY46t4Qs3Jj12bfiJB7zWacfVMW70gywRNIx9oQ21TlqlQwP5WTg4Du5DAkDh-Or_ZR5z1lTZgz6kKwyBqrqXIxr-Gp0O1RdjL1PCOT9chKkHiL9L0zgpVbvh_AGvi55M1X_3wqu2ikp7m_Dnlx1JxCbjFEijUnA5dzzw6no2gf79rlk3W-SE4Xnnqr7202MXinpxkcKHNLkygEQ3rS6kvWMV7h_wN8iZqi8PdC-n7ICziTvRbnoHE2Scw75FRqABFQ96jPXhoKjTVzRmxJyXgSHZkDyO3zGAvZOZ7sXKV4M0uW5qGQkRZ_6_mftb1IvX4DvXOKSEFobvboOuhQS10RWuOt0lg&si=APYL9bs7Hg2KMLB-4tSoTdxuOx8BdRvHbByC_AuVpNyh0x2KzYC2kvVp8yJEihtr7vq5KKgXb_3iXHZOLaRqecuRrIhNH4fbm2zxMfrd2j4r2OP2qjXnYIvus7mbYkqCnOVxXvmlsJJODJurMFubbEXkRyJZWJP6wA%3D%3D&sa=X&ved=2ahUKEwi1iYfHtqKNAxWv-zgGHdGbGEAQk8gLegQIIBAB&ictx=1&stq=1&cs=1&lei=rEQkaLWDIa_34-EP0bfigAQ#ebo=2
vrm50jd,https://www.google.com/search?rlz=1C1ASUM_enIN733IN733&sca_esv=bde474a155d49021&cs=0&sxsrf=AE3TifMPFpPeAaex1ZF09yeDduBFmoYpqg:1750430065621&si=AMgyJEtREmoPL4P1I5IDCfuA8gybfVI2d5Uj7QMwYCZHKDZ-E6mRkGLZdXUq4HXYxoxkttiLQWJh9uotxhzJuqfrtKibCn1X8vPRywMA0mRB_K9OGkA0IZUOoCLrem-TLNgFpnkZTDlqYq2lmePMph6TlE0SO27SNw%3D%3D&q=Raghunathpur+Diagnostic+Centre+Reviews&sa=X&ved=2ahUKEwjrzI-SnICOAxXOwjgGHdLYFqkQ0bkNegQIHRAD&biw=1280&bih=551&dpr=1.5
ldh15xj,https://www.google.com/search?sca_esv=f39d400fa25b1993&sxsrf=AE3TifPaEXLiTUWvSkwpU6PkwRvXjqNVqw:1750425365670&si=AMgyJEtREmoPL4P1I5IDCfuA8gybfVI2d5Uj7QMwYCZHKDZ-E865QNFy0YSeZsSrezgVsbbylODHwS8813jTpmaBHUw79PQyJdyc58hQhbGgknxwBRBH0m3s14iqBiOSKsAC1q9NJ4dk_7iQEHvM3aLh8Hw9w8XXHZQYSi3e3aK8vMCVqOLCgUg%3D&q=Dr+Biswanath+Banerjee+%28MD%29Dermatology+Reviews&sa=X&ved=2ahUKEwjgtYHRioCOAxUPSGcHHWEyMmkQ0bkNegQILBAC&biw=1280&bih=551&dpr=1.5
alf05rv,https://www.google.com/search?sca_esv=bde474a155d49021&rlz=1C1ASUM_enIN733IN733&sxsrf=AE3TifPXFbwuttzLD2VzuQvy6jBTJ58urA:1750425181757&si=AMgyJEtREmoPL4P1I5IDCfuA8gybfVI2d5Uj7QMwYCZHKDZ-E2QPhdUUnp3KEZQ526LbG4JJC2Ado8oJZNWxVMySOGEZQ9NM0kMNgIShx-JJ-Z1WfzXoZiI87cxBfs4lqz4pATKbJemfnOQcdSpUQfazm4nMbafu9w%3D%3D&q=SHREEKRISHNA+PHARMACY+Reviews&sa=X&ved=2ahUKEwj0qKj5iYCOAxWBxDgGHSRQEZwQ0bkNegQIIRAD&biw=1422&bih=650&dpr=1.35
ufa45at,https://www.google.com/search?sca_esv=bde474a155d49021&rlz=1C1ASUM_enIN733IN733&sxsrf=AE3TifO7eGkHboBzYTAR04t1jSfmHZBWPg:1750420092031&si=AMgyJEtREmoPL4P1I5IDCfuA8gybfVI2d5Uj7QMwYCZHKDZ-E0TisTvBN0lO7HtCZuESJhdt_v2Dh5poJ4tPp1fS06AxRXCLGJnQ9dwQ7Dd--P6Bf6c9Au6zscsHSlTL4ygPrGCf6R3XiSOrgXBQQxTFPuWWAtecdw%3D%3D&q=Dr+Tanusree+Sarkar+Reviews&sa=X&ved=2ahUKEwjOgqz-9v-NAxVY1TgGHbRNLOoQ0bkNegQIHBAD&biw=1422&bih=650&dpr=1.35
tgo48kn,https://www.google.com/search?sca_esv=bde474a155d49021&rlz=1C1ASUM_enIN733IN733&sxsrf=AHTn8zqyzyTj_EI9xkwDqaPmj1nSJXRoPA:1747812820624&si=APYL9bs7Hg2KMLB-4tSoTdxuOx8BdRvHbByC_AuVpNyh0x2KzSpnwzoYdV86VYmHNLoE1U4B8HdoJgsdbZBFegsQDSMPfJSQrthnctAVnkmAazkQXvqUwnd0QBtaoFKU4TftGLvG2PCj1Mj9GCj4-9FLQpouzkKBTTiYDS-O2-XLINwEOGaggaM%3D&q=Rampurhat+Government+Medical+College+%26+Hospital+Reviews&sa=X&ved=2ahUKEwiTsLqShrSNAxVmiq8BHcvMKBkQ0bkNegQIJxAE&biw=1280&bih=585&dpr=1.5
gnv29fv,https://www.google.com/search?sca_esv=bde474a155d49021&rlz=1C1ASUM_enIN733IN733&sxsrf=AE3TifNcRAX1WozJvTfh61G5UpC4CyF-6g:1750428905061&si=AMgyJEtREmoPL4P1I5IDCfuA8gybfVI2d5Uj7QMwYCZHKDZ-E7xfGG9pLs8TVLe2vdIyWNBOecXT8_vYbW2_q9HfEjLt4CPoJjAoitcPuVrndGyRJXFnIDF84dPP0_Kvsdlpp2miLsxIhru1fQr_x2QTwy_lch4RN6drRte8D28XdrkYDM3xuBg%3D&q=Rampurhat+Government+Medical+College+%26+Hospital+Reviews&sa=X&ved=2ahUKEwio29zol4COAxVRTGwGHTyTKPAQ0bkNegQIIhAE&biw=1280&bih=551&dpr=1.5
vxd15li,"https://www.google.com/search?sca_esv=4e469c944832bccb&hl=en-IN&sxsrf=AHTn8zqsvyUVlHQJCBHd7X04oNh2OsFyDw:1747207648131&q=dermatologist+:swati+worah+:+lake+garden+:+laser+hair+reduction,+acne+scar,+pigmentation,+hair+fall,+prp+treatment+kolkata+reviews&uds=ABqPDvzffMpDx_4xtHR16w-xUCw5xhqvmpiF_YXW_7QXsSLLLSisJuxxQTY23YdAB_MLuQlFDjF4eVlOhOFQ68zesvr3eafYHzQUIQFRjcEECdoKM_LK00SrMvLYdhz4dBot3bdb-xPqMdixtmwT7ENJl8wXAsthh13JfU0_k-oNNsUbdQDRSMwpKutvWz7YTocmpcxowW79xz0Am1-eC2QLt1lNrXd_X1-mRkqLy7vkutd0ZdE1t0HkzA61GFWGSljRU1cwVr-YqNHDPXuvcdP7yWQ2ylNdrUAXknH-sVR7E9AhnZs9DHjcsAg6k15_LRi-uZ3_TWvnFZoPSy5x0j6I3pPyYQp8FdKDa1CIaRWh7x4U_qju9nbDtyHCeLgrscSamZkCgVyonRXVGtZq6rTWyxFTva5x_AUdKoChH4HKTMoWuvA52tMnSK0vujeZJLQszqFW-7JLeUhPSuK8bzP1wGkwn1bFBcN4ocoCrizNiehDsnoAs4OGzzGgQB8Yvp3EpHn1qawDlgdAfmpXmFvkVg-8lOFpXA&si=APYL9bs7Hg2KMLB-4tSoTdxuOx8BdRvHbByC_AuVpNyh0x2KzWaJMBCfnb2TWNlGLirJF2JgyZRWde3xxLSOQvMhoYwSEB_Q0j7X2zhVNONsQLOquAgTfiROTYRO0W08Nxtvo0sp57M4fzYuPZV8cbwogFT4XfpzG4CLL6Y3CLvYdCKRqVALzPtwaLbVMxkYDNNL8QDkJ7Q6lsjL--AihXl0nwFGd__U3pBNU4tn5C0dsxdEW2iBf19XiXqzoXco-LRHsGnBG5gWtsjl9QeRuYzPF7ACtfuDiA%3D%3D&sa=X&ved=2ahUKEwjp19zZt6KNAxUHRWcHHejXFU4Qk8gLegQIIBAB&ictx=1&stq=1&cs=1&lei=4EUkaOnnB4eKnesP6K_X8AQ#ebo=1"
mff01cu,https://www.google.com/search?client=ms-android-vivo-rvo2&sca_esv=f3ee5f9766b93e39&hl=en-US&cs=1&sxsrf=AE3TifOY2P4CY4wiZnkS1NAeF50ZumuC1w:1750404165827&si=AMgyJEvkVjFQtirYNBhM3ZJIRTaSJ6PxY6y1_6WZHGInbzDnMd45XUlFNo5WFHmJzShTLe-kfuz_Y6e2ujQaCbsUN98kWTIpZOloaiueD2Qg8ouiL6OTaaDT4LwmP-mXoa5JPKW-cqWEALqZk08Onp1ZuF8pc_XxXw%3D%3D&q=Emergency+Medical+Reviews&sa=X&ved=2ahUKEwjrzpHUu_-NAxXp7zgGHRV0JioQ0bkNegQIHBAD&biw=1280&bih=551&dpr=1.5
fnq99sa,"https://www.google.com/search?sca_esv=4e469c944832bccb&hl=en-IN&cs=1&sxsrf=AE3TifMZXBPhnjg815A1DZRTjC3gF04uSQ:1750428709653&si=AMgyJEtREmoPL4P1I5IDCfuA8gybfVI2d5Uj7QMwYCZHKDZ-E3_dypyEargH4ChPINw0VhqDTOaBinevYSYJU1Rj8qm580ucdphpR3-L1hgK4RMxFLOyA5jni2KlANnG-z9td-eyv_7VsRyEjbXOlpfx2m2rfopzB19LPKNaEbY9Ow8MCsQHahafcXLBGZ-cL6lJ4CWR1wsbGnD09UfjnsA3xyDIBbmLqg%3D%3D&q=Dr.+Surabhi+Sharma,+7%2B+yrs+of+exp.+%7C+Best+Dermatologist+in+Kolkata+Reviews&sa=X&ved=2ahUKEwjM_MWLl4COAxXDSWwGHee_E8UQ0bkNegQINhAE&biw=1280&bih=551&dpr=1.5"
pjp12nm,"https://www.google.com/search?sca_esv=4e469c944832bccb&hl=en-IN&sxsrf=AHTn8zq4umsq2-5_h9SIHz_dJI4Ue_u-RQ:1747207724186&q=dr.+fatema+zinna,+horizon+life+line+hospital+kolkata+reviews&uds=ABqPDvwT1fIwYah5MoOaNwnWidW8t5n0zpjdRz37uEVFINOu2KExIMuHc1pbqcp76dfswZax5CZ_yPg3sZ_Jz_6sZw3qL_nuSnwria2ZBNYnFfFs6ydWyo_FZ7cnRy6qHRglE3UoIW5-_3oR_1nn7vxNt5ArDfX5CyHXdkx7shDc3rJioks4sdgg2BH1n35paSxw7Z39g74VvTqj0eIB1UshQgR6_wt45p0GE2uc8-UIE8cNEgAN16sOofkBm8LNot2-6x7bRWpZGg70D2HBNcu-P0J2hAgRWDLko0LR07nDGWh5fCxlUxVZEgXWU6Z1ItYmKYz7OzpKL4kePs-uXB50bthmiBm4WZafuiF5n4thAdPlv3b7VzaRVnCWpxp910z-vgkHuksYAA5FPnjRAug8u4TOGdwuQpDzfBYIfXypUv6qzd8yVGJBsVgIjiE6Ru_Ay5nU47mc&si=APYL9bs7Hg2KMLB-4tSoTdxuOx8BdRvHbByC_AuVpNyh0x2KzXKe-SblYfLqPSK1tUwD5bkP2fKG67pcbwJyEkOpGmOguxB_A8U_RTBMhdKAsbMgSNDPUGB6jFXKBKOS8LzIlJOXkniL3Jtk22UbnnHf1xSIjV2dSosiARzxalpODr3M2IgLq4KuEDTM3Uads9sKSzMgQBg9&sa=X&ved=2ahUKEwia1f79t6KNAxVNe2wGHRg_G4AQk8gLegQIIBAB&ictx=1&stq=1&cs=1&lei=LEYkaJqPC832seMPmP7sgAg#ebo=1"
mce69as,https://www.google.com/search?rlz=1C1SQJL_enIN1004IN1004&sca_esv=cff81f964af1e5d4&sxsrf=AHTn8zodW2bJSV2Ksx_dBnxj7KpL9ZwnaA:1747207743809&q=dr.+mustaqeem+farooqui+reviews&uds=ABqPDvyaOIshE4r3CfHzjKpPnFnymkkktVXg_Y5Rid2Ud7lonzYH_oPptd7KHgpCs3wtRU5cZgAxJAkASGVJUIiK0bknYl3qGjiVrWBeQF86tuD3pr_aw4X78Gy8E9ViEWjIQFA0qfKpRkmuc4uCgLmoiKyVI9lVNle9svbj6EDF0g19SVEeSAmS6OqMnM2k5wAyEFPQgQeZqJjuB1S0Lge1EV6Im44vZWnK-VwC8xyMu4eg4oTv9Kuh54JMmk0zQoP4VCHN-hE6evk9pge231bNjNmcW23IE0pgs6xWkt-6X6E5mCaWNHItE05xtnDM4p_70Y2f9Ivevq20pdnL2YuJhKfhlx1Hz3_CMEQ0YNbP8abTmt2ZBiLTuzpmqabmAnWN5rCljwiskjl2Wi7K7mPFR3weO8PcSsoVpqI6bfJa1CCIOxH8yRqH5AjDrQMTaRKMpFwCXE_K2AyxEoyYRmD6QqM6v9NwhpYiKpUnNUrAxXGF3notqHkHZeIXhPK0orrry9O8WCI7rIpM6g3v2ktWyp9p-nfROWvBv3tdvjLq6bJRC6xssxmXw6c1kN0VvJaJSyLHDxtJ&si=APYL9bs7Hg2KMLB-4tSoTdxuOx8BdRvHbByC_AuVpNyh0x2KzTtV517bdKY4K1CA8dEKtM4mEhzEhGcxYLGHosjjRrAtqkLXX_0t1hzLILFprqtWHtHAxopXcsP_3JYpxiu73BebHDuwEWVaUARuV5QdLYof3XfyfA%3D%3D&sa=X&ved=2ahUKEwj3tayHuKKNAxXPSmwGHawgDkgQk8gLegQIJhAB&ictx=1&stq=1&cs=0&lei=P0YkaLeaMc-VseMPrMG4wAQ#ebo=1
gtb36ym,https://www.google.com/search?sca_esv=bd578a49708ea9c5&rlz=1C1CHBD_enIN940IN943&cs=0&sxsrf=AHTn8zrCPRPc78Gs9hd6HCP7jPCWxpOGyQ:1747208363455&q=dr.+amlan+shome+-+dermacare+reviews&uds=ABqPDvwKmXaXArnXF5HrgvM3IAO_Fqsqw5WCO_04iwlEYJQ8AOdds-wQQD5Z_L1xzwkZTzsBnQ_lSaYEZje2iZjzbdF5yoOfzVJh220F34WxOsvz61JerHsWgnslm-Bf8RDDu6EMw-CXZv89UoksA9qPmC5M3yFe7qXc3C1GMTtI6p-Ud0w-Y0LZnfz0l0apvm5ZG-o1ML3Y5iHzIov53DGE6brEOCXc_IuMfdLhYXoM41tmZxgPiye3swpRYi8YT7bl36NFeGwbhOjjGHKH8-hQrW0wWuIiPB12Zksy6TbhLIa8zE3SMMsqHRgSvX19NDHVq1AuHsQOPl7ncqk5X2bl962OISn5NyUAMhZktmK7vdJPaLITJyZBCNTCI85_0IMp3uWVMehn2aP-Ebok-mCQKNWjVct1Eg&si=APYL9bs7Hg2KMLB-4tSoTdxuOx8BdRvHbByC_AuVpNyh0x2KzVlEk-_JiLFPjMiI2lEcgJ-2tI-gExnSAVN9khbarmD6TqR6YRbP-lKDyfGRbCFpuiqiOqxbnURnCF1Aw_68aMT1aK3qKtFOeo70nta2dBwy2wQrDg%3D%3D&sa=X&ved=2ahUKEwivz-iuuqKNAxXJRWcHHeE3FO4Qk8gLegQIIBAB&ictx=1
pot88gu,https://www.google.com/search?sca_esv=57c748a706401e0d&rlz=1C1CHBD_enIN940IN943&sxsrf=AHTn8zrn10Ap3ywPca2ZSAAefgt1RF0lFw:1747208379913&q=dr.+abhishek+prakash+-+best+dermatologist+in+ranchi+-+prakash+skin+and+hair+clinic+%7C+best+skin+doctor+in+ranchi+reviews&uds=ABqPDvwm6jCyxSRrESiJgXqptyNPbLl1zZJBhpimV7COC4M-tZMgUf40xRN2tpe0NyMxKBWSCcK0mNh20qu1YBo9TBjcoWGS3zlP-4oyjtvLxpGrk_y3GK8qdgDUw9n-Jke3IJIODIbtaIhwnLzFlsNFzXMaKLltnoyv7G9MJ30gWN01SaJsETSOErfSTR3FbaCJYkuwlzpnqNmtIy05zBhyfi-wgHgnKlBtKknQ5PBBh2GKza-fXh8Tx4qCUX8MyP8GZwwwqW3uiBd5uSjqfET4uMTZ0RxlXxrwmqKQsItgY0GqPfTUF_OPHseb6oCIdiAnZvY20AoM882ytCDze4WqUbz8DwIwmFqjqfamQO4GV7o-kNZLk-0VAX5JVh6opblY4wXyQPz_klFKwedw5fVxt77_q5n2bdND_pERwqzInbOMtvEv5Ej9JUrvyORiVpuH8Cfst93Z0W3s4AX9pL33yEHXHDePZPLzGJS3bts6A0nRz5ccf41-JlbpABWJd0mk1AVUkuIQuBSH7MRVpdeOLuyCsDHOUS5e_7oYZE24zqtBVUoQE6O4QDk5FMv3QslF4lhdyv8O3aHI7-IWTKvNtAlTbCNjhRu9tSQf1u7Grx1iTfCvPeu0V2Sg9jQl1r1jOpfjbf_FMZxqGsNZfLfOyzTQi_GQvIoZTT3j61MgyJtFubbzT04&si=APYL9bs7Hg2KMLB-4tSoTdxuOx8BdRvHbByC_AuVpNyh0x2KzUIH_L5tIQoHH1pb0R8EprTh50gzOhabas3SfLY5R3AI0cbJZzUYLFFcsVeRscS03EF0GhkT8Ux6CjDX75OzTx7qpIx-iFE4YGn1QvsRywpS1YGB64Yp6L1pTy8VJ60BTCNoRx7vbN4v6ugXwuoRB1YreK0Gc4YQqw-_clZCJE6Aa_Ru0_h2nHI-nWgiaNqRnK_yltEXwIifyXr9l8W6ZcI-nrK5&sa=X&ved=2ahUKEwjfidW2uqKNAxV2a2wGHb9rE4AQk8gLegQIJRAB&ictx=1#ebo=1
efh97ae,https://www.google.com/search?sca_esv=57c748a706401e0d&rlz=1C1CHBD_enIN940IN943&sxsrf=AHTn8zoCphdlK1CiQFBrz9RXQ8R_POyBHg:1747208396967&q=skin+bliss+clinic-+dr+neha+rani+reviews&uds=ABqPDvwW7U8rRaw5gouu6tQSi2IuWupuYVKxAa6zgU5XDk7z6oEJHaOV1RdkMwXe_6a9d6DWqHEilu_90J4URPuyF4aDLqoOCYYD_d4f8R1ayaUcSViVtsmIUM-oMNBkNay7X02KJVtHcdsgwLK3TNesmb5NIcsGCH5gyaxvy_nrvO-uJ9Q-j3E7upD-83X24VmiydO5jvGxPPxMMgoK0Std4w_J6QtwvuN_XktQYsfuS4edqQBnguULN81cQGuJDm6134I6RqeB1S3HgAXjPq37aWJD55M1lgsaWfTdCfNJcDkEHLegZ-ztviwVydvJqdC3qaB9TTpx-MvRjqIFLAz-tkySulhmRKn-VR3iImd9J7DWnw_QOVwahTnCvEYpVheQ-ergRdvtzob4NmlRmS92opYeVizIUDUAD9A-nPBfIL4BJBvXqBp9CP-YdzVyVJkW10eHliYz5-NdtUdaiAx1Q42LHfVW9d6O48aYUz_jmSJder5LiVWwG7BtYQLVqb-51MP4W1wBEUsoEQYexVYxGjBd2_P1juGQmUH1Gayqne65K_R8C6KuaZLCrw5UeeAbR72yCrQrTXm8URBnlBTyouenBC-jQw&si=APYL9bs7Hg2KMLB-4tSoTdxuOx8BdRvHbByC_AuVpNyh0x2KzVem9LYRjg4mGyGGz65oG0ISODlS7duJl1ja1xvNpCdI7v-mi2azAP9p5-iGDksqJ4GG6WfViW_kYRGayywo_iI62-aDHo3x4jA-nYsS2iRwD63n8g%3D%3D&sa=X&ved=2ahUKEwiV_uW-uqKNAxWfXGwGHWRfEVMQk8gLegQIJRAB&ictx=1&stq=1&cs=1&lei=zEgkaJXoOp-5seMP5L7FmAU#ebo=1
lmv95gz,https://www.google.com/search?sca_esv=57c748a706401e0d&rlz=1C1CHBD_enIN940IN943&sxsrf=AHTn8zqxTbKTQiGnZjgYEWoDTqrO8a1iKA:1747208418691&q=aadya+medical+hall+reviews&uds=ABqPDvz7_2JvUSQSOCs2Nd7SFrcfFx7dXq6WlmyqC-zm1zsZQHIy1NSiiXBY06zVfUiRjnlUhWhR_JuIzY755Xr_5cCFuznoKonSLrh06G4pMFBN5MUzHNR81gzJQxv6UMwwSRZQNHVyPKt_0CWY9wZqozAvh9u3IFyISDtUHTPGKCXPnfJM9i6kNU-OBxy9qIY8nSSul4COT7I9hlD4dMr2sy6_F2Jm_bYf68cZk1wYmmnrUu11GgDagAt8P-IOWEYVgXCpeEQiG4qWXoSaggNF6GIu9CtnL3cOH6o58J7tr_o8BeApx0IdzePzEdnYw_bxgTObssLjpJhjH0B_3MIOYJMIduJujBWosL0eUaSo6eni8mpRSsl25NScFwf9JleYUCE570BT&si=APYL9bs7Hg2KMLB-4tSoTdxuOx8BdRvHbByC_AuVpNyh0x2KzWiwEZ4apZnMc81Vd5f5Le0w_KhW5yv5_lV1Sy7DxpcojyQEoi611rJDizGVrJ5kLZOGSyAHXsUBmUTc12y27kk9w4lyzWl9-zA2xOjzsxzzw-p0nQ%3D%3D&sa=X&ved=2ahUKEwjj8ZPJuqKNAxVpXWwGHan6MUwQk8gLegQIIhAB&ictx=1&stq=1&cs=1&lei=4kgkaOP4Kem6seMPqfXH4QQ#ebo=1
red94ri,https://www.google.com/search?sca_esv=57c748a706401e0d&rlz=1C1CHBD_enIN940IN943&cs=1&sxsrf=AHTn8zrvPpQ6FQpkUvySAyl9De-GAJDpIw:1747208531819&q=warsi+medical+thana+reviews&uds=ABqPDvw20YKL_5_TM0qVuigRcgt1fALWnIypRbDjCqST2OJOuAbJ4HOLYlcUo4b7bDD5dWKVGdbZOZbQaA8a6abSU5UncVNnr7ceTM7Nf_Hm3Y7HbJ8BhMT5OrkPa38JN6HcSINYLBv8HnXQQYNV_x9Ytl-7vLAhyJnSoNaqP63ovqayk8WDb9vE8J1YFK1AikC-x1vuLYHi_ari1VbSt-JjuDJZ8zbhSd8lWKrqTqwUHsZL27iCf5zt49gdQti50sV-0iTWngLOU5GltwFTmx96ZqYjQiQoX-6zwpfirk18XlaZasVccOzlGhRwxHiuYW7rH-KDh_WOYCPF0lrVn9gTdwxIlrVBqJ5mPslspfXiixX4CeLyPiGAvgaifZfX7BPfTNK1uztC&si=APYL9bs7Hg2KMLB-4tSoTdxuOx8BdRvHbByC_AuVpNyh0x2KzWGmyWOMUdKiw8FHZBjRCMXTu0xCnYys__YPbDgu5fzh8uHKzlNhiNKBcJinGfeb5lz0zFHvEvRqu0NoOCbFJPee-xJFAcNwIlPlgPl5DZaTa0b41Q%3D%3D&sa=X&ved=2ahUKEwid1oz_uqKNAxXHTWwGHRdXHmsQk8gLegQIIhAB&ictx=1#ebo=1
zrm44sk,https://www.google.com/search?sca_esv=57c748a706401e0d&rlz=1C1CHBD_enIN940IN943&sxsrf=AHTn8zpg28ca3E94e6R-IPk6VBDueSTW6A:1747208553343&q=dr+pallavi+jamshedpur+reviews&uds=ABqPDvwsmdI51gyeMJZBX_kwEwyozxlxGcK9sFhqKeaAScW9Hr2kiKFeVCPhGNDjZuVOMp0vF89gjtQAuUqEnODzmg9aK_kpPAGxrzJskb2ankGACze0oQPGrN158qzhrPF60jU5RNbFsID5KMt-p8nBIm6KMh8dJQt8bR8d6qmarDSARHYCXh3eE0NVSdlkqrisP2I8cll9kfWzbSZWqVC2ITpY5Cs4km7oMpBSNF1cZwCg6oKwl2uykVzyE6i_RIQ1PGIEIFjNVVqCI9N-J2Ova3HsFIkGH8hKGNtg0c4RW5iVunXihhNgpw_5pfE9PpUatuOiHl8MJ2HxKCAslYB2uwI8L4H__GiqhzzAjJ4jpEy2s8ElMUIBlb9ENA4hOPhhEG6l-cyVMeD1WdySmnjQzRMgka_5Ur3eRJOQfSuu2m5w4h85ooW7BOCFICsZp1XoB68EgWN8enOSCsduL7haHvx-1kKLVJIoyeSF_fryyAgxmaO7iD-N1QNXP1YSmcXC0opD1-BTEB6F3d2K8zxximpmBwkYDvhZ76wXlXGA3L-OIVgNCyOv0feLxqKMqIbnwBohyJyB&si=APYL9bs7Hg2KMLB-4tSoTdxuOx8BdRvHbByC_AuVpNyh0x2KzQBDXl0EFTLnFzkpeMf4EvWe_mvYtKWqv3qoTRg5K4JuYagDTfbWwFEHDnQ7TzirtlNekZo8uui-IZGa2FCZ9w04Gcsv-QQJpyqwJdCKumZtEKGjZA%3D%3D&sa=X&ved=2ahUKEwiltK6Ju6KNAxVJXGwGHeOqJZMQk8gLegQIJBAB&ictx=1&stq=1&cs=1&lei=aUkkaOXbFMm4seMP49WWmQk#ebo=1
kzx81qy,https://www.google.com/search?sca_esv=57c748a706401e0d&rlz=1C1CHBD_enIN940IN943&sxsrf=AHTn8zqQyEUCGNfNwMU3Z_AUGJvN22LiLA:1747208612771&q=carderm+clinic+reviews&uds=ABqPDvy4bSBXZcQt3Y3G9bp3RpuyIKVdW4HNx9dShxHOE7EDMXR66lrJ6GXQVAFF4AFdo7U8F1F17-Cw6vsc6DQYg6-TFCRE5KONApznvFRvJnz_QmjvoDVa18LIhXrGSsaaORXBKoF7_g08qenY1W3_zBsGSExVMyn3W3T4gc3yQgW-WPddM2Rz5yGYy7RgDceP9A7OvK7jY_JzPckrkN1MtPvvpMmKBNum5mDp9Al7MhmAFW_01QeDu9blyVtBNxe-vkxemKLqsJB0KEhXQbz8sEs6D9sJ1BUOzQshLSq9n9j_RCMOP6crFDgdPRp2x-mOij4NgOoOMaLQabzW-mQ5IJo1VR9ACDwHMClzIY7nyxYPuE3VMUtQihiCKJEAuqVmFnQFeDzlLgzJGqPIBDDaIU7pZe-gwTLAuULQ7Eu80WPoH9cd5I4JIpk0JjaarflmNtM6dotNjkZTi4qg4IzL_GK4alaHHw&si=APYL9bs7Hg2KMLB-4tSoTdxuOx8BdRvHbByC_AuVpNyh0x2KzTTpTSs_KdJzDfeBsD3w-dxfeaB14wrG9ibf2GhYsV_PIrMIqWZ9jTzEEH1VID3VtmNUQALmOtOj-xgetcT6hTs9TH5t&sa=X&ved=2ahUKEwjR1Nmlu6KNAxW_RmcHHUtNFowQk8gLegQIIxAB&ictx=1&stq=1&cs=1&lei=pEkkaNHyLr-NnesPy5rZ4Ag#ebo=1
cto35cy,https://www.google.com/search?sca_esv=57c748a706401e0d&rlz=1C1CHBD_enIN940IN943&sxsrf=AHTn8zoWC1KJRRcLvs5UTNszSZQBxnYNkA:1747208860796&q=dr+s+k+mandal+m.d.+skin+vd+leprosy+patna+(hair+and+skin+specialist)+reviews&uds=ABqPDvx3uVqbUR3eFbnr06iOXICTBuQtDtdyGlBMh9OJGCK-9GlO-Phsnq8TzqyLVG2lPjijONjGBa_fLgKdYDY8S_aU65IYIAXEGolIgibhLMI2kHsHpsSsCsV6nDHMRt6j1Zk0X4yuDHwaD2DSp8DEScutwFpB3dmjPFzAMUY2-mFS7hjftMHsOHjwlYZ8OKsPOjLqle6gsXmllvgQ058DBlb7_oD7XxqnAqIjNSqgMWznSGb6MheZlev14yd80FY4FMZtWa78_s4_jcjK4OYKZoiudALHUA9qF6FKdWYqptv5wWO-CBQKKPnL9GqFqbix2bT8BYE7_PjvcYZybPxiHpvpSKEIG30OYEgQxD1PKQd7fcfHm52ZPOUmDWgBmk6EYKRL1rgcu2KiTKPDd_iiWjIRaEIM2_DWNfpD22JmTVNLUb42Kd-PZhEPCMy9Y0ldSDE-PMecbuHOvevDtOHPNi-okIecpA&si=APYL9bs7Hg2KMLB-4tSoTdxuOx8BdRvHbByC_AuVpNyh0x2KzWDmkku-KWX5v_ZXjDMUSHsUDqdlGq-Xd4B-2ruZ-YFHfg21I2himJIpl3afeC-ZCVXLC8UslNmyLhW--48uEqYzqz0njr5af3e17eNVtT61QuEhKRGdvUims0gNCIoeakLmL-cAEW2Og4GyiK6Kw7psbU1cEsqvVM69Vf_fzl37acyalw%3D%3D&sa=X&ved=2ahUKEwiS9fubvKKNAxXpUGwGHa_XGKYQk8gLegQIIBAB&ictx=1&stq=1&cs=1&lei=nEokaJK3MOmhseMPr6_jsAo#ebo=1
zxm41od,https://www.google.com/search?sca_esv=57c748a706401e0d&rlz=1C1CHBD_enIN940IN943&sxsrf=AHTn8zpwBjBgOxGqsYAwBOMkjtpWZoXb5w:1747208879131&q=dr+dolly+singh+reviews&uds=ABqPDvzGKNyYFE1Qij9iykNkuplamu2uBVCn_o_GpdsuJthTGTu2cEx-9KrwIGzs6IhhIi5dnYHnmLenPrysNbWhoB3aIrS3WdUrPp7Ztta0-frJ0rq6cFjYJwiMRJUNjoxktowfE43FQNQt_jWojY7v69rZFfW5HUi941WFTm-o9pGxHaGB9_8jtbE6PWTRtI8m4KUMdOQB0yqvw2XrjSPVs1QbT81imlYWjtanM3PmH41tva4H8nAU16gYrO4oaT03jDSxZncC1fqFmLA1CrdgQdEgnFVKaRZTGUcvVmdBvAcZLmI8I-2TnZZhzzXVHsM52RXEfaNUkq2EEqod8a8iqEsji8F6lkDjxu7A4qPDwur1mDklaaOftuwOtKKERq9yd-KxvVLO&si=APYL9bs7Hg2KMLB-4tSoTdxuOx8BdRvHbByC_AuVpNyh0x2KzTXhfFL9YGSRXsthqVyfXHuZZOXUldviZqIvA_er6KKa-5zPrvdkQBHgK7VuCsr0oP2uCD6pKIDA77zNycMdEdaHEUN4&sa=X&ved=2ahUKEwjy_dqkvKKNAxXWUGwGHffAELAQk8gLegQIIBAB&ictx=1#ebo=2
ntw83ke,https://www.google.com/search?sca_esv=57c748a706401e0d&rlz=1C1CHBD_enIN940IN943&sxsrf=AHTn8zpuChv_iCr5ILirLNErZhbxWnYFcg:1747208902632&q=dr.+subir+chaudhary+reviews&uds=ABqPDvw20YKL_5_TM0qVuigRcgt1t8p4rBU9CHaTUKvYd2umNJ_XpX8qMgqUlJFs8P9xQ9B1DG9FUM1CaDxonIWJH0ufbj6Tg7P_szQvmBO60QzYbVobe-d1CIOgzSZzHU2I4wWMiO2JyeGI5CLHpAUTjdS4A1wEXLCzKdKnSfPI5IMpqaJp4Tu4ueYIM44CQfevhokcvw2v_WCOMCoEi7UUybhF5oaeEmLTGOE8YxrvducSSkHBsIgygB9N2rvtXn_DvzfqLFMY_qPum2UrXapbacHSCwkjz9OcAEQfhtlul1voolYd9UFjIYzSlztqWh5TPKq_aOnQyJl_Oi_J94pCA0J-4fxPqhaeghxgvr7G8d4AJfYrnzRfCOPv2GL_1rR7yyt53n5K&si=APYL9bs7Hg2KMLB-4tSoTdxuOx8BdRvHbByC_AuVpNyh0x2KzTn0zNlYuZHGtuh0WzwLfWz5dZSU-yoZftfpO80SntMklJ1ZXUy0NKXLeslMvWejJwUu-BLljDQ0rc7Z5vEc0ei1Q9Ru0R69NlzGpNRIpusotFHlXw%3D%3D&sa=X&ved=2ahUKEwjBrvWvvKKNAxVCQ2cHHQeXGnsQk8gLegQIIhAB&ictx=1&stq=1&cs=1&lei=xkokaMGzJsKGnesPh67q2Ac#ebo=1
skf52qe,https://www.google.com/search?sca_esv=57c748a706401e0d&rlz=1C1CHBD_enIN940IN943&sxsrf=AHTn8zoewEcRz0anhj5tzbigrKlKIQVV8w:1747822512929&si=APYL9bs7Hg2KMLB-4tSoTdxuOx8BdRvHbByC_AuVpNyh0x2KzXitWcMROVUh9oglUvuvNttT0PNm0PtZ6Ve6BK9OLcACzkZz-O52UOA1kDqsrhj0yBwSVY0fhOq77C0ctRpRXk4J-Jjkd8yMo5QHvmTJhm9NVL7YaR4H_ilrhlACO5B8dXNZtfQ%3D&q=Skin+%26+Smile+Laser+%26+Dental+Clinic+Reviews&sa=X&ved=2ahUKEwjA1o2gqrSNAxVskK8BHbV_Iz4Q0bkNegQIHRAD&biw=1280&bih=585&dpr=1.5
myd10fq,https://www.google.com/search?client=ms-android-motorola-rvo3&sca_esv=db94c43514cdc207&hl=en-IN&cs=1&sxsrf=AHTn8zo0r2u5ckcGaBB5x9kMJIvPSu84rg:1747208949155&q=dr.+ganga+prasad+reviews&uds=ABqPDvxO-_MrqVUTz5RREd2TXpoWD2FCr1Euv4wdFAiu7qOaIF_0OyZx6LaEMqGmuhmcpoH70n8apeMdOg71cn4mhYEsc-OFEiw6BaAsfKUDIb4_i9a8f-ApFkEpp7dfyGLPjsi4T8iu-qRQdV1Q77q9E2A-_oH69KQsKe9lffcFhgmzYraHccTCxWpiN2yKsOqan2_aKRci-yP0DZ7RIfpoZSRJvuDy2OGlOKcxL57j8MhcJZAhgpjrWTf8VkFTH9AoV12su22EGEvp4L27mJSvzh4uc8eMAD3Ei7ajOwdnjH-fq6IS2jqR7Vj5OS6PnJAqqOlGZfChL3Y_7zD-amKeCKLJbEVRpG8RY4GZJalyLIgo8TvRHKBBvWR7DzuRB9vqN5CpLJjR&si=APYL9bs7Hg2KMLB-4tSoTdxuOx8BdRvHbByC_AuVpNyh0x2KzXRDounqie24n4bgz4nBLQG2otNE-00NqRnMUvhuzKI5mJc-hnzoy_N_G-pQiLQhKENkN2Pz6J83DMd3puCX59QjxqveoN4qzfS6qvkKdpqGZ-d-KQ%3D%3D&sa=X&ved=2ahUKEwjP6YzGvKKNAxXfSGcHHYgTDikQk8gLegQIHhAB&ictx=1#ebo=1
hsb39ir,https://www.google.com/search?sca_esv=7b3c1abe80065397&sxsrf=AHTn8zrUTNMuE10yet0jFme7pFZmD6XtLQ:1747822723093&si=APYL9bs7Hg2KMLB-4tSoTdxuOx8BdRvHbByC_AuVpNyh0x2KzRvHJ1zedezlttMwiQzHAMQDpSHO42kjtstiHI_zelEIkmrGuAwE9L0HB4_HC1BIe9oMFE405n8C-S6-rD4yweEs9pUa&q=Dr+Anita+Rath+Reviews&sa=X&ved=2ahUKEwjZiamEq7SNAxU1oK8BHSgTCuAQ0bkNegQIKBAE&biw=1280&bih=585&dpr=1.5
huv89fh,https://www.google.com/search?sca_esv=bde474a155d49021&rlz=1C1ASUM_enIN733IN733&cs=1&sxsrf=AE3TifNz7ftnXkB4yRbJCow7TE4Q_jSTTw:1750424636990&si=AMgyJEtREmoPL4P1I5IDCfuA8gybfVI2d5Uj7QMwYCZHKDZ-E-qdpllTBVgGpD5caenk9KloDfOQj9G8bnfHQ3ds0craYNKuDsdNWfY6o70CsgM78UT07Mu7DUWmUcInb5VlIASRKi3x&q=Dr+R.K.Panda+Reviews&sa=X&ved=2ahUKEwi1rMb1h4COAxXF4zgGHRjWMm8Q0bkNegQIMRAD&biw=1707&bih=735&dpr=1.13
qgd75go,https://www.google.com/search?sca_esv=7b3c1abe80065397&sxsrf=AHTn8zruB6r89mvDzcuKlI1XfdgDdL5bYQ:1747209007032&q=careipro+reviews&uds=ABqPDvyCcg52PQF8F3tVOGSxyX-dXYjU8t5FZWwhOTWRjxlGP-DcIs1Dr0OEJWiTU26qzZQqnBVGASMP9InOWfCIVWO1P-mEX8_BQekpbDxGBQZLQjug86ocKLJuoU1312_glla3oOqBguWhMobGEOozbshLlFey2kcYTMZfQSvoDxB7nvGfj_el9T__zBJqIya0BOp-xsjpdrYqnq-kXWcKFEu5RTZ5rLoXlfkhhQn_HRzWuV2v5hyCBh2Mk_lskII1rbxHEmDdhXhtBvoGkmTaTsmO8udWoyUZojAHIm6VbCLvMgeF3hChRL5cOGzJZxSdcPeAW_JMVxmr71xztbgQ2dFq6GUfz7_WOibeT4FE1FIHF98ghF4&si=APYL9bs7Hg2KMLB-4tSoTdxuOx8BdRvHbByC_AuVpNyh0x2KzXL3azUclNJbL-bvudSLbrh1pN6rtFqNTxqnexMlQoHsdz2PhVJoRN00lJmzUT3w6aI1_M65xE46AL40Vrl6aCsbrM9A&sa=X&ved=2ahUKEwjbs9nhvKKNAxWgTmwGHXleF_sQk8gLegQIIBAB&ictx=1&stq=1&cs=1&lei=L0skaJvgAaCdseMP-bzd2A8#ebo=2
ipg66ut,https://www.google.com/search?sca_esv=7b3c1abe80065397&sxsrf=AHTn8zr8hmMyWIeCBTo4NWRlUw74B4JAig:1747209225217&q=dr+srichandan%27s+bhubaneswar+reviews&uds=ABqPDvyHGKWWTeXc5RTuXg98ltJ_g9RR5vAKHD3GOewd-W09YT-WTL0eE_2Yoafm8KQ2QbWLsW5ktP5fdOL4nkVyGIw7JOZT6ZOmGgUKY_pBft3b7fdZ5-RKIaGuqzdUG7LExVVMHDC2d1TdL-wDCxL2qDRs0hAttnUne7-rAyMxkgaIuBc8VpKrErfLADBgyKt5NV6pmFGBmLvuFiUk1ikq0XcOWfy9UwsQXY03PWtVxfJbKPDuJt6YsQI4nAMLCyFkUyzyw6lUmdGLnxUdW7IQYRDHB0GGIDb9TyiQNgP4GErGdNhyJ_gmmX39wDrjOFjkqA_GLU1KW3hBO-lGhvWVkkFA6DnfsA25FdEyuWFDWh5XG0ZqfgGyi0BijQKrUztTENV1xYzzwDEx13PPS-aZFPqL_nCBhw&si=APYL9btvhO6SAb8jF9HqTZMMa7vs_teLnZaEVrJZwRKFIIKjoT4U-vXPcGXKAP6YlGk4Iyk8keb_UCWg4Hr9h1MkJ_exWYSglFL675ZRC5qsPnBjD8tt81a4VW3Soys-LUDTXzaLxdiX8-lAcQAr0n4c11r6jraecA%3D%3D&sa=X&ved=2ahUKEwj5rt7JvaKNAxUznq8BHf9OD2wQk8gLegQIIRAB&ictx=1#ebo=1
njc01pt,https://www.google.com/search?sca_esv=7b3c1abe80065397&sxsrf=AHTn8zrPXe2Z-hGwEWlZxcH4vvIhW2Cm3g:1747209266676&q=dr+bharati+panda+reviews&uds=ABqPDvxO-_MrqVUTz5RREd2TXpoWTw_5FWebzvk_Y-KzEXXJJ-t99Ag4uhgM82ZF1cpj3jIQcoODx7uuuwXDh60bkwldktCOplGA5umvkugM7zyT0zryCZpoY74GMahr4S1it3oWswchSlzAM0Hw35l-M9pyzwF110DFh199ZV_2T_0RzkkAAmUW5j_yP7dPRuAOjUjHQbsZteYt5Wor_vOdMnf1JJ8tnkflVns4KfC9x4WhgiX-IkkkAmOVArePB-I8O9jfspkeutdsHYb8a1pnpz8XTzwsp_v-ghbgO0lhV2DpW_YY5P5TXJgAKmHbForYlVX4rj1d2u8B59EsgOIAipRbsDcLJWXdVazls20JhZH15qYhwyocu2wxXTqDxcqBQY175bWN&si=APYL9bs7Hg2KMLB-4tSoTdxuOx8BdRvHbByC_AuVpNyh0x2KzT3huHGxIrjnofs56hFvvzIgXHigaEfixUEKoi_Uc6MccqJqAJ3EUAzJwfxZDNwX1K8pLpyECtA8heWK48TJIzxcnfrrck2aFW5zDJ3N5O_0k5YmfA%3D%3D&sa=X&ved=2ahUKEwie5cDdvaKNAxXde2wGHa1PMngQk8gLegQIIRAB&ictx=1&stq=1&cs=0&lei=MkwkaJ6EKd33seMPrZ_JwQc#ebo=1
rqp28aw,https://www.google.com/search?sca_esv=3cd8b13c40b46368&sxsrf=AHTn8zocg8VkLMevcMtrsJsZ9uqw_2Fq4A:1747213277564&q=dr+antaryami+sahoo+reviews&uds=ABqPDvz7_2JvUSQSOCs2Nd7SFrcflPk2opToyEUxnehtY8tjxMgv-w3YvR92nGjBaEBkUdzBPMcTMtJeYTkBPZfG43J3HmgBq0JElQ7KL9q7snqss7cqhP6wwqiK8WH6yXF6e9crvRMg0Jo94MD-qZRiDWHRxdtsoF9NTerXAOliJZOhoACM5rp9iPv0IdLZmzZ31bJgyt3AXTaHPf6jnaZ_12N8bmVz3Dt7ePTYkPianDPHIyODtoAFN8vXYqQuPoOhSvQ5dR2FudQ-XNk2Gw98z4bBtLXZyljDUxmY8_k-6b8rd3BSL18w2TmSLxFLZf7um6t9-Bq71EsIL62cCVc2QglAPpeIahPSTARKW75RXJVwC_NEDlCPHuhD6AttoqKY1E6wMUT7&si=APYL9bs7Hg2KMLB-4tSoTdxuOx8BdRvHbByC_AuVpNyh0x2KzcTHraOUqmKr14sKR0GRen_umphTd6S9H82a1xxlOTQVBlCD1JeG7CZlxqUE9R6tdbhw2UPFnvUEJPMrycFNlcsKYi-NLNL9_0r3QUQejXcWmwgtFA%3D%3D&sa=X&ved=2ahUKEwjo_YXWzKKNAxUgS2wGHX3JKwUQk8gLegQIIBAB&ictx=1&stq=1&cs=1&lei=3VskaKibIqCWseMP_ZKvKQ#ebo=2
vca48rz,"https://www.google.com/search?client=ms-android-vivo-terr1-rso2&sca_esv=db94c43514cdc207&hl=en-US&sxsrf=AHTn8zqrAWsh1G0cyitO2xbWeE_R_TZ_DQ:1747213304109&q=ganesh+health+care+berhampur,ganjam,+odisha,dr+jitendra+kumar+panigrahi,dr+minakshi+muni,+clinic+brahmapur+reviews&uds=ABqPDvxa-nK9QHqaHsY-Lpy8ehCWaBjt9ZYc1NjgoUv7raq9hunK0_59w_UJx7cJ_b9q7f7wSq6vSjpdpDRHxuDxhXVvyc16HgQJNXYRxyZRz7uYRPV6Ws6zFKQ_NF3rvLyYuwQr_ZMhcqaqkp3rpEyxjd5IYXXusiR2Zg9OX4wpqr1vJ-Jx2b1aRLlLcUBxVI9gXptnm4wsn21XlQqLnvxqqCM6y-mXAVLrrVNdp4hbuN6yIT6GD8uYYjh0vm2KL9sknGNVeu5c6LZl_M5_p3w1ZSn7t5yh73S0xvnh-8XQpgbegxEnfTM0dXFdzpbNyLQGZPLT0u5HRzk1j_Kyp-UqIwm275peZmbGZqmqp8UeRFCRFL-GxxSaoylyz4q6x2kBg5pyP5srTr2uwO7gc-D9lZfbeXLgdW2zIAs3QyD14UjYBqiHZgcMHiH7Iq5ck686FUMZ4ryJjanE61U1nBdxsHnuFBKN9A&si=APYL9bs7Hg2KMLB-4tSoTdxuOx8BdRvHbByC_AuVpNyh0x2KzcqxIqtJtlxDSMCzYwseVrDe6MSvYgUUDluoBkR5M5CTbAVf0lfxdmQLk9TNI9ciT_VGSrc8OnvYAL8ea-81AqF3R3BYl92iL8OxkcpoKEqtGyjUQrSfJZlWqCJfz5pyGLQT1Ft8n68XkKRiFTwg2DW4AMXMnvyb_ChJrmirIiGerYhdXdaPm-behCpATWY_WB6uWxX-DiA2SAs9Sxai_VumvGfr&sa=X&ved=2ahUKEwihldrizKKNAxV4e2wGHav8LPoQk8gLegQIHhAB&ictx=1&stq=1&cs=0&lei=-FskaKG5Bvj2seMPq_mz0Q8#ebo=1"
ojp70rq,https://www.google.com/search?sca_esv=3cd8b13c40b46368&sxsrf=AHTn8zrHcHUkCCC8yBU16KYgZrssrqyIaw:1747213322215&q=surajit+nayak+reviews&uds=ABqPDvz7yj4aIITAr9b6rFVjpG2nzyCJVJ2qAdaMnt5EJ0FX7StREQHefGVqNycXB9OAatUpAFt9yc7oep8_Dfhl5z_c4nnfnlxYxGs8vbfVDypsRWY5e-rSdohH_krOUoaGhvzn5UXmKHqnlQFVw8esVvUxxwaNvtiiXATyGpW36KzrzaKzJrapZ5hAWigRuZb58kYENFp_NR4rKI7RCQl329PJ1a8NE2HDo8uGVtiMT3ggMSthScp18szRQlPDZ5uEsES97YOhV0biOs9QtzYbMKxQ1REHZbPFue3YlrFmrKOmusnWe5QPEC7849u-edxEH547QBpTOZkElEufnNH5ABnhpsanrQ&si=APYL9bs7Hg2KMLB-4tSoTdxuOx8BdRvHbByC_AuVpNyh0x2KzTCl_aWl7mHo2KpWzsx1gVvzMOew9vs6Fsubor3QgJyUbPN-iVrHJglI_UQ4g-89KfC0k7JrDGM_jrdOoEd3expx4LfR&sa=X&ved=2ahUKEwiEqavrzKKNAxWFQ2cHHSfKNm4Qk8gLegQIHhAB&ictx=1&stq=1&cs=1&lei=ClwkaIT8DIWHnesPp5Tb8QY#ebo=2
lvo50hs,https://www.google.com/search?sca_esv=dc01aae17c061194&rlz=1CDGOYI_enIN1123IN1124&hl=en-GB&sxsrf=AHTn8zqFPHl_0wvQQDZKoNhaVocAnRXorg:1747213368103&q=eye+and+skin+clinic+(dr.+ashutosh+ranjan)+chapra+reviews&uds=ABqPDvzp-CaYvFHM-aAX7nNNnets1VcGxHwUT0OtE0wM1jpZEngu5RFYRqD9bX5gzaZSYXW5Aj4rB6Ng5JvIvN-r4E42ZIHFfbwFUMkaCrofzRk_KkYUk3kjDIqwOsg9wUd5b45krWTBHvgZNtBxn1lcXKC36_BOKwWVihn-u3xVwwKmo8fwxNY8ehptkBvmdi14D8urb2d_G3eik-Bcz47yv8ACAqNKwB0mlxSh1YDdTx6s_xlzaYXHpGvzxhoid3A8pb46okO7Mes6yvKxFLEc-_NSZw_WB2SBV6omgNNTUlp9t9UoxWGeL7SImYiRFC4WoL4rfEFn25MxzZrO7m69qz4091HjNKGScLAWFvgS20W_q1ZzrvPDuFeenA7Ne8BTrKL2puDS9VlOYmPugo3ZWDkZfXZ4wGf_-aam31JqATIpzG7EOG0ctwJe-TlGnHILYuJGzkm0fmHWewdV7wjmHeR2f3QL7brK_S_9602Q6xa3_xbP_nU&si=APYL9bs7Hg2KMLB-4tSoTdxuOx8BdRvHbByC_AuVpNyh0x2KzTUjJERsVQh8gRpjlhHLKORPVmXF7H5aqW8SDm2xLpZ3FrKhJ3B0zz7ryudvIGBVau8SY-pVsRhpnkS_WvfgohN5I_yEHR0OFGQhv78YD-1V_BKM9eRivJ5Ad_KLaDfPvCRCcyRYFi2A1iuaRsPrVC5C2IfD&sa=X&ved=2ahUKEwiL-5uBzaKNAxUhTmwGHe0BI9cQk8gLegQIJBAB&ictx=1&stq=1&cs=1&lei=OFwkaIv_BaGcseMP7YOMuQ0#ebo=1
qwl11ob,https://www.google.com/search?sca_esv=dc01aae17c061194&rlz=1CDGOYI_enIN1123IN1124&hl=en-GB&sxsrf=AHTn8zoxyz_6SP_G51DHuGK_3KM8mAW0NA:1747826824532&si=APYL9bs7Hg2KMLB-4tSoTdxuOx8BdRvHbByC_AuVpNyh0x2KzQLNCTqq0oJQQHjimdX1csVqIuKwxpMXnroxk7c0l_w5llHCcLP-aGlspiyujPxQJvTSCu2azzcDmChTf47UbUm6ahCiSa82CNDI7HpuirEP5jum_fgvbaz9l8CZ4Lu0YfqFlH6LqKF9oSlvO7-dQ42uMvbXTbyzq9etguirfWE8P6CfCg%3D%3D&q=Dr.+B.K+Sinha+-+Best+Dermatologist+in+Chapra+%7C+Skin+and+Hair+Doctor+in+Chapra+Reviews&sa=X&ved=2ahUKEwjZhYWourSNAxUYdfUHHQ5uBmAQ0bkNegQIHhAD&biw=1422&bih=650&dpr=1.35
wby78zx,https://www.google.com/search?sca_esv=dc01aae17c061194&hl=en-GB&gl=in&sxsrf=AHTn8zomtigVA4Enyc6Z3pu9tPMjGBJ3gA:1747213449718&q=dr.+ramawatar+singh+reviews&uds=ABqPDvxhZEf1Dy8ASXincZQmKDCUuQrH_gRpIXihWJHa0iW5zZPxB562QV7DskmRroqyGw8h3lGzn-Ebub6PXZMfU6yD36fjvDS2yP8_tFy7A6oGLvtWieX37wVsi6i3rMusbUi7qYCI6M6NDAa-fF2FgGtWlF_olbWRAnwCVu3fPw4IxbF1y8j2MIckkIAJe3Tck_tXLsDjmVW8rfWCuVN9sFfKIVh4ceYn9NAw_ZZQhrzv8oBLjTx7NIENlBPhGP44AJWHoFqmzhk_cNW3vsei4w3Q78ymo-qhBST24llS_50CyAiaWUJcoV6qhW_FdoYQpk0hVwLXZzNQ0q4wZF_2D09jp2xNQHliBh6p2RpE6lkh9mOix9p5VW9cV3KWVSBJSiUDsflO7hkVOOeVM8QEjReqOjKkyi6qYpBpGJJmibT-GkSBPrEQ5xWXArEak_YUuhFhpoPPAgNQ4zmTmDP6EgBwftf9RA&si=APYL9bs7Hg2KMLB-4tSoTdxuOx8BdRvHbByC_AuVpNyh0x2KzTI5hCL6_nCPh3oZ-9PXiljhfF5rMVdGytThCWpFsR78gDSAzxGvSmDeZ6NDnWLmmnwIiw4PDIszJI--6X9d_fNQosTUCAiaHXEbdA5IH_RxbsHKRg%3D%3D&sa=X&ved=2ahUKEwjlwJGozaKNAxUnSGcHHR5hK8UQk8gLegQIIxAB&ictx=1&stq=1&cs=1&lei=iVwkaKXYK6eQnesPnsKtqQw#ebo=1
niq68gi,https://www.google.com/search?sca_esv=dc01aae17c061194&hl=en-GB&gl=in&cs=1&sxsrf=AHTn8zoBE5ScZKaxXGjZiWkMSBRqFgbP-A:1747827166182&si=APYL9bs7Hg2KMLB-4tSoTdxuOx8BdRvHbByC_AuVpNyh0x2KzSTZekf7Imq3ZyKtnvdHDazz9C_iUqszDnVO3gsIeTBFmyvrXKfDm5L26GO4nHaxnekumAbS9GccU8fZGP6bPMe99X2yMGjoX7AzjdMWS-YfkSL6-Q%3D%3D&q=Akshat+Skin+Care+Reviews&sa=X&ved=2ahUKEwiW1vnKu7SNAxW81zgGHS2iO34Q0bkNegQIHhAD&biw=1422&bih=650&dpr=1.35
xek29mv,https://www.google.com/search?sca_esv=dc01aae17c061194&rlz=1CDGOYI_enIN1123IN1124&hl=en-GB&sxsrf=AHTn8zq85tNYsEJ73r8jJ4LDVCuY5cRVkg:1747213505737&q=dr+punkesh+reviews&uds=ABqPDvzBcmEJk7J9uYALR8RU5h562oiuSxjuXtmhPO62pTGvEyAxYsPPEt05bfpXxEN0aBY9l_J7yfB70Vlj5KXC7UeJQcFNrAlfb1OdyRB8H75rbsuGNNWU6SnpfGXJQNdF4RVA-nD2MBqn9JF0MV9IKDxb2u-mcz9sCbojmZFc4iE88R8vPuzbp9T9ovIHBSptxotYdRLzIDt7LOfQcFbJFXGDXinPpehn8dLI70--v64k2g23wq23CvLrWLYhtnYqwTOqWxcuXysJYeph1DbRgyv_HTfYxYwURxjVHYZKaVGVfEXaz-HdvSwN0vstU_o1H5ckItdXp9ch7MQm4a8CvCbeMaczgvD8LEmaZDP0X5UuerHp3csp7IUjzFwBECVv8UQ4sq0ArTwlPVdU-R8JRd3qJO3x2RuPDSWD3wvp_UEsB1E44cVhLCCb4bjyZT2dTdewDqr7HmnMvWi2ATFi7Yb1Z38nbJyog2XAvSfRMK9a6H569AhAmx8wmt8_Q7lgZf-N_xh8WHXwG7hXeFf_Ekqrzl31d3YIsT5qUTB91TffJf8J0ZE&si=APYL9bs7Hg2KMLB-4tSoTdxuOx8BdRvHbByC_AuVpNyh0x2KzcmBJGf94TJNHVGlXlgzaVepZ2db_nGo2Mk_CheRUbxx4nZUTp4-3l3O7eCA4oa3n1lTg9O2n0YRBjxHuEMfEqPGAkyW&sa=X&ved=2ahUKEwiZxOzCzaKNAxXeSmwGHfM8A2wQk8gLegQIJBAB&ictx=1&stq=1&cs=1&lei=wVwkaNnfLN6VseMP8_mM4AY#ebo=1
stz54zo,https://www.google.com/search?sca_esv=acaa21a8b7677ebd&rlz=1CDGOYI_enIN1123IN1124&hl=en-GB&sxsrf=AHTn8zq4EFQOySVgwLSox7_F6zK6TcE14g:1747213540724&q=dr+kunal+sinha+reviews&uds=ABqPDvzkA-eA6d8fEznxDkfGhTQnISTYYFXoVEnXOIO_WKI_Lb0__zXyFtk7Iw7viMB4sGJvsYfmEjQGelnLe3BCf7A9mnx4barM8tGJV9XfwcT2K6bYZAbt5CtNV-xXnLU7Tuib5m5bXJXveq8BIf9yil4Q9QY_b99UCoby-pzWWyD-XmUuYaaR-gVa7ZaU1n9mP7xI_pPFuvgMUDEs_w9EnZBBf9lgwNVrmWjy2HzbFE7mg6nBcS5oHVAQTaCrFpj-SwMPzDcBAmClqKRY0t6-tvyzYAYOeXt9WmYlok7jL2aKBpVkRVct07PAHcMV7VEi2EtIvTZ7m5ZTZjf-sIj7qZKfaalHwmY2HLsKKBD2anyuOBETdrPiU0U9lfYscqKc5xpUkZrhxUyR1dLx_Z_5d0wLjy8bNbJw8IBy8UYqzBsZvGzDplxYJVdhc35bO_tb8yNt8M6J1o5g--qHeGU_PoKv4HjOPeHbrCXPjQM2TpgjlhfMPYes13jZm5e2yoRIG0KBH7gHI-NHveR5YQxI8ayCiHCfAA&si=APYL9bs7Hg2KMLB-4tSoTdxuOx8BdRvHbByC_AuVpNyh0x2KzenqCIgoXuXK8V3MczNArdcFFE6OITMY30tSl5JHx7Gkt10R1LckcfQZ6h22etBw26uU-DW1lAaAjY3Bq6PU0bNRXJiz&sa=X&ved=2ahUKEwjz-sPTzaKNAxWSWGwGHfuHDBwQk8gLegQIJBAB&ictx=1#ebo=1
shb25de,https://www.google.com/search?sca_esv=acaa21a8b7677ebd&rlz=1CDGOYI_enIN1123IN1124&hl=en-GB&sxsrf=AHTn8zpSmfn5SBcaIAA0joofRzIDkCKbdQ:1747213579103&q=dr.+mritunjay+kumar+reviews&uds=ABqPDvw20YKL_5_TM0qVuigRcgt1O5DzjBCAHVLZ4o4LzAfQTAx5D4uZHwd_l31_qPH1IuBLAPOU9qtVpZJWAHW0RsTC8v7NW7xhgRsOCARMX6bJ8RN_hDhg4waEqup1g_nJeVOeXBFWNau6YUjXoRnj591XoYyjk0DrCuTSFxup30bELlnylKNih0nyN_VMuDpmzWGI_pHFUinQHUMOwh2DTmQOExZqz9LqO1yxiMrf_O36Mr8g9ASWbQWgRv0mbyiuyjB6E8AU9u3I7roYX0epET1nPKO3Inh4-gVlEbrADPXbt-6dYOFuTgUMJ_sWmD42uUoG9VWfea1CiOSQ8pwq9TNsSYOFdOhctSHeVl3I3TIvRcWaBQ771DmDGWDqQSzoqU61KtzX&si=APYL9bs7Hg2KMLB-4tSoTdxuOx8BdRvHbByC_AuVpNyh0x2KzZAhwoddCnAhdOSHmN1G2s7EVnrWO0J6PMkcr2oINtDjRob6MOpgAt5BONkTJHN3DKg7vO3cri3gIs91r9WnWE1ap1pMELJYB-Je-qHOjGWEYam_WQ%3D%3D&sa=X&ved=2ahUKEwi_tOrlzaKNAxUfSmwGHUHTGfYQk8gLegQIHxAB&ictx=1&stq=1&cs=1&lei=C10kaP-CBp-UseMPwabnsA8#ebo=2
fhq71nm,https://www.google.com/search?sca_esv=acaa21a8b7677ebd&rlz=1CDGOYI_enIN1123IN1124&hl=en-GB&cs=1&sxsrf=AHTn8zpmUzcCr7fd4P8Vt8H-oM9-JQQSrg:1747827884599&si=APYL9bs7Hg2KMLB-4tSoTdxuOx8BdRvHbByC_AuVpNyh0x2KzYstEph6hayZNdofnpQHMZp35GOPDBACARk7cuq2jMYyjdNV-aA-iN6rQ1tE17h6JNRsJD7XNQ-k3mD5AtrzMOtwDEJaZK5sXujyQNHbO3pZ7yuiujTW4zFqxSl67dncsV6G5YpfXfVMxLiPsfzrktwK-QDJI2nKKbrNg9_x2SBSndLjvA9A1X-YgEdTMgurLi5P294%3D&q=Waater+Skin+%26+Hair+Clinic+%7C+Best+Skin+Doctor+in+Patna+%7C+Dr.+Prashant+%26+Dr.+Swati+Reviews&sa=X&ved=2ahUKEwiBpcKhvrSNAxUezTgGHUTwL_oQ0bkNegQIPxAE&biw=1422&bih=650&dpr=1.35
oiv62lh,https://www.google.com/search?sca_esv=acaa21a8b7677ebd&rlz=1CDGOYI_enIN1123IN1124&hl=en-GB&sxsrf=AHTn8zoFpxnxiPIpSCmHeTTa8z2CLOo85w:1747213617711&q=cosmoderma-+skin+i+hair+i+laser+patna+reviews&uds=ABqPDvxpTf4STPpJnPWcygt6bQVc0S0A8xXEfFGWyNND-OGXF9EPDK3Qe0-KdQnti5Rhnr_vy46iwYARw5sl48ATukqChqPhkfoxZgznptGVE5rW8-p8VqBf6Sb0buLKpndP7s1j87_kWEfdw_QcEcjBYqGuDDx7ciASoRHKv2e-YF77qP4C3-uQ7zO8J2_UfBgyU9MWN3Xclisv7e_JTpWA1taRKGhFX4ZbuRjkYI3M8vfNAg2t8oYRX9iZeaq5wJZojx33stOLypV20n1prCnp47C4HT62GIPX7o68TqE0xr8dgLIUWb3lSFpEXpkM_h2oNn8Nqzmx_eqt3rctg3O9eCcYQthboXvsrqEHnuz-ciRnn7iJOCbwOqBALdsEcsCthorz0jge0k8qfW-7O5Hg8-k-SPCxkmiE2meGu1exNoj0nbCXorfwCKRSbgnjx82RLS3mamK5nOnr6WK4jlmLP4Z8cHcqArA3hSjOSMASvDkmPQ2xgh0HLbb4ana5sJ0jLAAhpCIeA6hX4iQFQRetmajW4BwqBMxIui9BDY_wNHVs1MiNv3MXueNpkVnKQYPPa4iM2g5HaOz6zt1zCT919oUHAjXenA&si=APYL9bs7Hg2KMLB-4tSoTdxuOx8BdRvHbByC_AuVpNyh0x2KzQL3QqkIWvh6akoB4qT0z-C4RlGtgVAY2_WCgciqsfS7MxzDJBDBfyLJNrevubKEBrAfwufOMf0EoMNgHsiHgtDTgSz-vLFeHsRn5ZyRR8CBDlf4ieiXDOyE-kFFs22tH-5MDDI%3D&sa=X&ved=2ahUKEwjY_Z74zaKNAxUpUGwGHVGyHAIQk8gLegQIJhAB&ictx=1&stq=1&cs=1&lei=MV0kaJihK6mgseMP0eTyEA#ebo=1
ign46bx,https://www.google.com/search?sca_esv=acaa21a8b7677ebd&rlz=1CDGOYI_enIN1123IN1124&hl=en-GB&sxsrf=AHTn8zrqWDgsNB3bNV402ymzBBC45w3UyQ:1747213634689&q=dr+anupama+clinic+reviews&uds=ABqPDvxO-_MrqVUTz5RREd2TXpoW5wi4X97kqHs1_u1E659CeFf-ApeyfJqOjRJPVgCU5x1Qq3FtVLRoBMMEpjskP6jRa023UTz6qNLReE3KzHFKIQtyzctxW2SCtmOvghjTVmgwfhV3UwRhsWzq0Z0T78B0-9lrnx34rmcS0bIV1hUGvocNoHgiQPv0OAWRD0sXswX8HIzuBq3u1R1ha7TwZeYZ1vL5PGazIKMNSAQj1oRpDLx9PYym0Fe-OOQl-rTWxhXHN7ND8PtL4JVfHRYakhy_AVQu5fPJGc4EF4_KKDXoFb2HqTEkT3ehB55RfuRKM2g5JNEQPffsmfVopVsqWbrzJQrM2sh3q860jW7Q9X-lC3lMn72b12P1asN5EyUFdUgRUeBv&si=APYL9btvhO6SAb8jF9HqTZMMa7vs_teLnZaEVrJZwRKFIIKjoQu0irqHSBIK4DMl5_MPH1UKW6xzaxnCI_h4Iq_-eJohqAjtYAyO03gKKaGeCym9Fw37caqS-P5G50Yq_NgYfy-RKGPp&sa=X&ved=2ahUKEwjZjauAzqKNAxVpT2wGHYQLLRsQk8gLegQIIRAB&ictx=1#ebo=1
hqq04zk,https://www.google.com/search?sca_esv=acaa21a8b7677ebd&rlz=1CDGOYI_enIN1123IN1124&hl=en-GB&sxsrf=AHTn8zq9S__--GZgfcG-MB3qQxwBksBZng:1747828668693&si=APYL9bs7Hg2KMLB-4tSoTdxuOx8BdRvHbByC_AuVpNyh0x2KzdJ0-OM930P39GTaW_83a4cY6xHETaig4HA6A-HXfNNM2J-Jq7CJezo95lPNNK6bsSytC2iSUbAsdDtqP3SQAt7fpCt7ZOsNtW18-CFQxnVvK0xz0w_ADLADtW90XYxcsekj8ew%3D&q=Dr.+Richa+Thakur%27s+Skin+and+Aesthetic+Clinic+Reviews&sa=X&ved=2ahUKEwjk1rOXwbSNAxXA4zgGHePaJOAQ0bkNegQIHRAE&biw=1422&bih=650&dpr=1.35
zps44kr,https://www.google.com/search?sca_esv=acaa21a8b7677ebd&hl=en-GB&gl=in&sxsrf=AHTn8zq0krIGX7vglqgyAHOUHmItQZIuOg:1747213672484&q=alok+clinic+reviews&uds=ABqPDvzWgo9uYoIt5m23EY5fO3RsNJMrXdTg2qbRXonyKQbUjNYvUxOSM6gIr8IiS6Ju4U2V-E5K_ywcCV6I0NewYsqJYFFztkS2RV-AJR-KjC9Sn0i3FnO1rntZTOS2xNsBaZ1xe3lgQymD-cH-N3exhK4UfXAKIEM4aX3SLrhYIJJYXjZ-9MCxHmrBe5xSpJn9RxHnaTCnIe0LakSVQBfn1gp3h3wDc98htP46ApbUps8GU8IajiEuSFbRzIaNo3yQmwm9jiSmOT762gqcWxjT2utT_uQ6dbK3dP13qyAg1FY1CKX3aJGlvE2PkHfK51j9RBd0dUiiDLeBsrvhFoHz2uy-KXsvQ-_O3PfEhElUqe6p3UMBSjM59_ZHbjPHwD5U2VrE3hE3&si=APYL9bs7Hg2KMLB-4tSoTdxuOx8BdRvHbByC_AuVpNyh0x2KzY4q1UPRdVAA7MVy-uotA-pGDhPywrSGbTY3ddwyqUYhU6tgiir12PKAmL031Kp7Co0gwgRGQCrmymMWkko5i2Vsp3ho&sa=X&ved=2ahUKEwi5-K2SzqKNAxVNTmwGHZK2CDEQk8gLegQIIBAB&ictx=1&stq=1&cs=1&lei=aF0kaLmkHc2cseMPku2iiAM#ebo=1
ocv49ho,https://www.google.com/search?sca_esv=acaa21a8b7677ebd&rlz=1CDGOYI_enIN1123IN1124&hl=en-GB&sxsrf=AHTn8zq3sj_YHIBRPZV3FCzfsxxo2evIHQ:1747213691561&q=dr+archana+lokhande+reviews&uds=ABqPDvyfvP9mgn7pZfEVrmcima-RWvMR1QniAlLxus37Y6sJtQboF1AhkIszXH9dzaAOfQhbZghFWG7gHE02tD0T7CVotVVx8b4wxHw6Wasd401esNbX9ruwmxq2V3jVmUB-H6VzZdjnNJEjv74IFQJ-w3ygNdFgZLHr47lGn0fKUxKgSK3834WpPOrIhn0JDev_ohW3g1Qjqd7RrNm7R60iOv8Uq1FkWjUaZeDEpSh0z5NjgXY0Y9TZ1qR4Tes6RmfMpQUhsJUJwaWVIdWHtKFlXBlnZYVoO_Ez0gTdq7uKz3mQRRQq6T9sUPY0YO2mn4wFhs__q3YOmFaO0b-F6YSv_bsUzLIsNCwxGUdzUTKuSJE9n0U-WXtOIyqEn-4dSr0Uk7jjL7ZjgX5Ci7PbM2F9DSbGc26G3Au4HT4AdwsffpC1y12wpksZz0ROnsoWOiNe-teqiliAu9xF-INYK_Ul-qi5Lb7g3A&si=APYL9bs7Hg2KMLB-4tSoTdxuOx8BdRvHbByC_AuVpNyh0x2KzRFWI_SDsRpVqWQa2-qxXJ5_BdECg7Ik8LltCGvujLYFzAYN0Nu8SpXNb8lHb0WK1Oo2_FI52x2TyYJjdYWJC53mCQPeUJbcD559AZ8MIeHwVgElXQ%3D%3D&sa=X&ved=2ahUKEwiGr7qbzqKNAxXsRmwGHRFyAk0Qk8gLegQIIRAB&ictx=1&stq=1&cs=1&lei=e10kaMaFIuyNseMPkeSJ6AQ#ebo=1
epq44hl,https://www.google.com/search?sca_esv=acaa21a8b7677ebd&rlz=1CDGOYI_enIN1123IN1124&hl=en-GB&sxsrf=AHTn8zrd1QvgdcIqvgRs3rMmt80OvnZleQ:1747213709683&q=dr.+prity%27s+skin+care+clinic+-+dr.+prity+prakhar+%7C+best+skin+doctor%7C+dermatologist%7C+cosmetologist+in+purnia+reviews&uds=ABqPDvxNExePDb8ADxCb5v8cAMIQAH479acgawkFi1ZMHEJdU_wKl_cN8KcsX3IKel6EHXGvpWTN9cQYssnTGEKO9-WGQMt0QG1XK8wp6j-9Z_8CZfjWveB4_BbnOjif8p-FGDXs00kOe6gLZiCqNx0hWVZzV9devb8_Zu5IsitrZGyf9AQBOJbK-3VZuwoew7ZcgvnPkmvOzCkcQUqZ9XOhN5iQPOLxs3ZJGoPFQypBcOaX0X4nIZiZNZZkf1SoL4oyAv3S5YfIKO-AxvMPT1OXnaD7FGSQrrrWRNZC0mQwrNgWNA7_Mqeiio9bBIXWzWQrt8DsccAVZz2qJtz0a1F-plBTpSqkGlzgFeAfofWJKoKWGZ3IWy9hrONnmFvCqiKpFrHOgsaV-EcwXxDX2IU4v-VITc2VnLPgVhxT13IAlYbaCO-JSSHM78CwFYCdWKIeCpR2l9jYNcQt3TTBefn_Lso3a78cwntgxkBoI1MMFUa6sgPPXv8XWr7LpNRT2JBr814qGbPwKR6PPXpQYpe-ies1ScT0LnLHvKFflDr7vJhiGG16MtlZLZUNLeCPuI7tmNTHaBqGcirdd3-6nvmGy_rQE9RlGghTGlz1nRym4opVrPUlRVGbELHxbzz8dUjE2YboQo-Y&si=APYL9bs7Hg2KMLB-4tSoTdxuOx8BdRvHbByC_AuVpNyh0x2KzS1RNB9dhu67ldKU7btTfHjcgO1JKJTdMMr-iFROzZx-6LBV_m13hKATviR3UvrTthkqqYX4UkkuN_06n-oeJqmEPWzqfjT8vz4i1f9F_WYvIVqXuKWzWbDjeVPf5B4LtL_yo7N9QSThXN2TN-g0jJp3oFyR9iFY2yi1d75y4TuJKk69CfigHN5yaSyZRQJZjDw6b3gKweuMP--Ray0rOcXoRwCh&sa=X&ved=2ahUKEwiguIykzqKNAxUPVmwGHWXEBPIQk8gLegQIIxAB&ictx=1#ebo=1
vnb77oq,"https://www.google.com/search?sca_esv=acaa21a8b7677ebd&hl=en-GB&gl=in&cs=1&sxsrf=AHTn8zq8kh6-6-EXwXbKKrXowe9h47l4Cg:1747828861728&si=APYL9bs7Hg2KMLB-4tSoTdxuOx8BdRvHbByC_AuVpNyh0x2KzdYCrGJsj5N8E9rI1oy0XDE8siwJHoilD0VRz5N5ZXtOGQpvEUGbuFSpI3dsNDBfTfee0HokaNS7bAYEtcT4rCP6-N7CyUZYVb-pog9RAnNAPxHpfJy9GevWeKXZXUKc8srFgrrLT0Y5A-SqCRlDtv6NG4--yagk2Mnfxw-7vXbakCXKZA%3D%3D&q=Dr+Smriti+Jha+-+Dermatologist,+Cosmetologist+and+Skin+Specialist+Reviews&sa=X&ved=2ahUKEwim0LnzwbSNAxUf4TgGHS63OBkQ0bkNegQIHxAE&biw=1422&bih=650&dpr=1.35"
xgc78es,"https://www.google.com/search?sca_esv=acaa21a8b7677ebd&hl=en-GB&gl=in&cs=1&sxsrf=AHTn8zqyC55WqdjJlWMdF9bhstjUsAF6_A:1747829436191&si=APYL9bs7Hg2KMLB-4tSoTdxuOx8BdRvHbByC_AuVpNyh0x2KzcLBdIiAzuch_JR_2dfeK1UiJ9jFlJxTzAEHYQlIm5JvnkcW0xLvf4uDhz5Cy3PKqw79cmGRX6Jk1-YXsGaFYdw2fMv3D43bCK7us1UO_5OKkvpnYy_oHz6F3G2l-es-uuP_FLtKzBGqzLrFvpKk4sYj8UPfUMpez6HN-cIpJ7iYCladuiknUv6bRDkRx9Et7QEEW1M%3D&q=SAR+SKIN+HAIR+AND+NAIL+CARE.+Dr+BHAWESH+RAJAK+%28MBBS+,MD+,%28SKIN+AND+VD%29PMCH+PATNA%29+Reviews&sa=X&ved=2ahUKEwj-iLCFxLSNAxWQmK8BHTb-LwMQ0bkNegQIHRAD&biw=1422&bih=650&dpr=1.35"
yek26pu,https://www.google.com/search?sca_esv=acaa21a8b7677ebd&rlz=1CDGOYI_enIN1123IN1124&hl=en-GB&sxsrf=AHTn8zoZsxFO78vrXWjGiN1SHKpHoooxFQ:1747213918086&q=dr.+prerna+jha+reviews&uds=ABqPDvzlM5eCYMuV7GG2i96s2hnXD3uKPpNje-tXMV6Zac-rOuk_4XhNO0yqkfdyDSZG_yyW-kw9M4P1MT9xoAecDDLHPvreyVXudvHZf5_Cyy38x3XvKJRpUB-B2sJIGyAau6nmC8Ro9aXTuSY6uM4nCo6aZ162qDgLrm6PxwzlXwQN_u6tIKKB7y8yQ0eAXyHybuT6VxqTQgtPPYy-CT4EqX99hs1ANgBnnoBRZ_LmGWrdu3HT6K0dvHLe2zUQUNheAvvXBjd_XureMvaWgntxFoh79fZJ2n7q1zamow8yvGucOahtOvlT9iCi888Su4Ynk3b7TcS_dqMO_ffiFVprUJN7e2C9dU9uuImBGZpnrVElt62DLN2gADnWQOwrw2zRFZZ8spv3z3w5fPCebtydauwluxtNrUlw59SzIVjisIzAe-_lNvo7FSZVlauWRZjTopez2eT6-NOT9DmHBS92rMrta2AlSf7KJCkqvlD3MuJVXt9dxWtNUwanJa-cLSO2tmUGLpLsVgF-Da0hRFD8msjw3c0A_g&si=APYL9bs7Hg2KMLB-4tSoTdxuOx8BdRvHbByC_AuVpNyh0x2KzQVNyl-eTL8BJkk_XycYA4KryzJ1NapDz5EdW-HAriVDGx5Wry2TOkQL-jnGCn6YJ-2Oyux8ViTS8qBDSAXDCbOpHFea&sa=X&ved=2ahUKEwiksbyHz6KNAxWlUGcHHZeFH_oQk8gLegQIJBAB&ictx=1&stq=1&cs=1&lei=Xl4kaKSKBaWhnesPl4v-0A8#ebo=1
rrg08je,"https://www.google.com/search?sca_esv=acaa21a8b7677ebd&rlz=1CDGOYI_enIN1123IN1124&hl=en-GB&cs=1&sxsrf=AHTn8zpDLE7AVkMy3Fvohh7_tqgN_6o8iA:1747831623278&si=APYL9bvoDGWmsM6h2lfKzIb8LfQg_oNQyUOQgna9TyfQHAoqUunCskKWoFzz6a3Vk3IpE94K4OhS0q-jPeoZ1__I5Z5TK0TXVVFkkVMZP-FO-1EsHx3GVB7rMq23KnLSIGJkPIYwOx7GXt2BNz6PkHiZJPFADXfRjp1VyDmVW7kqE2ZLYY6eI1s%3D&q=Dr.+Piyush%27s+Skin,+Hair+%26+Nail+Clinic+Reviews&sa=X&ved=2ahUKEwjLmqGYzLSNAxXpc_UHHd4GCncQ0bkNegQINRAE&biw=1422&bih=650&dpr=1.35"
rhk36qg,https://www.google.com/search?sca_esv=dc01aae17c061194&rlz=1CDGOYI_enIN1123IN1124&hl=en-GB&cs=1&sxsrf=AHTn8zpqFZ8JFwA80v8VK0coH_Izk8giBA:1747831992581&si=APYL9bs7Hg2KMLB-4tSoTdxuOx8BdRvHbByC_AuVpNyh0x2KzZY9cRtTaBJjHCBtoucKezhWJLDdt6q7mtuA-M1-eRgvZkT7YDJkn2jxx9GabghQyENPQpKzSW5z12mpduHdJYz3oPKibAwc0A62FsGywCsE1OqmZA%3D%3D&q=Laser+Skin+Clinic+Reviews&sa=X&ved=2ahUKEwju263IzbSNAxV51zgGHZHYAc8Q0bkNegQIJxAE&biw=1422&bih=650&dpr=1.35
xun18hy,https://www.google.com/search?sca_esv=dc01aae17c061194&rlz=1CDGOYI_enIN1123IN1124&hl=en-GB&sxsrf=AHTn8zqyPKxd4WkU07ONlF6TUj57HR3uOA:1747214051124&q=dr+akbar+mashahedi+%7C+best+dermatologist+in+dalsinghsarai+reviews&uds=ABqPDvzn27qgWRNL-c0bb3H3KEgGr_H_AoIwTs4hO9_YUtq-dNfjBPIuMZjzw7IMWSFZsNa0Lzn3S_k76kSRYQrpAHbloWwMRT5uWD5KutUZxeVU_TTBVWKbBC7sfcGa7LiAHeOWxmXpK_tyI84DNIiZhVZQ-uovHXwYK4Fceucwp7NLLI09rMLtQ7DmgaZIb9A4pIPKOhzVM0lRRYj799a1All_xcTUKFckMsZJQTr6WTn94vDn8l14vBs7GCUKesKBpTUYxu0Xos6wc8C5-NRyIOYmGuiAu3eFQeuGbb-g967BzJKn0nvYk0Bo4tJSP8_wrXHi-Ab0qVKidfM_-pCiVNP-6_xm4nLitaQ9MJsGFYTtlt-re-TRntE3G2QnS_ck9d7mQRu5khGPXXdKMbPcbyRfWU5I6IyE_lGgTFLSCBJ19ibmXl1mf3SbS8Z4tkEo4bWWITU6&si=APYL9bs7Hg2KMLB-4tSoTdxuOx8BdRvHbByC_AuVpNyh0x2KzUzneKtAYYDkHFPfGPSkW5w3YSnxRqOem3jry9oNnS3n_YQv5Y-1z_vpPsUpIyHqMk6yD3_56Yoi1OcXmW4rBcw-43vQeKT77FfcxhNABOmHkzgVy4ThVBtICedv73uxX4msbYZ2l5ETAZYGjdUnVnzc_MFq&sa=X&ved=2ahUKEwirofTGz6KNAxXuRmwGHa1XHyUQk8gLegQIHhAB&ictx=1&stq=1&cs=1&lei=5l4kaKaXNKf4seMPnbi6mAI#ebo=2
uni81pg,https://www.google.com/search?sca_esv=acaa21a8b7677ebd&rlz=1CDGOYI_enIN1123IN1124&hl=en-GB&cs=1&sxsrf=AHTn8zrUkYqJ6CxQfNvYqsc22KImlYmTDA:1747832753481&si=APYL9bs7Hg2KMLB-4tSoTdxuOx8BdRvHbByC_AuVpNyh0x2KzR-DnZpO3EEEDln8Ee6pXSzun4dUGIZH1rEcgYSjYs5ybvIhMrwBF4RjRkBBmKM_ZmKvJvHR3x8E1BPsSGcFG0kmaKfzKlMb7aMRqg1OOcbtjcOB7p2bqU4CcO_BkfW2EG4v_T0%3D&q=Dr+Govind+Acharya+MD+%28DVL%29+Associate+Professor+Reviews&sa=X&ved=2ahUKEwierZez0LSNAxX_3jgGHdeIDVcQ0bkNegQIHhAD&biw=1422&bih=650&dpr=1.35
caw67ph,https://www.google.com/search?sca_esv=acaa21a8b7677ebd&rlz=1CDGOYI_enIN1123IN1124&hl=en-GB&sxsrf=AHTn8zpIyftfHdx1sBK-Y48lsmyOQpSGaQ:1747214096839&q=dr.+abhilasha+singh+reviews&uds=ABqPDvw20YKL_5_TM0qVuigRcgt1hGOo3lZCPH4sA6qiMPeCp7dbrNxhu5yS5BmvG7YP7D6xLPj2bk1oFhskdtT3PDb97H9EJnk7KmuSTugxJL4J1fhKUKib_aOEeOQFsP34X0NvAqgcpCLQIhvhdUHqvLzf1eZFs8_0vv9p9XyGotlrdXBD9S47MAM5w6l91rdoG1RtQ5mtMfVOvgX0toi6T8OSk3mbSPGGclf43xN9REcm6npEZZw4mOwrRMJM5E42Xt0cKbUTl7XZjfP4dgLORfoad5ItR0p5t96rhHn-8DhMr7h_iZ86V6b4tVIN7Q5RJGc2ljq_ae4bFw-y4_ck2tF5mrzNjoW3R7XcHn7ukc0MVL0026dKgKwGGXF7uR5O8tKxf5jA&si=APYL9bs7Hg2KMLB-4tSoTdxuOx8BdRvHbByC_AuVpNyh0x2KzW7qdxqpiXBPVLDxVcLcnEm8G2XLvvNBHYN2keIRHlnkdosuBeiCNfosjRSkrYmURWN2L5BWfuL0qvz3LupaaM2dk2NvTHOnCXpfi4ckkSYku3Q8QA%3D%3D&sa=X&ved=2ahUKEwiWzNrcz6KNAxXncGwGHTZQCJcQk8gLegQIHRAB&ictx=1&stq=1&cs=1&lei=EF8kaJaEM-fhseMPtqChuAk#ebo=2
ypg97zs,https://www.google.com/search?sca_esv=acaa21a8b7677ebd&rlz=1CDGOYI_enIN1123IN1124&hl=en-GB&sxsrf=AHTn8zo4iF9KXFTFrcYH9-5Tgah0rRmisA:1747214114047&q=dr+mazhar+imam+sajid+(dr+skin)+clinic+reviews&uds=ABqPDvxbRCcBz0Mw-usR7E-vylWXqzR9oonALdJm8ondi7FgIDA0NBKIzROW_GBXEIex9ATCwtE-uOhuwisD-DBMh4YDy3KwIQryqqajku0JtZb57_zRbJcEaiOD4x7PMC1izEA0rTjRT4kXW_GGzj1b4__udsm1NtfZzk7ZjhO_m4mJsInnRfoTOEH-ax0fEXV-CcW0ALhY8H3qzHzK2W-PCE3g0_w_QC1LOr3gU30sN8K2v2evG0anxvLYAMd_5hthD0VwG6yrsemZPyCo6j-bdrHdnTBwRt781N7aknjxpBO35OfRC0p-NqN7bcD2Y2K_HohcJvvKE2AqbzOD9IF2mEVn9khaoPckcufX8RF-ALGrSisDPS0GqLj3UpYI8OgFsUpBf_AzZ4MCdZ9S4PILNPGInj3lIc085O-0_EzGyPwDuy70RaAlMspYlKq4fpRRDn3sZv2fbTYHqN49Th24e2BPA8EHsPXkeg2kC0VRsb8-i_H7S5khBr0AYncfrjURvokByr8s4FFsrBtZv-goHekXqc8a2N8CyY3NTmu95g0lDVIkZX8AXrcZ42cJeXHJk9iWq4Pd&si=APYL9bs7Hg2KMLB-4tSoTdxuOx8BdRvHbByC_AuVpNyh0x2KzU-2jLaotcHEb7B_tO8sMAOedyjQN1Jou3GOI8gb6iknsOZh8Fsns-4B1TGDmoQp2TFLopY6CaBZF61_L7Hs5FPVOlkaVHya4YN8GBRagAUMlDrasbDJhSY-u68iaDJgksRyRBI%3D&sa=X&ved=2ahUKEwi48_Tkz6KNAxXETWwGHdNzCIkQk8gLegQIIxAB&ictx=1&stq=1&cs=1&lei=Il8kaLjaAsSbseMP0-ehyAg#ebo=1
apv51yx,https://www.google.com/search?sca_esv=acaa21a8b7677ebd&rlz=1CDGOYI_enIN1123IN1124&hl=en-GB&sxsrf=AHTn8zrK1bsEVWOE3UgqGXfqReDVAaMTKQ:1747214131276&q=rashmi+skin+and+laser+clinic.+reviews&uds=ABqPDvwyW0f6BFlfHh5WUiaor-r7BfMHjcPwqFH-mdF5X9zPwVgNs3sj3fAG3orMaoMwor6zmY9IeI2R9oPIeDzhvKBcclC8p9vFjCSgDAvqcAxmyU2pROVH4m8tKPO_O4QYGm2QmXS0GJZowgY5FZPlnQXO77ZZ53dzmHKElQDkyYf7iuLtc7xpkVQGegQ2NUyj09A_WMkf0YIIt1uhQsz2qN0UE4IGDTjBbkg-y3iGSQPcU6aS8WRfEfPDgSyYft-fOpF6OQ3VHqcUlowwgFKIHA8VGlFrIng3aWVxaqeKANpNziyKVqM1jhZnUP4wq_tpIVLTIbYkGFlid-0VGr21g3VsrMKYm6i2MOpyA5ZizquPVdj2xeaWCIRLAjwgNsT6sLaxWT3teYKumnT02fn7bYNNXRxpTEi5OyN6SrD0wo--_UW0tEMULfJNz4Fcfi4gZzmJH0cyj-cD65BG29Uekuvidkq9vVrx_V6sTvUz_5WVjvNahDo&si=APYL9bs7Hg2KMLB-4tSoTdxuOx8BdRvHbByC_AuVpNyh0x2KzaKLnyd2Efr1yBW54fo2kXYqxFHeWWohvWExdkkHEUrVFE1diii7MQlylsdDV8XxfFO7mbCKGQEJvaDltNoEy3TC2cWgWHy3m9JR3C7tDlDK08-v8Q%3D%3D&sa=X&ved=2ahUKEwjRtpDtz6KNAxWT5DkIHbszDjQQk8gLegQIIhAB&ictx=1&stq=1&cs=1&lei=M18kaJHREJPJ5_EPu-e4oAM#ebo=1
phs97he,https://www.google.com/search?client=ms-android-xiaomi-rvo2b&sca_esv=aacbe558707d3f3e&hl=en-IN&sxsrf=AHTn8zoa2dpQ-lHVn0XK_S1-UUZlEgyarA:1747214172348&q=tely+medical+centre+reviews&uds=ABqPDvx6kMKJ4O5HQg8qeM2j4TR7A2Qx1xdsebBb9NhKzUZF3x3Q1dfWOXKbOSXtKYQrQ2xngOmOQCzXzfxyXtxZIfT0qD3TartQbrH8Oc6DVqXXvmy6G6y56qo6dw6r5TL8svbILqWoLGcQvY8Ss9BQkEox8WFM6R7Mw2jO2Vqngu_DvKtFme5-XjZ9pUagH3NOdTbzqTdaATtw3w3vVXgxBF7YCEZ3HisQAAzmErk9VT8e0u9UbiWVAUjR5m0UVbF0gZ7KWgTFWxblc3lgEtR67NzXWa3NIuvIp698rvCYrHWM-T_cDjUwuOC82HhUIwZw-pDwuy_nS_owDgGkN82YFgotyNE0czvfuLouC1V15DzYm50SPxbuggpPUDN2Ret8D7QgJo-3&si=APYL9bvoDGWmsM6h2lfKzIb8LfQg_oNQyUOQgna9TyfQHAoqUlHXMTjiLt2jjAEIFmybDgtGtqU4LkZ0vY8dpp2yQKy6KZeosh_NXnOD2YTPdSoso6rEU-RS8vAOq0qkMhOhvwmAOSknDduEhWwiVRynXBA3Vk90pw%3D%3D&sa=X&ved=2ahUKEwjHntuA0KKNAxXCSmwGHZl-O44Qk8gLegQIHxAB&ictx=1&stq=1&cs=0&lei=XF8kaMeAFcKVseMPmf3t8Qg#ebo=2
twm78zt,https://www.google.com/search?client=ms-android-xiaomi-rvo2b&sca_esv=aacbe558707d3f3e&hl=en-IN&sxsrf=AHTn8zr5nO8fq-HRAiu6aKOz4HYqWERWsA:1747214190998&q=radiance+laser+skin+clinic+reviews&uds=ABqPDvyHGKWWTeXc5RTuXg98ltJ_REvK7dOgtdGyXO1BnXisXyiMP3GXWvSFUVoVVOxobN38RT3Lu2IECt_SWEhA4bW49q3Gwl6QOI808zYdD8NZc9sjXocjo9Tx2ffWPZZ0KCjUx8hHSMHWJKzQV5F4ng1ClCZLsTS0FYgaTCHtL3iPZRgkFslnuCVI3_u0qittmIxfB76gTpGNCJgRv86pX0FZAVMl8HUQgjuzqk10g5_rZYmUXV2EEHT27xSZilAo_yVx56aPAA9_pwodxj89K1TgxK0oWQmj7bfYhFV4Ib3Ip9WRCzs0SL0w4G7kf1CbTvfdcS-RzbxKbdOR2nSQMqTrC0eW0f92jQ39s9-NiDAjLZIPb2aLIpERoMguF95rF09VnmrtIxtmyTnzn9_UNtWYO0fxKQ&si=APYL9bs7Hg2KMLB-4tSoTdxuOx8BdRvHbByC_AuVpNyh0x2KzVkm78vVc8jlTUlY_balan5IRGpVFQeSBvH2_SLuNDVW2fsmEYNcceNIQeMMamIFHVew4EgTnTIQkrbdkxtpxgDkgWY8yEAll-AoMPEBgZbDQ9fG-A%3D%3D&sa=X&ved=2ahUKEwihyc2J0KKNAxVSS2cHHSPnCY0Qk8gLegQIHRAB&ictx=1&stq=1&cs=0&lei=bl8kaKHaPNKWnesPo86n6Ag#ebo=2
tqh68vz,https://www.google.com/search?client=ms-android-oppo-terr1-rso2&sca_esv=de90481cfd079ac5&hl=en-GB&sxsrf=AHTn8zo4vsZpGtlWyfJ3OtLnuitaB58JHA:1747214208120&q=dr.+vasu+kadanthode+clinic+reviews&uds=ABqPDvzUoBBw2SLduhgTJGk5h-kHBFUreI8kIVlgX9ysqPOhKwttuolQdVs22nNPwQtDbXKjX2YRnoeDqdkRQrQ2uEJPIIg1Ozpu9Q6tDN1sl-uDjnXBDefTTzBvwD88D6d3pe1fJCB-rHSLBtasR0LJcr85KTUGVwsit9FUvXzr7ODP3Gh_HV5rttZ6cAL4GKnNWSUziIR1lynhLdanC9-80BLr-9vYK0BOeRU5Bx_MCQNaOtDAtzYNna2q-tawVk-FtLRPJlu4QKE2a9gfDnuLRk1mIVnNAOYl-Lm7xkdY2q5cs480RB6RnwIQesXK7b5MmhwRUYYdhRrvf9Xw8VzG69GLZfAGQs8AgoM_u98_VmlDVxrwBcxmjp_LuCJ8Alk3I2MAxKucboYYMxnn37jhdUT2ibzkKI408VSJC0TKPojKfJXc-xWFfxdvgUWKAIiMkC1mgvcOBNe7Qn-snySJlaQdcGl0ZK7RkAGaVOxLqOh6GCVA-HKG-qTq-upeXLd2VoLIuKXJ&si=APYL9bvoDGWmsM6h2lfKzIb8LfQg_oNQyUOQgna9TyfQHAoqUnfivRPyBYyD71lyjtn27SoeDn29w15vLrv5Jo9U-4zA8aOO37er33igVBukzIosYxxiyiCa3eBpoEV4N5S8eCK5CwfSOdHLwnSyakF5SmYaKu5QDQ%3D%3D&sa=X&ved=2ahUKEwjuzOKR0KKNAxVOR2wGHfoBPdcQk8gLegQIIRAB&ictx=1&stq=1&cs=0&lei=gF8kaO6MB86OseMP-oP0uQ0#ebo=1
xue40nx,https://www.google.com/search?client=ms-android-oppo-terr1-rso2&sca_esv=de90481cfd079ac5&hl=en-GB&sxsrf=AHTn8zqstw6YHcHshz2MtQkdQI4t-CVm4A:1747214250415&q=radiance+skin+laser+%26+cosmetology+(dr+dhanya+prasanth)+reviews&uds=ABqPDvwaNfsV6ZoAfm_YJ9GVNTNWUuB2RApeQkVa2OktqThy8yW4KvZL6zXWeLKLdF6_3Pdjc9uZf4hjQCZ6313yYe9EU5JOr9qQOPub9enMXckNmiREOOLs-ycnFZNfsVgpMGqr3YcP_YOcQQCGfdZKid5TfFZw3n6KG0SeA05LMO3bYKqXBQGoY5N1bxytJQnFsKsayxDqw4mvmFupvkttx8z4lbeFGErXF4q7oshFpYtRsT8WaC3LQGmNPnN8XLFk3pmxEcuajdNbPwdswNmcX7bKd3VFbN7U49rtdGJ3ouKZhU8fibJNKxf9bY7qWVzWAAfk4llbLZpL6ldDdFl1dsKAeYreDG1EyDnilmyOa3CJzlBpNlIbs79XDyXsWp7qCbNSqsqkwJNfz1IjW2sOuB7gofEBDfXD3DJvKUFKenVnyQsMWbjD6TqRB5Ql4LSuDoYJxRUR&si=APYL9bs7Hg2KMLB-4tSoTdxuOx8BdRvHbByC_AuVpNyh0x2Kzago6urytMruxWQHgUaeFBe6HWcmrO8gYr6wEdHeSV9A4q7QMA8vC_VrEObaKIQ--MvfLrhdc9jT_WbaTCqgY3mgaVLbxWdZEnHGkpIOQSzQeeL0qKL57XWEUl3_MUAszkzOcdOZNZtFfDnp4FClKnSE_u5D&sa=X&ved=2ahUKEwjj-Pel0KKNAxWdRmwGHQHwPA4Qk8gLegQIIBAB&ictx=1&stq=1&cs=0&lei=ql8kaOP7GJ2NseMPgeDzcQ#ebo=2
ehx87jy,https://www.google.com/search?sca_esv=56b805f668569b83&sxsrf=AE3TifM2VX5Qc0LX8A01S9B2_PQscl3Kog:1748587318067&si=AMgyJEuzsz2NflaaWzrzdpjxXXRaJ2hfdMsbe_mSWso6src8s5QmhDBguVQ4xvyp9cqFan7fxYYv87i3Uw4cZIRPRPS6Lx4BtuHvPR_BF65703UrksMVnSTZWpGqXdruE9NyT9pbH8QZ&q=Asha+Hospital+Reviews&sa=X&ved=2ahUKEwiF5c6vy8qNAxXc7TgGHaKUJkcQ0bkNegQIHxAE&cshid=1748587417579962&biw=1536&bih=730&dpr=1.25
hbw18nq,https://www.google.com/search?client=ms-android-vivo-rvo3&sca_esv=6f06d4db603ecb2b&sxsrf=AHTn8zpCyOSXN-mxmZ1zQF4qVDfCQizBlA:1747214642620&q=dr.+haseena%27s+dermatology+clinic+reviews&uds=ABqPDvyciaWkr7YM9CQQz0P7dKLPyUZZC_qXJuUyzNZceRziw_2_BFuHyrLAez907qaH4fIttEwgCr9GkH5B6pWIpqpgd3bjjc5vliraEouQG7PHvCcnTRqODgyKcMssgNa7bAt1i7jyv_NUEfGlwnrJ5RYZJsU409-rFvH1a0wcx4Fuj37XToGXMh9EF6UTBrj1znb7AWYFaz1qX9W5Z9VJESbYVktSvdWHZGeWREdkT1KVmGhLkSdkPRxrnlxZOFcwv0zbjpzDsZ4wFj8wAy-C6Uq69oZ5z_SW4b344b-s-0qcihIGyPi9f_kdS4iEBmuughVvBEQIU_HtuzK9b60QeowEo2vUbek98VsZ7YKbvlF-yzy0TgPSpAHXyBrEBB-T0c5xfiRK35Eoqsar_gqO1YsCtJ24a3rCQGa77qS_4wX6tIfwCNXPJIkSl2_BF3EgjnySeZgFuPszXHaIRGJ7-YL2yM1nZTqsTe5fi2O9rwqTlxMKJg8&si=APYL9bs7Hg2KMLB-4tSoTdxuOx8BdRvHbByC_AuVpNyh0x2KzUfbLEVPOm_nplFTajset9sayfIR0R98d462agbqd61J7MqT9XC6xZqdZH4WX4CXUHGP-zi9b6y6Od7KtFAF37sh0arZSAFznEGouJs1ZY0b30UJE3YD5GoJjNDjWjZBSedicQ4%3D&sa=X&ved=2ahUKEwjGr_rg0aKNAxV7TGwGHf3uDeQQk8gLegQIIRAB&ictx=1&stq=1&cs=1&lei=MmEkaMbOJfuYseMP_d23oA4#ebo=1
dqs30ia,https://www.google.com/search?sca_esv=393159a26b253a41&hl=en-GB&gl=in&sxsrf=AHTn8zrS2y2d6HjC4K8yqqfHdRex8VBmfg:1747833855836&si=APYL9bs7Hg2KMLB-4tSoTdxuOx8BdRvHbByC_AuVpNyh0x2Kza8q8RtLGKf2cVCo-DdC2oKpUJHKUwa8bndbydSiMwDxB8L9k29yOWsK8QAtMTskngqxN6LIGNlMziI8f8ghnX1aBiIBc6KY7CUe0n8zWXHeXm53qQ%3D%3D&q=IQRAA+Aesthetics+Reviews&sa=X&ved=2ahUKEwj84unA1LSNAxW2oa8BHUo2C4EQ0bkNegQIIBAE&biw=1422&bih=650&dpr=1.35
xlx22wu,https://www.google.com/search?client=ms-android-vivo-rvo3&sca_esv=6f06d4db603ecb2b&sxsrf=AHTn8zo6pwIUYz_z2epKoFprbqc89mbDgw:1747214696793&q=nirmala+hospital+reviews&uds=ABqPDvxO-_MrqVUTz5RREd2TXpoWnr4tJcQ8ZJCfCBAx_8Msgom_EvoM4rXc7sQTVBWGI4FY0OM_bOsfSkQm8RdY6Jl8lPT4syS3MSudaVUwleMY9Qe5Eg9s-w75qDs1NBHz9P3SN_t5M0dWATOgkDqzFpvs52IpRSciK_nS3Co2fO1w8RR-MlWsIaRME6fHjBzbRRqoRFxBDkPbBaGEa97vjHPXZZ1NUVcGPKCh5PHWhlFtlmwiWFjGyCtSm_YzGgv3cqUAN_TZOaLwW_AOG1UDXlUl5uhxRSBkLSqnoZqSJF_5XFp-tMQ6HeMmoDP_njO63ddmhn2kwIuD1qXCzAzlGaCqkDWNYeN-dM6NzG6CPYWn2FcpekE9NFIuduiM1xPAiQ1wn-vY&si=APYL9bs7Hg2KMLB-4tSoTdxuOx8BdRvHbByC_AuVpNyh0x2KzVaVvutwI7BWckjkazJIgfOp87bxYYAObg2Gpize-EOLlpXyo5hMCAJX00W5E6idcsyYt2Tn0S_gH-akIJTn2YtZfB989H9jm6_FGkfxXb2tIIJKBw%3D%3D&sa=X&ved=2ahUKEwi_9OT60aKNAxU_SGwGHZjWN_sQk8gLegQIIBAB&ictx=1&stq=1&cs=1&lei=aGEkaL-gML-QseMPmK3f2Q8#ebo=2
sph77lp,https://www.google.com/search?client=ms-android-vivo-rvo3&sca_esv=6f06d4db603ecb2b&sxsrf=AHTn8zqAg5_s9m_S1e4e01EbHsz5yNdGaA:1747214737404&q=pvs+hospital+reviews&uds=ABqPDvx2ZhAIZ9alrR1KokC3NKl0-RRIhVNNzK3EBfrwC-xYTFhk4IwhMIW3-6C_7pBVTqY8HS7a98GAy9dUEWrBUy0Priu-f0J7ZDleUqUmYOJuIQyCBOG0afSWAsG4a6iLdxcp3S6hnq9HwS9w5ZH-9mn6denTcG5QlP3I1WcuvOpj5D47KlqX8tuaeEw_0xyF-6gllTtVWwn_1Xyi4nc09xYXctUEs8HUOtiqNdlrs-gv8h50sfrF6vxZn1-gN5XyHpwJRC6RV9jbNZ8dcoxEytkcGjqO7C0EVaYdK2hwR6YgLjiReLPxEtHAxOuDVd0an6mSQhEv8y6oTHyjtetRIPhBOgZT8pURBTLixjmVG0yFK3yRKnYAiYRieo0TBzcP01HvufistNpzp84_tPRUejsWtAwjOdveQylTenu4gxT5b1iG1GMILIN-GRQLUpprGd_79q1TlDqFbRvxxUAzRTinayaiC42TJ9tttuN4dIUz2Cv--5rKDtWDkOVMSJtO7teBhHjYwXV-rATWCTaOIpiMcdc9E7hZ6cpEKQXnBhWDdO8OaN0&si=APYL9btvhO6SAb8jF9HqTZMMa7vs_teLnZaEVrJZwRKFIIKjofqIB42lk373_mlWLmu5BxB1q9cRw9iziOAI7ekNPstYWiKjrh8dApp-UWZ1Lj6paCzoOKc_3r3Bg7Dbf51rM-LqQWHG&sa=X&ved=2ahUKEwiixZOO0qKNAxVpQ2cHHQc8NeoQk8gLegQIIhAB&ictx=1&stq=1&cs=1&lei=kWEkaOK4GOmGnesPh_jU0Q4#ebo=2
vdq07ks,https://www.google.com/search?client=ms-android-vivo-rvo3&sca_esv=6f06d4db603ecb2b&sxsrf=AHTn8zr1B-7h3oXyZp8EzhTd9BBaZbwEog:1747214769425&q=iqraa+hospital+reviews&uds=ABqPDvzW46ctFy6SA0k101AGZDQNge1R30srEzjxbSawZeBgPb9kpPNX8thgy0JxyawBvn6LGtVMUzpl3PJgj1BOexVZzU9k8pWAQptVTj-Vu6iPF4OrQM0NGvgYeJe9CsD35VtojjZam9F5u9zUrdaFJPPF9yGqPQdzNxkIvq7pxLbva5n99oWW4KbVaR5kKt7V0-MXfFOmpNCWWpcRpjWT8GMSaZIpzNBlzPMP7kcAe0DwfvdAu-WC89r446QdPHJwjR6kShDaOrj5ajPs83qjtZwXNlQXJrwRWri9AU9U4LeTcdjjB_GAx34H1W2Plki1unxoLyV-GIrA6G5OWZFBdXh1If6tpAGmZsGUsF6dz0zE-4mVpLctQ60e-e8AMNf3eeg9JSPs-Rhkbt8Fyy7dsXbRydb180XXt-XIsARX-Ruv3K7757YzOPFHscpiUXPD8SJHoP6vw6-lYWs2OMkqtde59ll2gHaLTMFcYKBNGQqVXFJF1FNuomkcq0oYFS8dqbtqjanY-P2SQL3vrBzfXBbSyUnwMDnMFaGCXiENYGt2RL4DndA&si=APYL9btvhO6SAb8jF9HqTZMMa7vs_teLnZaEVrJZwRKFIIKjoSwKNzNYfjvY1zl0ndyFueZl8pq9EBxgY6N7UNoU8hvykT8okPuNMGU2AYCZKuA6nfbn5XxEeddSsBct9IqQPLbZacNr&sa=X&ved=2ahUKEwin_7Wd0qKNAxUiSGwGHRX2Dh0Qk8gLegQIHxAB&ictx=1&stq=1&cs=1&lei=sWEkaOfiGaKQseMPley76AE#ebo=4
gei77xo,"https://www.google.com/search?client=ms-android-oppo-terr1-rso2&sca_esv=393159a26b253a41&hl=en-GB&sxsrf=AHTn8zp6FA7Xq93e9dWXKU--XUMKBVnWYg:1747214943373&q=nu+derma+skin,+hair+%26+cosmetology+clinic+perinthalmanna+reviews&uds=ABqPDvzLpMCsA29llaCXhM4-3BQpq3arjO3SKhgtsHef_MAh5hYsp5bF6pToasXkCvK5ttxQGlGWWzFLv1PRBel7qsgWjLzfvdh948G_EdIlOMsZH3SJPUbnixqVk3yGkaS0TH3CILHYPe6HeXDV5axD2OnwRnccqUV6hjZzddggIXkcUNO8HtiWHT9uakX_VuBaWPRsFhTssv13lOs_2ksNDrvKU77FE3A-NvpyfZwP7RwvS35wxNXxXNUo_JxOvCMGmcqf2D_bE9Q7cKbdy9RWL8QnVAp2H48M0mNv--GbRCAURq2IL1bdh8zgwLN87m_hoVeTjbdFm1xj-BK-rbKcSNVPGhBknEYHu0RyKjkTJ17jxw90gHf_rvsGpsLnPkqY7LH2yto7WZ471nu9Y33GQJmRZMfmxlvD6LatoW4-ETpDDTkbvPxn6FUpaTmyvlgb1NWB8JZjrgWUzA6Dx_xkPYAj4tf55CKBy4ABJ8PgRq11bHs_XD0Jmb0X4MR6z95nXEP2kUlFyhOu51SdeRzKO-niYGkSsw&si=APYL9bs7Hg2KMLB-4tSoTdxuOx8BdRvHbByC_AuVpNyh0x2KzbspRObe936bRFG5ZmlyHNFp3h_0bRvVC9B7AuO7g1gYd6IKr8McnwO9AkG6D9dQzxzgjLIxwWBlisZ-LBK2GbwXDXehNeSwBFJCQNEICjxYiRIxjfsftr5RftDON-KDLPVbK5xRiACopqZtYE94jxkOWVy1&sa=X&ved=2ahUKEwjU9q7w0qKNAxVazjgGHVUZMrIQk8gLegQIIxAB&ictx=1&stq=1&cs=0&lei=X2IkaJTLFtqc4-EP1bLIkQs#ebo=1"
qhk64nd,https://www.google.com/search?client=ms-android-oppo-terr1-rso2&sca_esv=152f6ce784128add&hl=en-GB&sxsrf=AHTn8zqaJzUtVCMBW4jlrDphsC3pgLNUiA:1747214974084&q=dermacute+reviews&uds=ABqPDvxLO1uQXDSRHPWdIeXJpYz5jpEZSnmuMndEK8NQSS7WwTRxrkMKrEe7cMWEL45-2gkdI1J8rT1r-B7P-icIx35s-XEnHUWcs10XCsxpxxL6HejjHwgj4vJAlYzySs_zFdVOQ-YbgKrO7DuUmhRCf0UPOCO9oFZdO4tMpHbgKkjq37MaqE1vMFgfvnQ-4cM9xWC8dwpKKyox26bLSROUavI_Oxr25ls1AfJq67sTUkv3iZJYGmN_HaQcW0F0_TKPPsXJeWjpevlrcPwx5kLV3qRxD0I8kkvChwKXWIq7UsyryAyTHQxMZNHiPQIlmTogRPT3BD7drGk0qgwxkry1XbNR3RJN4cBUkOLjcm9KcAVVSWe8tOo&si=APYL9bs7Hg2KMLB-4tSoTdxuOx8BdRvHbByC_AuVpNyh0x2Kza4rFgLT2cF_hdsjhOIajonBUmjJYMeUKz2M6H3yZAttaI-3f36u1uaiHp6Vztq5zy_wgtRIfwzqOk6BBYnph1uqCW1k&sa=X&ved=2ahUKEwiUp4H_0qKNAxVmoWMGHaW2CX0Qk8gLegQIHBAB&ictx=1&stq=1&cs=0&lei=fmIkaJTwBObCjuMPpe2m6Ac#ebo=1
stu34hi,https://www.google.com/search?client=ms-android-vivo-rvo3&sca_esv=6f06d4db603ecb2b&sxsrf=AHTn8zpL8Dwwz8DWhmV6Eww3yzRj5nuJYQ:1747215128810&q=dr.+shabeerali%27s+skin+care+clinic+reviews&uds=ABqPDvwfIH3GNV1U38xA-gn1_h5aR6ChezjrvyurV0QIe22B2rEJYfnz6kOZ3_h1Nj7JbwdDS8QnvASZKaRYEfBpSM66U1ze0C52oWlgMeLVhLL50kwpnIJUiMsoU0WGOp-04TCdWPudJMGaT2_Dxf86zaO_RBmroprxcAEMQq8ZG0yNq01GUEhRHRTDalTs-Ua-fpaoLTDLHhm4pOAFkT9xS8dfGg-FX9o8eOpIzfcLrB_z5S-KYEnsOJ3jfN8Zay2l3r2FfV0jdOJzDwEBs8uPCK1hQPMsfpghEUpqXOxCtzK1NMTg8flbpOov4zbP-po3rKSI994OftezESgMTHxQBMBEl81af4M4kkQvoO-Dzr8MInCwzBx6wMPalOIh-uvdWMXrUkdmubP1daYQUcd5V2pq5KayEcVfzMDPHXM3IMsXcGAFANmjZaG0Ix1jFoIrumiF1K00zVr9jQGDn3YSXKtKYK64xHkHE1Z6u6hM-ckJFMoxItU&si=APYL9bs7Hg2KMLB-4tSoTdxuOx8BdRvHbByC_AuVpNyh0x2KzROO0ZNfvUNgSN2L1yLDIHW7zJfKem8y_C3O2QmvnEzUVxdOUed6nyAhD9fMGVzXhgA6m9TXMD0KO69MtBRXaTeyfR8V93ExwGuiLxaicGDF08_wsl_q32SOXJTGgOYZ7QAPaTU%3D&sa=X&ved=2ahUKEwiEi-XI06KNAxVMxjgGHTwhMP4Qk8gLegQIHRAB&ictx=1&biw=392&bih=742&dpr=2.75
ckg35if,https://www.google.com/search?client=ms-android-vivo-rvo3&sca_esv=6f06d4db603ecb2b&sxsrf=AHTn8zojuYJ-jJYwv8H-Z-9av2q7EH9coQ:1747215236446&q=cosmohome+reviews&uds=ABqPDvwNMQrDhHEaRh4PlZ1fbxJNr15XGSHUs560vYtXnlFDM_ThofYMjAal3vndlPLQorTrwNOxcFZBg_AJFcLogcO-dd8-G27pu4-GvBAQZttqKIFZwrfHOrKHWQ87HiaBmHS6D4FNgt1zgCDZQyGwvh6m8AQ3WbXYPmNM-q76V9Ar4mLDroiakQsvLq0PcqmhP7eo3vVmR11Wvvzl5IdN---MYXdSzofgSB-Fc97wlRHGOfRoQrfhS5ABmkkQYdh0793Mx1Cn82MMBAutYgPiY2czy3ml_5yT8vQ8dg64irq0Q714rvcjJtf-jpScwYCwhDxJD_rBuG20o5xbyynp2zWxIe0YkJI76iUoFsfpkSaAIcrbORYAEOT61DCT_sVUCr0qxLldAIGqQhreBeWJ-cCysG00kA3-LRgiyTVNSc-q87ZluYfBsME5hWw4IdjLukjMjlXB&si=APYL9bs7Hg2KMLB-4tSoTdxuOx8BdRvHbByC_AuVpNyh0x2Kzf6n_84LDnySg1bnGdJ9KUbmYAHywkDp4_BgHr5exeN6o_5tdo0F4yrtgBxp7v_0b5B9BM2YvDcRsOgwZhITnzizSqyk&sa=X&ved=2ahUKEwjeyo7806KNAxWvzzgGHd-vAngQk8gLegQILhAB&ictx=1&stq=1&cs=1&lei=hGMkaN74Gq-f4-EP39-KwAc#ebo=2
vge50dt,https://www.google.com/search?client=ms-android-vivo-rvo3&sca_esv=6f06d4db603ecb2b&sxsrf=AHTn8zrs2z1A6yRXhWrfDkLEWpnULeMp6Q:1747215187449&q=almas+hospital+reviews&uds=ABqPDvyXcRDbNBRmuB7cV8Ye_dfbN9gVPGVTJVnR0-Bkzt-_uhp-ikj1Nu1-k-K5DFKpQoh3QqFJzN0X85sg9cM6wBNuddGgeSOjKqd_Rk2nU7ToiX0dT5TtvyogmMJ3WFMAmmul7YLtqp0iGgIpinUdNXBv-tiiC9dG0994C7EiV_cfjZE_mExcKIuv2ceQJvnTprIHLGvv-K6WPC1cNLj90FGaWX9dX0zOSMGq-I9XZTQGWSEC30qhCWDiDOgM8NvJDRVoCvxpVo9cN0KfHYn5SIq16C9QBNPngSvYFGAJEmXugrsNkjhiEKyTGpNlM7YuwK-GpLueeBOH3460w74o6oOCjge1T9AVxzYD1B-h93JJhvDDXqYuuQyyRoU7QsK_afdZsf2Q&si=APYL9bsoWDx2JgPUFzNAbypa-an1_VM7gtP0FcPg90QFu0bDXd0vJr_PsiLR2jwG1YTDmINMoWbVTgxZBB7YgAMNOFKEU6QJL10mrqgTbTvWSZ-eqoploKHvhVZiIWV7KOqgogiJq4YQ&sa=X&ved=2ahUKEwil99_k06KNAxUe1zgGHQ5aGVwQk8gLegQIIhAB&ictx=1&stq=1&cs=1&lei=U2MkaOWBG56u4-EPjrTl4AU#ebo=1
oky96tt,https://www.google.com/search?client=ms-android-vivo-rvo3&sca_esv=6f06d4db603ecb2b&sxsrf=AHTn8zpWp6zwdPjEBJWcHovmBtLRHf633A:1747215298997&q=skin%27ouse+skin+and+hair+clinic+reviews&uds=ABqPDvzO3Gl-8kyqH8rSrc1qhJWS7R_GrH5sQPMOjsiB7iE07Qc0dlG2RZ_IvMQQftdUiuF_ww9i7_MbVUNgTEm9fxnWyP6g__LlNxsWw26tUtzUuQeZRBo-H2sxplpbm4a8yIIRtIj8aL--ywRAlid_H19437B6jaGwXo8KkjALKBosLDHF4a-LnmLOcpE5Slgq0GFYkY9hEKWXr76bWVyCFvpbeSMaQNo9Lzja2Su8fGbUbI7MijD90_OQLp2WG0lhlag31sGwlMUzVXWLlzr8K6sNrInONGdxzLa-_2iYAIZPjv3p8CwYWKRooauUyJg4tYCdiqS4_gIXyKdMYqxsVBgZt_hXgGSCRwSANG4K_pc1WFEUxEQSCmWVh8mAtu9D0yK6df4RsbL3TmYKeMJjy64J-DY5mA&si=APYL9bs7Hg2KMLB-4tSoTdxuOx8BdRvHbByC_AuVpNyh0x2KzY0OU_oOQchcSSL8F0r4PXA1Pie3XB7rfpRuU1gh6BBUkf0UD3dHmhOYwu4wlJaFezlINuq4JumrEE3U50SMbcXgA_2IKsie_aZma7KZqN6KkRfd1Q%3D%3D&sa=X&ved=2ahUKEwiFv_iZ1KKNAxUHXmwGHbGXB9IQk8gLegQIHhAB&ictx=1&biw=392&bih=742&dpr=2.75#ebo=2
jmv63qk,https://www.google.com/search?client=ms-android-vivo-rvo3&sca_esv=6f06d4db603ecb2b&sxsrf=AHTn8zrvva2NmOyWvM_356ULn4f1cDpftA:1747215359667&q=chandramathy+amma+memorial+hospital+reviews&uds=ABqPDvyX6DZ-_3MnSLR8gCTeHC8aq92qgO2l9pHKZ0wh3cLoiJslL3Lw3Un9ITxA8ehDghTPSx5xvn_wzK2Dw6nhvdDqfCOAnv0BQKrPuPgyboHFIhOX949BYBhpmUA8bnqaex4c-lqhiB-ebZAahiAFHcZee0waKoqcNbAK4ERPmMy1gaQOIZF4rNjJfl8dfOrnGXpjzRcfK0ABAKSRL07KFM0pskIdwPMRWqn1tLIR-q1nQYI4_JQNc4G-rQmCu7nHBTHmx05-_OW8GJ9AAj9T6SkH-VmPSYRa_QVxSeQgesU-1BkQttMQEua9Gu2sgHAlHsNVqdZ2IND8p1IPCSqtWJdDG6eRIxvDr36pmxbkLhwoZLtsFGlaMWuYh_ouuN0vburjXyguipUoUWNH3Y8m_1139I78egO4SWF2gQ4DNA63Q9adYp1y-3fGYBjhKrygBJkFaHNk4_BbTvu_CQM9J2SSBp8KDsHvMKBFyOtJXFY30sU7xoA&si=APYL9btvhO6SAb8jF9HqTZMMa7vs_teLnZaEVrJZwRKFIIKjofPqzsje2D9QZLqjBR6H3u6nzFeudIk0If-_oWyUEmDnH5rpDW5VWjW8-GcUNAassP4UVfFT8A6JnN-vv1gEh3w3tZpPFfNl-QgPS7guCxsdsauNZpuZk0jgD0vOb61WqcV3OQU%3D&sa=X&ved=2ahUKEwjjue-21KKNAxUNVWwGHSdkHEYQk8gLegQIIRAB&ictx=1#ebo=1
huv45wx,"https://www.google.com/search?client=ms-android-vivo-rvo3&sca_esv=6f06d4db603ecb2b&sxsrf=AHTn8zrotWWrWtkoxHjUnb84xgjfm51KLw:1747215411582&q=ansar+hospital,+perumpilavu+reviews&uds=ABqPDvyHGKWWTeXc5RTuXg98ltJ_i8Or8pBYaTf-KUGW6slTYZapiEBONfAVAWa7Rk2Q8x18e1MAiRdUEd0h3CNaKQ-4qzlD09ZDUxLGPpplytZ1bIdvutkh1ivdT9Lp8_P0VyxEQI14VH22XtHm5y3LNs2_u1gFJLhMHHDWiY0zmSpycNYHYhiYuUqO5SZiiZaFGQ5nl3-M41UNyb593MRs7eRkEt2ikF3U0L4nPc2Ayx-FfC6A-NMiAbygHAK9QBn_4BbAnXHtg6MdYFePcHJNXM-yFGYGsQoykvOmMr4lXNJ43BdsD-gDp8AcEv8-f7NT8e20wj39axgCcvAAunHUjac5L2YyXjmr8Pf0Ua_h54bc0Ob_qUvZbnU31O-JysCSsb8p2_Nv4-koK7idkLGVPqoQpw7QEA&si=APYL9btvhO6SAb8jF9HqTZMMa7vs_teLnZaEVrJZwRKFIIKjoabIJqpcQ5DtByMPpQGnWBtrl-B365SJJ0aWE9UbavVXagB9BpC1hYkjCjMIOKCITYwrD27ngVVKK9Z9X-Ykjwmnsw6BI0zxtUMrZrSGQM-Dw3xCpA%3D%3D&sa=X&ved=2ahUKEwiEhNDP1KKNAxW0XmwGHc3iDV4Qk8gLegQIHhAB&ictx=1"
euc77ba,https://www.google.com/search?client=ms-android-vivo-rvo3&sca_esv=6f06d4db603ecb2b&sxsrf=AHTn8zqAh0b6RP2O0SPZR_en_5hD8vTnPQ:1747215444547&q=dr+shruthi%E2%80%99s+skin+and+hair+clinic+reviews&uds=ABqPDvx-qSPT-6BcFzIyl96FvBBxcV0Zjy1z_z3CMJEtVFPeafP3cRcFDJP2UFHxVChiZC995XrKcN6ArkyVPLhgvQJd6oKcaPd-qbWpbTh26dnH5OSIvJUlQJqvhqYdbPjSt5VPWPYVGOFWlNiuPKr_4yyMZeu9EXL9pM_-9K3yqsCtl0JMze84yBrYtOLJwk3DJSkrKObFO8QaF0oa0koP8l3zVsznjc5yw6BJmq6SEV10LzZ8tYIuD93tH0KXbvyEXC-vp7Gf_Xh907MCX8Ljfx2Ctk754odzjB0j-qhm-iHanG6YKJrBa0IuVMtNimfgS9hEhe5xoUfdmfRHxDQq0zvCCfIZGD5Gf_03qgwJMBOBfKE-zL1LRa_woFtjfE2chWuQ_WE_Sn96r8j3-aYHJyM1Na7cwwjtyp_X2B1NdYQp2R1F664p4vRSL0J4OfLLgHPBxAQnC5b_aSLlz7HRdC7S5FtZoYxpAYhNKc4tCIruubITuD-SwgzW-lcU3MpOakhvLIl-FvYtZ0cyEDUZbZHTvAc2xnstUJFkCUHoosvKImuQbJTia6LabT6Lq17gIaninpQTiNDqozXS1UG_7CTi4tFPew&si=APYL9bs7Hg2KMLB-4tSoTdxuOx8BdRvHbByC_AuVpNyh0x2KzcPavrTbOSTDmGPEmdqI3cpfIEZIDSN-5NZPOuEwNjJXfZnO9uJIqQ61WV1ezVTFPYE2eSub8G5q1Jv0ZH13cMYXOqIGXyJraY42lSYTykr5RhNS7e3-smdeaur5up1q21cPyfw%3D&sa=X&ved=2ahUKEwikmKzf1KKNAxXkS2wGHX9QG9YQk8gLegQIIhAB&ictx=1&biw=392&bih=742&dpr=2.75
tgo86ic,https://www.google.com/search?sca_esv=b0ca21e5797e63e2&sxsrf=AE3TifMxN32cL8vLY0B0hYPPF7QBXcuROQ:1748515389008&si=AMgyJEtREmoPL4P1I5IDCfuA8gybfVI2d5Uj7QMwYCZHKDZ-ExNEQnlUO-qdgQE0lct0dd3Jja5Bx2i3ETaQleDjmUij684QB35Vs-TLnb42Fua4CStYjAQS2i0kkVvyX5RyjtTnSlmcS65ETeSJHLAkeQYyvIKhTrjA1Bt0fOkum_Tdy2t_GOA%3D&q=George+Chakola+Skincare+Hospital+Reviews&sa=X&ved=2ahUKEwjesZW1v8iNAxXOg68BHYWuK9AQ0bkNegQIIRAD&biw=1536&bih=730&dpr=1.25
bbp99hg,https://www.google.com/search?client=ms-android-vivo-rvo3&sca_esv=6f06d4db603ecb2b&sxsrf=AHTn8zqrl3-TBzI5JzhCEx_UWO12xRoZVQ:1747215541651&q=macare+diagnostics+thrissur+reviews&uds=ABqPDvyZDEWVBvNxGhuJQgvOFsHylcMnhHeZSRryJ4gjNdvB2Bwazl8tFIu212pQIzXlEbxuIBisP4k60b7nfb71eZooyIG1NoJuGZKXnI8yoLh5KXLYwVHgLqomQYlTPkeffwszDbb_Ml_DNqC4yY6I4IE9isCA6iWkZsW2G9qvU3sMGWGqgGROdRJK-EhiR_PKfpfmbBFTqD3FfbrK7mvC81WBIjiY1LLmv1l1JfK4gRYwIHwu779aApX_6MnEaXpJP6uPHzf5uRxABPaObdCYnpxg2X10TsC_uCmivTUqE0oyQIGjZumKC6AeX8PINPqE0lRuJ2gFoKA38oipBWpxjI0q2LG408_xoO1wOeYTWEBONrHcIZkEkU5XGkJUjTWysr-1F7Ebc0sIUZNaTckgzON3vMYc6mYkP_EMzwfNhSfsNq62xOtRaIRHz0SwtprRSHVX_NgI1ijyDxFddnb3Jh5k-7VzTU83OJpFRsNUQpI9u3m-mtXM4Wn6uq644kjA-8DMH13K9SH8HY_YX2lDKlxa8A9-ZxpUORlVODhpoSm8cka3J5QacKas-V0gQD1dqoD6dXFixXGBMRbaDOPuE67PVsniug&si=APYL9bs7Hg2KMLB-4tSoTdxuOx8BdRvHbByC_AuVpNyh0x2KzcjzDbxPUREW1oZLydfonNUlRp3CHJOjHBV9J9K9QRBTlgivWoI2S9oCqBqOEpIFo5dIzdkh4VjDJGc25omKI6YbDk3Ac-WKuX-yQnCJhqatoKqYFQ%3D%3D&sa=X&ved=2ahUKEwjO69KN1aKNAxXsmq8BHQc0Nx4Qk8gLegQIIhAB&ictx=1&biw=392&bih=742&dpr=2.75#ebo=1
qbf18hc,https://www.google.com/search?client=ms-android-vivo-rvo3&sca_esv=6f06d4db603ecb2b&cs=1&sxsrf=AHTn8zpdpQZrflPWjszeMWGLHtTDGaFQUA:1747835880450&si=APYL9bs7Hg2KMLB-4tSoTdxuOx8BdRvHbByC_AuVpNyh0x2KzcmUAPzQPHID3T_iiPloP5oT0x00-VV2hal8gmqLiIOndlu24Zr9P_S1ILHlsozVhAVGBwVfBom5Cbp3mpR5LvQCmH7q&q=Viva+Derma+Reviews&sa=X&ved=2ahUKEwiWrZ6G3LSNAxXcYvUHHXJPAFQQ0bkNegQILhAE&biw=1422&bih=650&dpr=1.35
nzz91pt,https://www.google.com/search?client=ms-android-vivo-rvo3&sca_esv=6f06d4db603ecb2b&cs=1&sxsrf=AHTn8zpi08V_tUc2Vzrlw2znCjFxLvwTyQ:1747835969506&si=APYL9bs7Hg2KMLB-4tSoTdxuOx8BdRvHbByC_AuVpNyh0x2KzdQTID7uP5IdIEZ9OGjrfrKWjz3Wh8u3u69PHdfYnt3x0udYQjSdhPuV_aP7XLW9gy0Qjmkp1ZejkqcXLkIrfw3D_S7sj0Jjb_OT9THFsW8o5BxwKPpfKdH5e_rEo5W5TMt4mvY%3D&q=Dr+Vinitha%27s+%E2%80%98%E2%80%99+Skin+Clinic+%E2%80%9C+Reviews&sa=X&ved=2ahUKEwj2gdqw3LSNAxXfma8BHRB8DCEQ0bkNegQIJBAE&biw=1422&bih=650&dpr=1.35
gqf84le,https://www.google.com/search?sca_esv=b0ca21e5797e63e2&sxsrf=AE3TifNZc40SmfjKcFygWmMoa4M5E6KM_g:1748514187465&si=AMgyJEtREmoPL4P1I5IDCfuA8gybfVI2d5Uj7QMwYCZHKDZ-ExVO9F78QO35BzY-w_KU2V22MinpG5awTWTMmkx8t2hI-AzWBRBxTq8T88DCPeCtKkIFF9lKZ-ThtP3OQt6f2-ukkXzeGzMJEI5Lw8lbEmTTp3sYKQ%3D%3D&q=Rajagiri+Hospital+Reviews&sa=X&ved=2ahUKEwiOjZ34usiNAxVx7TgGHdDNKG0Q0bkNegQIJBAE&biw=1536&bih=730&dpr=1.25
fxz03dd,https://www.google.com/search?client=ms-android-vivo-rvo3&sca_esv=6f06d4db603ecb2b&sxsrf=AHTn8zrt3_6PQXrMPgyt6QXa-9aRJkccLw:1747836192124&si=APYL9bs7Hg2KMLB-4tSoTdxuOx8BdRvHbByC_AuVpNyh0x2KzbHgmoqAEbfNJavlP1A_3zOqPqyehIvAT6Yn8Hk6lAFoL-17hJb4-gX3SH6NNYHHTg4tIaf6fYPiTSlBvpqtu1zDsk1J_pta0zkf70Yh7PS41UsD3hShCdNlZgtuLKXu-BYDDRk%3D&q=Regencare+-+Regenerative+Medicine+Centre+Reviews&sa=X&ved=2ahUKEwiPte2a3bSNAxU5cfUHHb-oASIQ0bkNegQIKxAE&biw=1422&bih=650&dpr=1.35
wyi47bw,https://www.google.com/search?client=ms-android-vivo-rvo3&sca_esv=6f06d4db603ecb2b&cs=1&sxsrf=AHTn8zpnMXN2TweH8HOtGlLWvNKXFvUo-A:1747836521522&si=APYL9bs7Hg2KMLB-4tSoTdxuOx8BdRvHbByC_AuVpNyh0x2KzchfPT4tBPnz4XyUUcQz55z9jaAVwhW8h_553mg-yzYZS_2ZIfWvp0pJ_SAmtrnU7ZjjGyYE7-lVEkJg0QvPce2lMSkc&q=Dr.+Malavika+Reviews&sa=X&ved=2ahUKEwifsfa33rSNAxWVcfUHHTW7HeYQ0bkNegQIMhAD&biw=1422&bih=650&dpr=1.35
lty87dd,https://www.google.com/search?client=ms-android-vivo-rvo3&sca_esv=6f06d4db603ecb2b&cs=1&sxsrf=AE3TifOck0PRsr2wl4hn41WPnNArbK81ow:1748240110907&si=AMgyJEtREmoPL4P1I5IDCfuA8gybfVI2d5Uj7QMwYCZHKDZ-E5boWeLNtYJjnpdQtXO6UMytdyw_yPRcuvUSwSBeem-GQd2bJN9Pt527Vu1dzUvpr--jjm7V6LKAnQGpS89gF7kxxw8cucEDzXQzJUV9D2wXTSIVBw%3D%3D&q=Thea+Skin+Clinic+Reviews&sa=X&ved=2ahUKEwiltav2vcCNAxX7SWwGHVluFqQQ0bkNegQIMxAE&biw=1422&bih=650&dpr=1.35
dpd96em,https://www.google.com/search?client=ms-android-vivo-rvo3&sca_esv=6f06d4db603ecb2b&cs=1&sxsrf=AE3TifPUKPwiGGxLdCg3Wwvy_And2srIrw:1748240260672&si=AMgyJEtREmoPL4P1I5IDCfuA8gybfVI2d5Uj7QMwYCZHKDZ-EyvY2Pq6G3NBQmX5gr7m-iSE4vjwo7jMtc1OM_bPIy3lOQcLG7uth62jlk4eQk3p_evNUsXInaoUBmrf85DlPi8RotHERorPP2yIYo4ELeN7XrUs4w%3D%3D&q=VIBHA+BY+BHARATH+Reviews&sa=X&ved=2ahUKEwi9sOC9vsCNAxVTSWwGHR73JK8Q0bkNegQILRAE&biw=1422&bih=650&dpr=1.35
dis28zh,https://www.google.com/search?client=ms-android-vivo-rvo3&sca_esv=6f06d4db603ecb2b&cs=1&sxsrf=AE3TifNlXTWxvCekwslCFIlIGoIM4tED9Q:1748240015408&si=AMgyJEuzsz2NflaaWzrzdpjxXXRaJ2hfdMsbe_mSWso6src8sxQlVFSTi8YtSblyn6qhvcRqUyiPElONLN3MLEi1wJ_XBrg_svvrJk96d3LS1FeIF9LJDfxVGtU9nDsE_NG9aK-MOmb0&q=SH+Medical+Centre+Reviews&sa=X&ved=2ahUKEwjB3ebIvcCNAxXzamwGHavxADEQ0bkNegQIMRAE&biw=1422&bih=650&dpr=1.35
cap26ki,https://www.google.com/search?client=ms-android-vivo-rvo3&sca_esv=dbe254cb7a111d38&sxsrf=AHTn8zqwWyR75QvrImnBz6OyDYf2KWQhDA:1747216368802&q=skindays+reviews&uds=ABqPDvwe9RQn7_V4etd5amrOZzizJ_1-5TZQpBI6d_a99OWq0_SrG0fcyFY2TtEJ50ihgqOVLL62wgGJHApWE3UHzczB-yTQKKv2eXLCb9c-uRMEiI-D8Q4SVExNYNCgIWvWaQs5XG5LCnapZKy5aRr1Ijt1qyC_baqt-qAjtfY5o-iVEOeMRXTBkvm8EovrLvI8v8tmUOYlGgUcEqhsOVDyrz_FB-f8N577xaJEZLgFtL-UQkK0P38ynaB0UTgIfw7mspQt0JZhCadIYkNSIBbS_aeQYDpdmaeP-PNAsMnZlNOY2xvuR5CffuTLlYNPxG0Mmqbk-CjNyni2DO13dlFKDGWy34oW5U67voILYE-jRoFf92KUweN-1aSHpVsnNMFKbsM9xGL9NQkm4uPoeHypQF4lk8V8rrT4sDXCbicDa1X6YP75ei2_r8WOpp4wPwJjfp_K5_-wE_t1U_lNw3KYaXiKfpGuYUZsjp3Mgf2g_NY9qaP2sui4YBiJAdCbf9-fDpgo8AEE&si=APYL9bs7Hg2KMLB-4tSoTdxuOx8BdRvHbByC_AuVpNyh0x2KzT9ZL2riyLcuBGOs4ml_e1kx_2fBWmm3J8i2CI68fQDe5Mnc1NZWuViWcM1XEG2M8qj_tHe8Lv5ahEJ-r21JZb66Lbaj&sa=X&ved=2ahUKEwjOmYiY2KKNAxWKd2wGHbJ0MgsQk8gLegQIIxAB&ictx=1&biw=392&bih=742&dpr=2.75#ebo=1
sxx31mk,https://www.google.com/search?client=ms-android-vivo-rvo3&sca_esv=dbe254cb7a111d38&sxsrf=AE3TifPqPBE8lD634s7qbAQkWzbXvMamcg:1748240902837&si=AMgyJEtREmoPL4P1I5IDCfuA8gybfVI2d5Uj7QMwYCZHKDZ-EzSD8dmRY5gxMcrqXvXTm_dCO3A7yMNGNItW5ygn5sckcH_2ge3XXVACrKHPu43jvKQj5jhN-lcw83cglkiES7kO9Pck&q=TLC+SKYN+Reviews&sa=X&ved=2ahUKEwirgPvvwMCNAxWOzjgGHRT4B0EQ0bkNegQIHhAE&biw=1422&bih=650&dpr=1.35
baa70dz,https://www.google.com/search?client=ms-android-vivo-rvo3&sca_esv=dbe254cb7a111d38&sxsrf=AE3TifN-1xCcz_9By5ruXoz9EyY6YG9VZg:1748241371130&si=AMgyJEtREmoPL4P1I5IDCfuA8gybfVI2d5Uj7QMwYCZHKDZ-E-iMyVXzCGR6a8zafOEqhIMSHwFWFSFxkRXt2QJINz6pA868w9iLT5jBZUReItkZbt2PFW1aSyHN6H9OKynRi9hC_ObC&q=Dr.+P.T.+Pillai+Reviews&sa=X&ved=2ahUKEwi6uKHPwsCNAxVYwjgGHdkVAdkQ0bkNegQIIhAE&biw=1422&bih=650&dpr=1.35
vzt92ka,https://www.google.com/search?client=ms-android-vivo-rvo3&sca_esv=dbe254cb7a111d38&biw=392&bih=742&sxsrf=AHTn8zq6jsNcXU1QImowqgl0hcJ4Tjamwg:1747217225988&q=dr+m+l+d+unnithan+clinic+reviews&uds=ABqPDvw8hOfrMq6fHksN4NiANQ5YTBYEVABer40lHsrpgp3W9J_3bmnWjHaAEIcLJBJo46s8d5nlfDUaABfH-ku_OlgOmv7yrfMYZxcLkErLMZTOhlssv9UdAAyPGtlCXwPZJIq4mI1TLfEGps60y6oP1taCBVb6TYFxwA5il_JTOpyOWDV2z3WJekGgd5kQhr7vbh_ahFI0U1fVfR2_XuE7PmaYzR8Ywn5CmlyH9GKIe2VJM57HlX-GRl558n-zj--r4Z4ZCA2tpzBs5j8cydAWhtrdBGjM2kDID8f1OFVw5DBzwGBYSmdE6JUnLudPhIUFg3wp1aWnv8wBNsN4XE__x2bBq2lRRzUEfMqS-_lidkWnqVlRFsp7GmMMa9sPz9zPhMmya-S_kWNjfJS7KjzIq2KDJE7DfQ&si=APYL9bs7Hg2KMLB-4tSoTdxuOx8BdRvHbByC_AuVpNyh0x2KzY6aU-pxRPK4SNeIb9gtiSl15hb3AhFeC9LfQa9w2U_gfQw4zaypJr7OhS0GrsJNOXofwFm6SyPKMnvXl63MWf7Wt48poufdmAcnsKO9VWBrq7pinw%3D%3D&sa=X&ved=2ahUKEwinzOaw26KNAxXRnK8BHbLdMVoQk8gLegQIHhAB&ictx=1#ebo=1
psb63gk,https://www.google.com/search?client=ms-android-vivo-rvo3&sca_esv=dbe254cb7a111d38&sxsrf=AE3TifMO-ldDhRXADlCjMoYPCQK6O3zjYg:1748242374563&si=AMgyJEtREmoPL4P1I5IDCfuA8gybfVI2d5Uj7QMwYCZHKDZ-E9b099U_oKKzQemohoA2fnU4_uc4jAydMNbtHmdWl0qfel7MprQUrGSLFH1l75PcsA67EpV1tTjo0bbZMkpg7uUFIWurjrnW8kh-_3F7wb7C88mV5w%3D%3D&q=Skinn+Health+By+Dr.Shruthi+Reviews&sa=X&ved=2ahUKEwiNjt6txsCNAxWJRWwGHQG7KoQQ0bkNegQIPhAE&biw=1422&bih=650&dpr=1.35
wsy52fq,https://www.google.com/search?client=ms-android-vivo-rvo3&sca_esv=dbe254cb7a111d38&cs=1&sxsrf=AE3TifOnRJfRtoyJqhJKgSzfVSWiVbC_zw:1748242550918&si=AMgyJEuzsz2NflaaWzrzdpjxXXRaJ2hfdMsbe_mSWso6src8swU_c38FDyOuwihPf7Stwe-Jsp_KrY1hRte0qX9e0O01fPu9bY2aSTgokDalM_A15JP4CGphptGrdb6-xWPKhUDGAErX93IpA9ozDrbb1VJdJFKPlo8aDvfnF3JiFEE4aMXUXS0%3D&q=Yogiraj+Centre+For+Dermatology+%26+Cosmetology+Reviews&sa=X&ved=2ahUKEwjbguqBx8CNAxXnV2wGHb_qNvMQ0bkNegQILhAE&biw=1422&bih=650&dpr=1.35
zmz17xs,https://www.google.com/search?client=ms-android-vivo-rvo3&sca_esv=dbe254cb7a111d38&sxsrf=AE3TifMi3x2W6kmIY9ILUyYHLvvI_BGOoQ:1748242708645&si=AMgyJEvkVjFQtirYNBhM3ZJIRTaSJ6PxY6y1_6WZHGInbzDnMamwr2Ac_mcP04NWFU8mNjcIf8LKAz7Vf0WhIzn8kcIlEDO0PZGBUVOyXF1Km5ROifzaV6NmGnf5AOyuMSpdsFm60EUFufZsA6cRgLd1pcPpRcnInw%3D%3D&q=KIMSHEALTH+Hospital+Trivandrum+Reviews&sa=X&ved=2ahUKEwim8ITNx8CNAxU3RmwGHThjGQ4Q0bkNegQIPRAE&biw=1422&bih=650&dpr=1.35
atg74ij,https://www.google.com/search?q=dr+sunil+kumar+dermatologist+trivandrum&client=ms-android-vivo-rvo3&sca_esv=dbe254cb7a111d38&biw=1422&bih=650&sxsrf=AHTn8zoYB2lraVxEsp7tJcPTAnSr_uNxEA%3A1747996969451&ei=KVEwaM-rG7qkvr0Pg-2NyQQ&oq=Dr.++Sunil+kumar+TRIVANDRUM+clinic&gs_lp=Egxnd3Mtd2l6LXNlcnAiIkRyLiAgU3VuaWwga3VtYXIgVFJJVkFORFJVTSBjbGluaWMqAggBMgQQIxgnMggQABiABBiiBDIIEAAYgAQYogQyCBAAGIAEGKIEMggQABiABBiiBDIIEAAYogQYiQVIzogCUM0QWI3uAXACeAGQAQCYAe0BoAGDDKoBBTAuNy4yuAEByAEA-AEBmAIKoAKkC8ICChAAGLADGNYEGEfCAgcQIxiwAhgnmAMA4gMFEgExIECIBgGQBgiSBwUyLjYuMqAHyzOyBwUwLjYuMrgHkgvCBwUyLTkuMcgHQg&sclient=gws-wiz-serp&lqi=CidkciBzdW5pbCBrdW1hciBkZXJtYXRvbG9naXN0IHRyaXZhbmRydW1I6-rV3eWAgIAIWj0QABABEAIQAxgEIidkciBzdW5pbCBrdW1hciBkZXJtYXRvbG9naXN0IHRyaXZhbmRydW0qCAgCEAAQARACkgEQc2tpbl9jYXJlX2NsaW5pY5oBJENoZERTVWhOTUc5blMwVkpRMEZuU1VOWGFsQmhWV2gzUlJBQqoBcxABKiAiHGRyIHN1bmlsIGt1bWFyIGRlcm1hdG9sb2dpc3QoADIgEAEiHLYHosDiv1ZBQcJeDbXbcOKG4rbbtpLUE1XBQGAyKxACIidkciBzdW5pbCBrdW1hciBkZXJtYXRvbG9naXN0IHRyaXZhbmRydW36AQQIABA_#lkt=LocalPoiReviews&rlimm=2224447212046623232
hgs00pk,https://www.google.com/search?sca_esv=a4b38bb1e8b0b431&rlz=1C1CHBF_enIN1136IN1136&sxsrf=AE3TifMd20491_Hf6ERUhvwxAdjTPajobg:1750417187207&si=AMgyJEtREmoPL4P1I5IDCfuA8gybfVI2d5Uj7QMwYCZHKDZ-E-T7HhQ9HPSxeFPYZrPwgG-UWPl0DK3_A8NU7vzU7fj046lE9LXXuBooOsRPBXW_YFqatUB3Yzk7QuMLvLZoVa63yW-rHQ4dI_T19FnUprYwFEuObA%3D%3D&q=Healios+Cosmoderma+Reviews&sa=X&ved=2ahUKEwi1y5uV7P-NAxWixDgGHUGvDNYQ0bkNegQIIBAE&biw=1536&bih=730&dpr=1.25
tah66lb,https://www.google.com/search?client=ms-android-oppo-terr1-rso2&sca_esv=8cb62c52412f1e47&hl=en-GB&cs=1&sxsrf=AE3TifOt0F-KYlpfGmKYPQy4OlAppgaBVg:1750417820826&si=AMgyJEtREmoPL4P1I5IDCfuA8gybfVI2d5Uj7QMwYCZHKDZ-E71pYXRiWV0RBx_FWUX4s7hCXCFEX1V2YmkzXQMcn-aKFAkJ-nx28IcsK357HmDidC3qQ17DbiaAploF9IS8NGFtooH0PLM1GLUI45SZHZ1EvSr38g%3D%3D&q=Dixit+Skin+And+Ortho+Care+Reviews&sa=X&ved=2ahUKEwit3azD7v-NAxX6oWMGHa_7D6QQ0bkNegQIKBAE&biw=1536&bih=730&dpr=1.25
ubb17fo,https://www.google.com/search?client=ms-android-oppo-terr1-rso2&hl=en-GB&cs=1&sca_esv=8cb62c52412f1e47&sxsrf=AE3TifMxzqkqf3nawSEjdtbGvh0L_Sbr_Q:1750417726972&si=AMgyJEtREmoPL4P1I5IDCfuA8gybfVI2d5Uj7QMwYCZHKDZ-E5viDAHCS0ojoCK2YsJ2NYCAdu8n5BhITpoMGnzR57ItNCE_Rz7FB9Rzdqd-KJu1mAy1oQkcdflkY1Q_oQWHw4RyOTI1EKenxvySrZk0ZDfa8UbBGzxlWtcU3IePpCrrEvP_4hpcg-HbgAm8st6H4VsHE-r_wr_a3i2yBt8ApbF7aLyMNgsXnwO1zLD0O7zGKSJiG4Y%3D&q=Shreyas+clinic%E2%80%9D+Dr+Nandini+A+S+-+Derma+%26+Dr+Banu+Prakash+A+S-Neuro+care+centre+Reviews&sa=X&ved=2ahUKEwjAl8yW7v-NAxWd-zgGHTviHmYQ0bkNegQIHRAD&cshid=1750417844179296&biw=1536&bih=730&dpr=1.25
npy99kf,https://www.google.com/search?sca_esv=a4b38bb1e8b0b431&rlz=1C1CHBF_enIN1136IN1136&sxsrf=AE3TifNaQmVnvc1uvFrlIyZK0VDR5jr2sA:1750418080835&si=AMgyJEtREmoPL4P1I5IDCfuA8gybfVI2d5Uj7QMwYCZHKDZ-E47V7CKtStcezGhieMvgRGWy5x98QL8ZbEQ-IgnJw92VSViGD_10muUWBtVcJMpjcmnRS8QJKSvXo3lT5CoA0KaNsbPuU_LL2QLbKdtP8YckDhlScQ%3D%3D&q=Kara+Skin+and+Hair+Clinic+Reviews&sa=X&ved=2ahUKEwiWsaq_7_-NAxWjzzgGHVfIE2MQ0bkNegQIIxAD&biw=1536&bih=730&dpr=1.25
wjx92cu,https://g.co/kgs/7rQm4H1
keo47xv,https://g.co/kgs/Hw8D5h3
mnr61ng,https://www.google.com/search?sca_esv=8cb62c52412f1e47&hl=en&gl=in&sxsrf=AE3TifN9LlXcpsIkh0E-WXaGEPlXaIYZxw:1750418853622&si=AMgyJEtREmoPL4P1I5IDCfuA8gybfVI2d5Uj7QMwYCZHKDZ-E3qNbZHVCooxDdplfweluuD-zOsiuSnxxQbT0N_-IJe_SDzbiaEV9B2j76Nay3IayieaYbN2GIBmj7cR-QFmRcVxZywz9X_FFkXXPczxI-A83RxSfYs87wOivLcPNln9vDj-gNk%3D&q=Dr+Asmita+Dhekne+Chebbi+%28+Amber+Clinic%29+Reviews&sa=X&ved=2ahUKEwibvumv8v-NAxVy3TgGHYd_GZMQ0bkNegQIHBAD&biw=1536&bih=730&dpr=1.25
ogh55xo,https://www.google.com/search?sca_esv=a4b38bb1e8b0b431&rlz=1C1CHBF_enIN1136IN1136&sxsrf=AE3TifMf3nLOCw_L8CS6UZh3bNg4K3Q6RQ:1750418918243&si=AMgyJEtREmoPL4P1I5IDCfuA8gybfVI2d5Uj7QMwYCZHKDZ-E8y9B8AgfuFjdH6_57U07HNVwdMB5FOFT3RpKLb6HJVrx0Ku_LG0FharEKfkE8BCU39EOmJqgwu48r5e62rwcXa_pmzpCFWGhsjbRBSXns3TpMEgvg%3D%3D&q=Dermacare+Skin+and+Hair+Clinic+Reviews&sa=X&ved=2ahUKEwjb1tHO8v-NAxXsyzgGHZUZNf4Q0bkNegQIIRAE&cshid=1750419041070930&biw=1536&bih=730&dpr=1.25
jwt01ia,https://www.google.com/search?sca_esv=a4b38bb1e8b0b431&rlz=1C1CHBF_enIN1136IN1136&sxsrf=AE3TifMv47ObiFWaiJO50PrJwGS-uzQHZQ:1750419055288&si=AMgyJEtREmoPL4P1I5IDCfuA8gybfVI2d5Uj7QMwYCZHKDZ-E89Vc7A-6Gs3zatyjJ90qg3FF-kJcFuS1QgAiUwKDmP-XaiBGDgSzErY8PFOphZaIi3-pV1ka_JAqPH4RGIlUXf8tnxK&q=iSkin+clinic+Reviews&sa=X&ved=2ahUKEwiAo_6P8_-NAxXD1zgGHcQ9BmsQ0bkNegQIRxAD&biw=1536&bih=730&dpr=1.25
cdw93ed,https://www.google.com/search?sca_esv=0a98b2bc55ee97cf&rlz=1C1CHBF_enIN1136IN1136&sxsrf=AE3TifMqUmGIjTgCCxm8X_0RqI8Y1_iRKw:1750419137619&si=AMgyJEtREmoPL4P1I5IDCfuA8gybfVI2d5Uj7QMwYCZHKDZ-ExRt1dVZSXu-rbKgiZ4dviZncRusgFaEDRut9OdPDchx4ywamMZTh2UgZL04POx_eJqU2WO67QF5vTtZ_-75SYIFkaRDstzxtbrGGaelw46z_Eot71l99AmmgToCtKW6bmYXFtw%3D&q=Dr+Jyothshna%27s+Skin+Hair+%26+Laser+Clinic+Reviews&sa=X&ved=2ahUKEwjfgZ-38_-NAxVKwTgGHRu4J9wQ0bkNegQIJhAE&biw=1536&bih=730&dpr=1.25
fqp48nz,https://www.google.com/search?sca_esv=a4b38bb1e8b0b431&rlz=1C1CHBF_enIN1136IN1136&sxsrf=AE3TifMWIFI7azRwjwA6O_9mBdaN2tkrAg:1750419227704&si=AMgyJEtREmoPL4P1I5IDCfuA8gybfVI2d5Uj7QMwYCZHKDZ-E-p_H_ODWirPy62LeaBhpHbJcMK4By_Hv77_y2HpudamcofNqOduQn9Xr5stuR3Nn89dQfD8KPzqPzdXi7wO5T17RvzkCfXZOrgyLlHKpunRMZ8MJg%3D%3D&q=Think+Skin+Clinic+Reviews&sa=X&ved=2ahUKEwjW4Zni8_-NAxVZ1jgGHYG8PEEQ0bkNegQIIhAD&biw=1536&bih=730&dpr=1.25
xnl49jx,https://www.google.com/search?rlz=1C1CHBF_enIN1136IN1136&sca_esv=a4b38bb1e8b0b431&cs=0&sxsrf=AE3TifMwil7My6as3dx02upL6bt3oGizOw:1750427316102&si=AMgyJEtREmoPL4P1I5IDCfuA8gybfVI2d5Uj7QMwYCZHKDZ-EwBT1p3qXs2JyUC15PG5NKIgUv71RZsoMjB7Rkh6IbVVxj57tSi0xWwWHgrwj58d7dq06KUha1Qh_sMmrKA_1TL0PyMR&q=Dr.+Sowmya.+M+Reviews&sa=X&ved=2ahUKEwiFs4bzkYCOAxUDyDgGHQh9J-UQ0bkNegQIKxAE&biw=1422&bih=650&dpr=1.35
vfk17jb,https://www.google.com/search?rlz=1C1CHBF_enIN1136IN1136&sca_esv=a4b38bb1e8b0b431&cs=0&sxsrf=AE3TifM9KOvrJRmFuyvU_NfvnlaAEcYkDA:1750427573012&si=AMgyJEtREmoPL4P1I5IDCfuA8gybfVI2d5Uj7QMwYCZHKDZ-E8hlal-st5bT5MBfh2WN8Mg5xBcioYPYIG_vhop-umnY7AawTskbXhs1rOzNGh3aK5qqp8PDS1NFcBLnv9QnFJMOT-WgFiBCyv3h15Ex0j131s_xbA%3D%3D&q=Navya%27s+Skin+%26+Hair+Clinic+Reviews&sa=X&ved=2ahUKEwjj98btkoCOAxUyyqACHSmBEMcQ0bkNegQIJxAD&biw=1422&bih=650&dpr=1.35
uwa24df,"https://www.google.com/search?rlz=1C1CHBF_enIN1136IN1136&sca_esv=0a98b2bc55ee97cf&cs=0&sxsrf=AE3TifMg-EIGE-2I29mzHanBSBD0S3R8BA:1750427362634&si=AMgyJEtREmoPL4P1I5IDCfuA8gybfVI2d5Uj7QMwYCZHKDZ-E60GENlbUpK5-GDxy9GE7M7P8GOpFzwjAvjQ7gV7Wd0bqmE3CUHX6zH3RK8TBDXIcWCEhOV9HuyWvdhxQDMHaFXW5_nXbMvWlQGuIDL0k1bLW77Y-ZDP0HAmPlj3tYsYHB1rVgw%3D&q=Dermazen%2B+Clinic+-+Skin,+Hair,+Laser+Reviews&sa=X&ved=2ahUKEwjinJ6JkoCOAxXwxDgGHc6yHlQQ0bkNegQIJRAE&biw=1536&bih=730&dpr=1.25"
rhh85ji,https://www.google.com/search?sca_esv=a4b38bb1e8b0b431&rlz=1C1CHBF_enIN1136IN1136&sxsrf=AE3TifN8_mp_k1c8pc2fcPZWuSN6wWXfxg:1750427642188&si=AMgyJEtREmoPL4P1I5IDCfuA8gybfVI2d5Uj7QMwYCZHKDZ-E8-Zsv3f4MvUVB-OmClKkBkKIm3nBKl0GhIEsRYDB3YIXI3rjUjizOzwtAToGQIpcye1N55r3aYu-aWX9k3M1DHHDEPGRGRqJK1XPcC6GombIzD2cA%3D%3D&q=Dr.Renu%27s+Skin+%26+Hair+Clinic+Reviews&sa=X&ved=2ahUKEwiehsWOk4COAxVhxTgGHX79JfUQ0bkNegQIIhAE&cshid=1750427834151892&biw=1536&bih=730&dpr=1.25
czr55ce,https://www.google.com/search?sca_esv=0a98b2bc55ee97cf&rlz=1C1CHBF_enIN1136IN1136&sxsrf=AE3TifOtjRUnxosn2S7fPWjrTRNxPMkghg:1750427671466&si=AMgyJEtREmoPL4P1I5IDCfuA8gybfVI2d5Uj7QMwYCZHKDZ-E3-QJrv9ilubniclnX9RJ_2h1JagXlzZIwxMz0Gyh1zQWutHbbGUncS57gyc95a37ynzTtS6iJHRBJdbG7jgbUU09cFI&q=Pelure+Clinic+Reviews&sa=X&ved=2ahUKEwjDgsCck4COAxX2yDgGHXuyOxYQ0bkNegQIOhAE&biw=1422&bih=650&dpr=1.35
nwi16sw,https://www.google.com/search?sca_esv=0a98b2bc55ee97cf&rlz=1C1CHBF_enIN1136IN1136&sxsrf=AE3TifOe8sjrIfXrUruiKkaZtzgl8C7WYg:1750427818220&si=AMgyJEtREmoPL4P1I5IDCfuA8gybfVI2d5Uj7QMwYCZHKDZ-E99-bOrGF_TxJW56VOlMZIZP-B2M8vPVo-94joYhUbGCQSxHPTTuGMzWB2sS-zAN_J90PWVVxO5qA4giYct4GF0Faq4U991E9VjmB18vP7QBCKiwbA%3D%3D&q=Baktha+Skin+Clinic+Reviews&sa=X&ved=2ahUKEwjhib3ik4COAxUpwTgGHQJ3PN0Q0bkNegQIGhAD&biw=1536&bih=730&dpr=1.25
kmo45ec,https://www.google.com/search?client=mobilesearchapp&sca_esv=ea28a01ba0d65b63&channel=iss&cs=1&hl=en_GB&rlz=1MDAPLA_en-GBIN1084&v=363.0.743255906&sxsrf=AE3TifNZQOFNr_d5c2apr9b4pMjbmiTVmA:1750243634661&si=AMgyJEtREmoPL4P1I5IDCfuA8gybfVI2d5Uj7QMwYCZHKDZ-Ey4gAt01i4fSyVlx3pWEQBbeVcqQ9xfr-9a5GIDvhv3Hs6JaOH_sfu_VPwQaeGeTm3yBAZ4vNrrREte7jVKISImWKEyF&q=Dr.+R.P+Singh+Reviews&sa=X&ved=2ahUKEwid6_TQ5fqNAxWJ3TgGHX53FsAQ0bkNegQIJxAE&biw=1280&bih=551&dpr=1.5
hom65px,https://www.google.com/search?sca_esv=0a98b2bc55ee97cf&rlz=1C1CHBF_enIN1136IN1136&sxsrf=AE3TifM0KVGZs0R1SCeshOwZqfB_Zuz22w:1750427864326&si=AMgyJEtREmoPL4P1I5IDCfuA8gybfVI2d5Uj7QMwYCZHKDZ-E16f7aiirxaYbzMpF2_Vdpvc8TjdbtJL9iNnrO7oZs8deWi4x0lSY4jtg59qamevsrje_o_ePab9DTaje3b7HG3SwAySDDE_HlwEZj_wtwzDkRowODi9gzjA1BViPILTt8cc_wY%3D&q=Resolute+Care+Skin+and+Cosmetic+Clinic+Reviews&sa=X&ved=2ahUKEwiOqbv4k4COAxUv4zgGHfbWOY0Q0bkNegQIJhAD&biw=1422&bih=650&dpr=1.35
mdk97fu,https://www.google.com/search?sca_esv=c84d58b8500b5299&sxsrf=AE3TifMEZDR0glOvfic644rGGNOxJCdS7w:1750427978532&si=AMgyJEtREmoPL4P1I5IDCfuA8gybfVI2d5Uj7QMwYCZHKDZ-ExrDqqDIMOuyF13EI7EaXn3wjvqQ9FLjN8tFmgH4FSRE7IxFZrlPTXi_PkSsO3fiLKzTlsHdjdXxetGZhzj9MaRT6EhX0FR_pgQmxPn9p-hFCSjnbA%3D%3D&q=Dr.Gaurangi%27s+Skinworks+Reviews&sa=X&ved=2ahUKEwj35_WulICOAxUN9qACHeeQG7wQ0bkNegQIKBAD&biw=1536&bih=730&dpr=1.25
ltq71uv,https://www.google.com/search?client=ms-android-oneplus-terr1-rso3&sca_esv=75dd18850f6fd0ba&sxsrf=AE3TifOruTWutMy7aM2hKZLa372bMZ1DgQ:1750427801740&si=AMgyJEtREmoPL4P1I5IDCfuA8gybfVI2d5Uj7QMwYCZHKDZ-E5isx2McWOMtrIQRXEppbLEwEACblL6FJBddVYssNQ93zhwzfgdHCs6yuLcEtmnTcfQQh6z3z2jDygXQyXXabmXX29GA&q=DR+ARTI+BHASME+Reviews&sa=X&ved=2ahUKEwiopM_ak4COAxUg2jgGHbKqN-cQ0bkNegQIPRAE&biw=1280&bih=551&dpr=1.5
lpq87bf,"https://www.google.com/search?sca_esv=f96236a721133e6f&sxsrf=AE3TifNP9z-aNpObYec9cHdc0K1vS3_VOw:1750340367002&si=AMgyJEtREmoPL4P1I5IDCfuA8gybfVI2d5Uj7QMwYCZHKDZ-E-a8Jwp2lN9irii5x3ViXAC4Ow6IyNvZo9wGWr--cBeNhUQCHaqd2GgjxN-Av8IO92YdzxHT2OS3eRQWC7b-oQME1UHS_apRAj9nVAjazDcWj2CANyA1Sb0KgaQ1axq8_UEkYNM%3D&q=DermaCar%C3%A9+Skin,+Hair+and+Cosmetic+Clinic+Reviews&sa=X&ved=2ahUKEwjUt77-zf2NAxXFw6ACHUJzDK0Q0bkNegQINBAD&biw=1280&bih=551&dpr=1.5"
bfe49qm,https://www.google.com/search?sca_esv=bde474a155d49021&rlz=1C1ASUM_enIN733IN733&sxsrf=AE3TifOl8GYscLEeRqEgKtw0l6bgBeVJWg:1750427488746&si=AMgyJEtREmoPL4P1I5IDCfuA8gybfVI2d5Uj7QMwYCZHKDZ-E-HoVEaIbGANHJYz1ANtBZAmU5tOK_Gtw-Ik5CG523dfzl1Q4zYtVWvQWq8D0-TbtIYW34EKWwu3NQZO7AZWkv062tGw46H4XAHTvhLPnoQfBAH6lQ%3D%3D&q=Dr.+Laxmi+Narayan+Dubey+Clinic+Reviews&sa=X&ved=2ahUKEwisz6_FkoCOAxXFSGcHHXvhFxYQ0bkNegQIJBAD&biw=1280&bih=551&dpr=1.5
ejd30xe,https://www.google.com/search?sca_esv=c84d58b8500b5299&sxsrf=AE3TifOYi6X7_Fffqsqdb_WFk6eIsUmyDg:1750427689542&si=AMgyJEtREmoPL4P1I5IDCfuA8gybfVI2d5Uj7QMwYCZHKDZ-E3qeaGNuXrUZX4aDWrdHw-uZddFPf_-qKCwiwWaQ5XdtX6LE4Nwu9OAX2vLs9BKLL8sYHgTJXNlXUjUq8VOwh1meDmB-D9zOOkTfCI-yJhM6a0uVG5Mbo21j9IQJPNqBZpFDh6M%3D&q=Dr+Avinash+Sharma+skin+%28dermatology%29+clinic+Reviews&sa=X&ved=2ahUKEwiKqo-lk4COAxXH_6ACHWwfFakQ0bkNegQILxAC&biw=1280&bih=551&dpr=1.5
kai69nh,https://www.google.com/search?sca_esv=c84d58b8500b5299&sxsrf=AE3TifOYwaMPVSkFdTI6lx99PmDJE4O1MA:1750428342115&si=AMgyJEtREmoPL4P1I5IDCfuA8gybfVI2d5Uj7QMwYCZHKDZ-E-jDaHeE0mppYWhekrXcjC5VoKjT3mJXlJpOJUUO-QW7sIsPsdMF88ARi-2hLpk-RpY7jXewd1uICcjZXcrJ_n91stchvOIyPYbex8ppe8T44I2vJau0yEkReoGkmNp9af6HJeQ1WSAcwe84Sr0Hy8SFsJQg&q=TT+HOSPITAL+Best+Multispeciality+Orthopedic+Trauma+Skin+Surgery+Reviews&sa=X&ved=2ahUKEwj7mKXclYCOAxWlUGcHHfEbAoUQ0bkNegQIJxAD&biw=1280&bih=551&dpr=1.5
hdi76vq,https://www.google.com/search?sca_esv=fd82287142e91de9&hl=en-US&gl=in&sxsrf=AE3TifPeVh5AHB4d4tqABJ1fTCAoN3BlZw:1750428178209&si=AMgyJEtREmoPL4P1I5IDCfuA8gybfVI2d5Uj7QMwYCZHKDZ-Eyg5ILacyFen8DGtrXhmiCTN0EyUrXONX2fPPQXAUtYlpYFjPZEjVJg1C-u_CqikBqWKAYabUDbfMhGbl54xI0DY_sPvBss6j-rp2pn8p8_45_PXjA%3D%3D&q=Dr+Chetan+Sharma+Reviews&sa=X&ved=2ahUKEwiVlZGOlYCOAxVCxzgGHQXoPBEQ0bkNegQIHBAD&biw=1422&bih=650&dpr=1.35
mfr69we,https://www.google.com/search?sca_esv=c84d58b8500b5299&hl=en-IN&sxsrf=AE3TifPZS88nomLMUip8s8qyUcIN8mO8Cg:1750428149152&si=AMgyJEvkVjFQtirYNBhM3ZJIRTaSJ6PxY6y1_6WZHGInbzDnMdEEiqcXvXPtx1t_zTxynMLa_TshVKAxP-UGA-RVAYq8EWo3ZBUrwVTn09OYn2aKRJMaZyCNxHIEQaW3eUM7TyeWa02jtqaoXiU9EBeblRYbsT9rMw%3D%3D&q=Dr.+Rajeev+Jain+Clinic+Reviews&sa=X&ved=2ahUKEwj906OAlYCOAxUHR2wGHRxOFdQQ0bkNegQIHxAD&biw=1280&bih=551&dpr=1.5
kss45gn,https://www.google.com/search?sca_esv=c84d58b8500b5299&rlz=1C1VDKB_enIN1147IN1147&sxsrf=AE3TifOjI6hEqmUPji6-GTvCDn8xIibJqQ:1750428053599&si=AMgyJEtREmoPL4P1I5IDCfuA8gybfVI2d5Uj7QMwYCZHKDZ-EyWB1kKSFcG-hrzGDBx38a2Sqcta0pehC4KVAAknguYI6sWtbmsjucj5WbRPC37WgrfWPSiFTGFOc83fYbaJuzZTDmbNE1EANlZBjSj1Sd70g74-RzcWhj3-d4DcsI6x6EepG9s%3D&q=Tejas+Skin+%26+Care+-+Dr+Vinod+Sharma+Reviews&sa=X&ved=2ahUKEwjjytvSlICOAxX_xzgGHcb5E4wQ0bkNegQIIBAD&biw=1422&bih=650&dpr=1.35
qew35kc,"https://www.google.com/search?sca_esv=fc0aef96463ae886&hl=en-GB&gl=in&sxsrf=AE3TifMEXudy-A2LFr4yIvI9PD7cyri7Ow:1751438686722&si=AMgyJEtREmoPL4P1I5IDCfuA8gybfVI2d5Uj7QMwYCZHKDZ-E7NtFJKh9C7g2Dpk_OJ2KZNwpJjHmnJ1Gow28wMhGse0Yutnc0Q2SFL6kvw8pozILxDtQVLZv9lv4Io8TDTDtyRW3MHhxPIiU3j99Lesg2D8DYu_ucZTvGSew6SDgqdq_yhJrJLgsuH84uT-_HhCIxOmUyLTm2X12soa_Y3cuUyx5LqdBLHlw1JVdHum_Ek7TPkQMTBcC5wp4EYtwmnJKDDdtw2N&q=Dr.+%28Major%29+S.+S.+Sachan,+MD+%28Dermatology%29+Consultant+Dermatologist,+Trichologist+%26+Cosmetologist+Reviews&sa=X&ved=2ahUKEwjim5LGyZ2OAxUhzzgGHdDvMJgQ0bkNegQIIBAE&biw=1280&bih=551&dpr=1.5"
tkd23xk,https://www.google.com/search?client=ms-android-vivo-rvo3&sca_esv=eee3cc9543ede721&sxsrf=AE3TifNQ2H7p4T39U7XmP4wKFykNy9pcdw:1751440686375&si=AMgyJEtREmoPL4P1I5IDCfuA8gybfVI2d5Uj7QMwYCZHKDZ-E8jBfuEYVUEQ9hypObQcOhpnkmc80r53tXc7L0Uby99MckDb6pPJByz5oTuLfjOITn9eu_gzRhCets-i6S0VQc5kPHaAtyyZSi1ms_V0S1aVjvjEyg%3D%3D&q=Dr.Torsha+Haldar+Chamber+Reviews&sa=X&ved=2ahUKEwiHpNP_0J2OAxVS3jQHHbokHxEQ0bkNegQIJxAD&biw=1280&bih=551&dpr=1.5
